review_id,customer_name,age,brand,model,price_usd,price_local,currency,exchange_rate_to_usd,rating,sentiment,country,language,review_date,verified_purchase,battery_life_rating,camera_rating,performance_rating,design_rating,display_rating,helpful_votes,source
33554,Atharv Gera,18,Apple,iPhone SE,761.54,₹63207.82,INR,83.0,3.101813926272674,Neutral,India,Hindi,2025-10-10,True,3,3,5,3,2,3,Amazon
9428,Nicholas Coleman,29,Apple,iPhone 13,958.42,د.إ3517.4,AED,3.67,2.0,Neutral,UAE,English,2024-10-30,True,1,1,1,3,1,1,eBay
200,Enzo Vieira,18,Apple,iPhone 13,1311.55,R$7475.84,BRL,5.7,2.0,Positive,Brazil,Portuguese,2024-02-11,True,2,1,1,2,2,4,BestBuy
12448,Matthew Wu MD,23,Apple,iPhone 15 Pro,924.81,,CAD,1.38,3.0,Neutral,Canada,English,2024-09-04,True,5,3,2,3,4,3,Amazon
39490,Ariel Huang,24,OnePlus,OnePlus Nord 3,669.4,C$668.25,CAD,1.38,4.0,Positive,Canada,English,2023-11-09,True,4,3,3,3,3,4,eBay
42725,Dr June Fowler,23,Google,Pixel 6,850.93,£663.73,GBP,0.78,3.0,Neutral,UK,English,2024-09-12,False,4,4,3,3,2,1,Amazon
10823,Brooke Lane,23,Apple,iPhone 13,875.13,$875.13 ,USD,1.0,4.0,Positive,USA,English,2024-03-09,False,3,3,4,3,4,6,BestBuy
49499,Viraj Chahal,32,OnePlus,OnePlus Nord 3,680.88,₹56513.04,INR,83.0,1.0,Negative,India,Hindi,2025-05-22,False,1,2,1,1,3,3,
4145,Scott Grant,43,Google,Pixel 7a,1003.38,د.إ3682.4,AED,3.67,2.0,Negative,UAE,English,2025-06-08,True,3,2,1,2,1,4,AliExpress
36959,Keith Contreras,29,Apple,iPhone 14,840.28,C$1159.59,CAD,1.38,4.0,Positive,Canada,English,2025-09-17,True,4,3,4,4,3,6,Flipkart
43107,Grace Sanchez,18,Google,Pixel 7a,901.42,C$1243.96,CAD,1.38,4.0,Positive,Canada,English,2023-03-17,True,5,4,2,3,2,3,BestBuy
38696,Mark Blanchard,23,Apple,iPhone 15 Pro,1452.85,A$2222.86,AUD,1.53,3.0,Positive,Australia,English,2024-12-12,True,2,1,2,3,2,4,Amazon
6189,Andre Metz,31,Google,Pixel 7a,1043.27,€970.24,EUR,0.93,2.0,Negative,Germany,German,2025-04-19,True,1,1,1,3,3,2,Amazon
1415,João Vitor Correia,46,Realme,Realme 12 Pro,444.63,R$2534.39,BRL,5.7,3.0,Neutral,Brazil,Portuguese,2022-10-24,False,4,2,2,2,5,2,eBay
18472,Michael Griffin,30,OnePlus,OnePlus Nord 3,401.54,د.إ1473.65,AED,3.67,3.1430457746478875,Positive,UAE,English,2024-08-16,True,2,3,4,3,3,5,AliExpress
29283,Anthony Hart,45,Xiaomi,Poco X6,627.31,د.إ2302.23,AED,3.67,4.0,Positive,UAE,English,2022-12-26,False,4,3,4,3,3,4,BestBuy
15178,Sara Correia,36,Apple,iPhone SE,1382.43,R$7879.85,BRL,5.7,1.0,Negative,Brazil,Portuguese,2023-11-23,True,1,1,1,2,1,1,Flipkart
34305,Mr Kenneth Jones,33,Samsung,Galaxy Z Flip,964.77,£752.52,GBP,0.78,4.0,Neutral,UK,English,2025-04-25,False,3,4,3,5,2,4,Amazon
12610,Wilfried Benthin,33,OnePlus,OnePlus 11R,575.26,€534.99,EUR,0.93,2.0,Neutral,Germany,German,2024-09-09,False,1,2,2,1,1,1,eBay
12145,Gopal Kaul,18,Motorola,Razr 40,466.18,₹38692.94,INR,83.0,1.0,Negative,India,Hindi,2024-03-26,True,1,1,1,2,1,2,Flipkart
6114,Jennifer Schmidt,18,Google,Pixel 6,979.05,$979.05 ,USD,1.0,4.0,Neutral,USA,English,2023-05-16,True,4,3,2,4,3,1,eBay
15909,Arthur Gabriel Borges,26,Motorola,Razr 40,553.54,R$3155.18,BRL,5.7,2.0,Neutral,Brazil,Portuguese,2025-03-12,True,1,1,2,1,1,1,BestBuy
822,Ryan Bruce,45,Motorola,Razr 40,775.01,د.إ2844.29,AED,3.67,5.0,Positive,UAE,English,2023-07-22,False,5,3,5,5,5,3,eBay
15119,Carolin Fröhlich,18,Xiaomi,Poco X6,646.98,€601.69,EUR,0.93,2.0,Negative,Germany,German,2024-04-20,False,1,2,3,3,3,2,Amazon
13467,Lucca Cavalcanti,22,Samsung,Galaxy Note 20,1360.54,R$7755.08,BRL,5.7,1.0,Negative,Brazil,Portuguese,2025-03-14,True,1,1,1,1,3,3,Amazon
26498,Ronald Reed,23,Google,Pixel 6,864.83,د.إ3173.93,AED,3.67,3.0,Negative,UAE,English,2022-11-14,True,3,3,2,2,2,3,Flipkart
42112,Jared Ward,25,Realme,Realme 12 Pro,538.07,C$742.54,CAD,1.38,4.0,Positive,Canada,English,2025-08-10,False,5,3,3,3,5,10,Flipkart
30189,Lynn Yu,18,OnePlus,OnePlus 12,843.44,C$1163.95,CAD,1.38,3.0,Positive,Canada,English,2025-03-24,True,3,1,1,3,4,5,AliExpress
37238,Juan Cabrera,26,OnePlus,OnePlus 12,717.54,$717.54 ,USD,1.0,1.0,Negative,USA,English,2024-10-16,True,1,1,2,2,1,0,Flipkart
33110,Howard Meza,18,Xiaomi,Poco X6,213.96,C$295.26,CAD,1.38,2.0,Neutral,Canada,English,2024-02-03,True,2,1,1,3,2,2,Amazon
36481,Dr. Friederike Stadelmann B.A.,30,Samsung,Galaxy Z Flip,1180.09,€1097.48,EUR,0.93,4.0,Positive,Germany,German,2024-11-21,False,3,5,4,4,4,1,eBay
24149,Juan Oliveira,44,Motorola,Moto G Power,280.01,R$1596.06,BRL,5.7,3.0,Positive,Brazil,Portuguese,2024-01-19,False,5,2,2,4,1,6,eBay
5504,Viola Reichmann,35,Samsung,Galaxy S24,604.11,€561.82,EUR,0.93,4.0,Positive,Germany,German,2024-05-25,True,4,3,3,3,4,7,eBay
3919,Anne Duffy,33,Google,Pixel 6,1036.73,£808.65,GBP,0.78,4.0,Positive,UK,English,2023-09-27,True,4,4,4,3,5,5,BestBuy
38479,Leslie Brooks,38,Samsung,Galaxy Z Flip,905.38,C$1416.2,CAD,1.38,3.134886572654813,Positive,Canada,English,2025-04-06,True,4,4,4,4,3,6,eBay
21124,Patrick Mielcarek,43,OnePlus,OnePlus 11R,669.86,€622.97,EUR,0.93,3.0,Positive,Germany,German,2025-02-22,True,3,1,2,2,2,9,Flipkart
49718,Emily Cook,36,Motorola,Moto G Power,393.48,C$543.0,CAD,1.38,3.0,Neutral,Canada,English,2025-06-10,True,3,2,3,3,4,4,eBay
42295,Michael Morgan,40,Samsung,Galaxy S24,888.435,A$1779.45,AUD,1.53,1.0,Negative,Australia,English,2023-07-20,False,1,1,1,1,1,4,Amazon
47610,Manuela Cassiano,48,Realme,Realme 12 Pro,389.01,R$2217.36,BRL,5.7,1.0,Negative,Brazil,Portuguese,2023-07-15,True,1,1,1,1,1,1,Flipkart
11077,Jasmine Rojas,18,OnePlus,OnePlus Nord 3,449.96,C$620.94,CAD,1.38,2.0,Neutral,Canada,English,2024-10-11,True,1,3,1,1,3,2,Amazon
41515,Mark Brewer,37,Realme,Realme 12 Pro,396.41,A$333.83,AUD,1.53,5.0,Positive,Australia,English,2023-10-14,True,5,5,4,5,4,10,Amazon
22063,Hellena Machado,35,Motorola,Moto G Power,394.66,R$2249.56,BRL,5.7,1.0,Negative,Brazil,Portuguese,2024-12-24,True,1,3,1,1,2,1,Flipkart
9414,Christopher Whitaker,36,Google,Pixel 6,666.21,د.إ2444.99,AED,3.67,3.0,Neutral,UAE,English,2024-06-21,True,2,4,2,4,2,5,AliExpress
38341,Samuel Leão,24,Realme,Realme 12 Pro,378.12,R$2155.28,BRL,5.7,1.0,Negative,Brazil,Portuguese,2023-07-12,True,1,1,1,1,1,1,Flipkart
30264,Kendra Mills,40,Xiaomi,Mi 13 Pro,443.83,C$891.15,CAD,1.38,4.0,Positive,Canada,English,2024-08-03,False,5,3,3,4,3,13,AliExpress
41253,Mariane Pimenta,26,Apple,iPhone 14,988.05,R$5631.89,BRL,5.7,4.0,Positive,Brazil,Portuguese,2023-07-29,True,4,2,1,3,4,1,Amazon
14645,Valerie Velazquez,27,Apple,iPhone 15 Pro,1359.56,C$1876.19,CAD,1.38,4.0,Positive,Canada,English,2025-04-07,True,3,4,3,5,4,7,Amazon
26336,Mrs. Sheryl King MD,36,Samsung,Galaxy A55,1223.32,C$1688.18,CAD,1.38,3.0,Positive,Canada,English,2023-09-24,True,1,3,1,2,2,5,BestBuy
28103,Fernando Freitas,31,Samsung,Galaxy Note 20,1292.94,R$7369.76,BRL,5.7,2.0,Neutral,Brazil,Portuguese,2023-05-04,True,1,2,2,1,1,2,Amazon
17524,Michael Rodriguez,41,OnePlus,OnePlus 12,649.9,د.إ2385.13,AED,3.67,1.0,Negative,UAE,English,2023-02-13,True,3,1,1,1,1,0,BestBuy
24713,Guilherme da Cunha,32,OnePlus,OnePlus 12,564.02,R$3214.91,BRL,5.7,3.0,Neutral,Brazil,Portuguese,2024-09-09,False,2,4,2,2,3,0,AliExpress
40486,Max Jones,18,Xiaomi,Mi 13 Pro,374.94,£292.45,GBP,0.78,2.0,Positive,UK,English,2025-09-24,True,1,4,1,1,2,1,AliExpress
3851,Darryl Richardson,20,OnePlus,OnePlus 12,555.09,د.إ2037.18,AED,3.67,3.0,Positive,UAE,English,2023-11-29,False,3,1,3,3,1,7,eBay
40041,Sahin Henschel,19,Xiaomi,Mi 13 Pro,216.74,€201.57,EUR,0.93,4.0,Positive,Germany,German,2023-12-22,True,3,4,3,3,4,4,BestBuy
15268,Eric Thomas,49,OnePlus,OnePlus Nord 3,742.91,د.إ2726.48,AED,3.67,3.0,Negative,UAE,English,2024-09-10,True,2,5,2,2,3,3,BestBuy
49147,Univ.Prof. Andreas Oestrovsky,36,Google,Pixel 7a,808.25,€751.67,EUR,0.93,4.0,Positive,Germany,German,2025-09-17,True,4,4,3,3,4,6,BestBuy
30002,Henrique da Paz,22,Apple,iPhone 13,764.22,R$4356.05,BRL,5.7,3.0,Neutral,Brazil,Portuguese,2023-09-19,False,1,4,2,3,2,3,Flipkart
45927,James Stewart,18,Apple,iPhone 14,791.75,د.إ2905.72,AED,3.67,3.0,Neutral,UAE,English,2025-05-07,True,2,3,2,2,1,3,BestBuy
43825,Gabriela Lee,43,Google,Pixel 8,675.04,د.إ2477.4,AED,3.67,2.0,Neutral,UAE,English,2024-06-19,True,2,1,1,1,2,1,BestBuy
17241,Rishi Ben,38,Motorola,Moto G Power,739.07,₹61342.81,INR,83.0,2.0,Neutral,India,Hindi,2025-09-22,True,1,1,3,3,1,0,Amazon
4893,Richard Wade,55,Apple,iPhone 13,728.25,د.إ2672.68,AED,3.67,5.0,Positive,UAE,English,2024-04-07,False,5,5,5,4,5,3,Amazon
726,Mariah Williams,26,Google,Pixel 7a,1059.78,"$1,059.78 ",USD,1.0,5.0,Positive,USA,English,2025-06-19,True,5,4,5,4,5,5,BestBuy
22950,Rafaela Moreira,27,Samsung,Galaxy A55,1185.83,R$6759.23,BRL,5.7,5.0,Positive,Brazil,Portuguese,2023-09-29,True,4,5,2,5,3,9,AliExpress
34658,Ikshita Chawla,36,Motorola,Edge 50,514.92,₹33734.52,INR,83.0,4.0,Neutral,India,Hindi,2023-07-11,False,5,3,4,3,4,4,eBay
37214,Elaine Schofield,19,Xiaomi,Mi 13 Pro,458.89,£357.93,GBP,0.78,4.0,Positive,UK,English,2025-03-11,True,3,4,3,5,3,2,Amazon
20305,Alan Moss,29,Realme,Realme 12 Pro,272.89,£212.85,GBP,0.78,4.0,Positive,UK,English,2024-04-09,False,3,3,3,3,4,3,Amazon
15270,Jennifer Lee,35,OnePlus,OnePlus 11R,911.37,£710.87,GBP,0.78,2.0,Neutral,UK,English,2025-01-12,True,1,1,1,2,2,1,eBay
22368,Diego Macedo,39,Xiaomi,Redmi Note 13,281.43,R$1604.15,BRL,5.7,2.0,Neutral,Brazil,Portuguese,2025-01-11,True,1,3,1,1,1,4,Flipkart
42685,Arthur Miguel Aparecida,18,OnePlus,OnePlus Nord 3,523.77,R$2985.49,BRL,5.7,2.0,Positive,Brazil,Portuguese,2024-04-22,False,3,1,1,1,1,4,AliExpress
46735,Rachel Montoya,38,Apple,iPhone 14,1387.48,C$1914.72,CAD,1.38,3.0,Neutral,Canada,English,2024-05-10,True,2,2,3,2,4,1,BestBuy
11733,Mrs Nicole Poole,22,Realme,Realme 12 Pro,282.75,£220.55,GBP,0.78,5.0,Positive,UK,English,2023-10-08,True,5,3,5,5,5,4,eBay
18620,Kavya Kibe,36,Google,Pixel 8,922.62,₹76577.46,INR,83.0,1.0,Negative,India,Hindi,2025-07-27,True,1,1,1,1,2,2,BestBuy
48493,Nurettin Mielcarek,19,Xiaomi,Redmi Note 13,511.71,€475.89,EUR,0.93,4.0,Positive,Germany,German,2024-01-18,False,2,3,5,3,4,8,Amazon
26804,Udant Goswami,36,Realme,Realme 12 Pro,278.72,₹23133.76,INR,83.0,3.0,Positive,India,Hindi,2025-07-12,True,2,2,4,4,1,6,
44306,Jennifer Peterson,30,Google,Pixel 8,905.46,د.إ3323.04,AED,3.67,3.0,Positive,UAE,English,2025-10-18,True,2,3,2,2,3,5,AliExpress
47523,Natasha Hale,34,Apple,iPhone 15 Pro,1026.15,C$1416.09,CAD,1.38,2.0,Neutral,Canada,English,2024-02-24,True,1,2,1,2,2,0,BestBuy
32208,Jeanne Butler DVM,42,Xiaomi,Poco X6,593.81,A$908.53,AUD,1.53,5.0,Positive,Australia,English,2023-02-26,True,4,3,5,5,4,5,Amazon
2531,Luara Rezende,35,Google,Pixel 8,873.18,R$4977.13,BRL,5.7,3.0,Positive,Brazil,Portuguese,2025-07-15,False,1,5,1,3,2,5,Flipkart
17747,Jacob Parsa,33,Samsung,Galaxy Note 20,890.76,₹73933.08,INR,83.0,4.0,Positive,India,Hindi,2023-02-14,True,3,5,3,2,4,7,BestBuy
8271,Nidra Subramanian,46,Apple,iPhone 13,1192.89,₹99009.87,INR,83.0,4.0,Positive,India,Hindi,2025-03-28,False,4,1,2,3,2,1,Flipkart
15080,Davi Lucca Azevedo,38,Realme,Realme 12 Pro,401.38,R$2287.87,BRL,5.7,1.0,Neutral,Brazil,Portuguese,2023-05-29,True,1,1,1,2,1,0,eBay
13625,Yuri Azevedo,18,Xiaomi,Poco X6,330.74,R$1885.22,BRL,5.7,2.0,Negative,Brazil,Portuguese,2025-02-19,False,1,2,1,2,1,1,BestBuy
30639,Jacob Edwards,26,Realme,Realme 12 Pro,396.41,A$606.95,AUD,1.53,3.0,Positive,Australia,English,2024-02-28,True,2,3,3,3,1,4,Flipkart
30441,Jacob Bates,47,Motorola,Razr 40,421.56,£328.82,GBP,0.78,3.0,Negative,UK,English,2025-04-13,True,2,1,2,2,2,1,BestBuy
36057,Andrea Williams,27,Apple,iPhone 14,1422.26,A$2176.06,AUD,1.53,4.0,Positive,Australia,English,2025-08-01,True,5,4,4,4,5,3,eBay
42652,Trevor Martin,18,Apple,iPhone 15 Pro,725.92,A$1110.66,AUD,1.53,2.0,Negative,Australia,English,2025-05-20,False,2,1,2,2,1,3,
36804,Mr Raymond Baldwin,30,Xiaomi,Poco X6,697.85,£544.32,GBP,0.78,1.0,Neutral,UK,English,2024-11-18,False,1,1,1,1,1,0,eBay
48225,Gary Hancock,39,Motorola,Razr 40,592.12,$592.12 ,USD,1.0,5.0,Positive,USA,English,2025-10-06,True,4,5,3,5,3,3,Flipkart
29227,Asafe Câmara,27,Samsung,Galaxy S24,888.435,R$6223.6,BRL,5.7,1.0,Neutral,Brazil,Portuguese,2022-11-21,True,1,1,1,2,1,1,BestBuy
5634,Hailey Moore,41,Apple,iPhone SE,751.82,A$1150.28,AUD,1.53,2.0,Negative,Australia,English,2023-02-18,False,1,1,2,4,1,2,BestBuy
5988,Mr Jeffrey Thomas,47,Apple,iPhone 15 Pro,745.61,£581.58,GBP,0.78,3.0839243498817965,Positive,UK,English,2025-01-23,False,5,5,5,5,5,4,BestBuy
48064,Ryan Cardoso,30,Realme,Realme Narzo 70,340.4,R$1940.28,BRL,5.7,2.0,Neutral,Brazil,Portuguese,2022-11-12,True,1,2,2,3,2,2,Amazon
1813,Sean Mathews,18,Samsung,Galaxy Note 20,1076.78,C$1485.96,CAD,1.38,4.0,Positive,Canada,English,2024-06-16,True,3,3,3,3,2,5,BestBuy
27579,Aarnav Viswanathan,29,Apple,iPhone SE,1046.07,₹86823.81,INR,83.0,4.0,Positive,India,Hindi,2025-10-13,True,4,3,4,4,5,1,BestBuy
16824,Ernest Zänker,36,Google,Pixel 7a,930.13,€865.02,EUR,0.93,4.0,Neutral,Germany,German,2023-08-14,True,3,5,4,3,4,0,BestBuy
3929,Kyle Watkins,33,Realme,Realme Narzo 70,433.67,C$598.46,CAD,1.38,2.0,Negative,Canada,English,2023-02-27,True,1,2,4,2,3,2,Flipkart
37287,Univ.Prof. Olena Weller MBA.,40,Realme,Realme Narzo 70,438.55,€407.85,EUR,0.93,2.0,Neutral,Germany,German,2024-08-09,True,2,1,1,1,3,4,Amazon
25046,Stephanie Stout,21,OnePlus,OnePlus Nord 3,736.41,C$1016.25,CAD,1.38,5.0,Positive,Canada,English,2024-12-12,True,4,4,2,4,5,2,AliExpress
15728,Jose Andrade,18,Google,Pixel 8,502.88,$502.88 ,USD,1.0,2.0,Neutral,USA,English,2023-01-18,True,2,1,1,1,1,2,eBay
29601,Univ.Prof. Manuel Schmidt B.Sc.,18,Google,Pixel 8,967.05,€899.36,EUR,0.93,4.0,Positive,Germany,German,2024-08-03,False,4,3,4,3,3,6,Amazon
10431,Jennifer Perry,52,Google,Pixel 6,1081.27,,AUD,1.53,1.0,Neutral,Australia,English,2023-07-31,True,1,1,1,1,1,3,Amazon
25769,Upasna Bhatt,34,Samsung,Galaxy Z Flip,587.53,₹48764.99,INR,83.0,1.0,Negative,India,Hindi,2023-04-08,True,1,1,1,1,1,1,Amazon
29104,Bhavna Nagi,18,Samsung,Galaxy S24,1111.96,₹92292.68,INR,83.0,3.0,Neutral,India,Hindi,2023-08-14,False,3,4,4,3,2,2,BestBuy
36538,João Lucas Pimenta,30,Samsung,Galaxy A55,885.3,R$5046.21,BRL,5.7,3.0,Positive,Brazil,Portuguese,2023-11-05,True,3,3,4,3,3,8,BestBuy
39329,Veronica Vasquez,29,Apple,iPhone 15 Pro,1167.31,د.إ4284.03,AED,3.67,2.0,Negative,UAE,English,2024-01-23,True,1,1,1,2,2,4,BestBuy
35540,Michelle Olson,45,Samsung,Galaxy S24,1397.24,د.إ5127.87,AED,3.67,3.0,Positive,UAE,English,2024-11-04,True,1,4,3,3,3,8,Amazon
28076,Caitlin Davis,29,Motorola,Moto G Power,401.0,A$613.53,AUD,1.53,1.0,Negative,Australia,English,2025-03-05,True,1,1,2,1,1,1,Amazon
17841,Samantha Porter,35,Google,Pixel 7a,1059.24,د.إ3887.41,AED,3.67,4.0,Positive,UAE,English,2023-12-30,True,3,5,5,5,5,3,BestBuy
27803,Rafael da Paz,39,Samsung,Galaxy S24,873.18,R$4977.13,BRL,5.7,5.0,Positive,Brazil,Portuguese,2024-11-13,True,3,4,4,3,5,3,BestBuy
7683,Denise Simpson,30,OnePlus,OnePlus Nord 3,355.47,د.إ1304.57,AED,3.67,3.1430457746478875,Neutral,UAE,English,2023-06-15,True,2,2,3,3,1,0,AliExpress
24280,Univ.Prof. Viviane Dehmel MBA.,32,Google,Pixel 7a,605.26,€562.89,EUR,0.93,1.0,Negative,Germany,German,2024-10-23,True,1,1,2,1,1,1,eBay
33071,Imaran Gade,37,OnePlus,OnePlus 12,367.89,₹30534.87,INR,83.0,3.0,Positive,India,Hindi,2023-06-13,True,3,3,2,3,2,6,AliExpress
35558,Cheryl Elliott,28,OnePlus,OnePlus 11R,536.88,£418.77,GBP,0.78,4.0,Positive,UK,English,2024-04-12,True,4,3,5,4,3,5,
37190,Henrique Pastor,24,Apple,iPhone 14,1094.51,,BRL,5.7,4.0,Positive,Brazil,Portuguese,2024-08-21,True,3,4,3,3,3,7,eBay
47150,Isabelly Moraes,18,Samsung,Galaxy Note 20,454.05,R$2588.09,BRL,5.7,3.150789012273524,Positive,Brazil,Portuguese,2024-05-17,True,4,3,4,2,4,4,AliExpress
46916,Faith Espinoza,18,Realme,Realme 12 Pro,429.25,$429.25 ,USD,1.0,5.0,Positive,USA,English,2025-01-12,True,5,5,3,3,5,3,eBay
9802,Todd Walsh,41,Samsung,Galaxy S24,1036.83,C$1430.83,CAD,1.38,3.0,Positive,Canada,English,2024-08-10,False,3,4,3,3,2,4,BestBuy
38801,Joshua Smith,18,Google,Pixel 7a,752.39,A$1151.16,AUD,1.53,3.126014523707817,Neutral,Australia,English,2025-02-05,True,3,2,3,2,3,3,BestBuy
24670,Austin Reyes,44,Motorola,Moto G Power,325.99,C$449.87,CAD,1.38,4.0,Positive,Canada,English,2024-12-26,False,3,3,3,3,3,7,Flipkart
44234,Lunna Martins,38,Google,Pixel 8,925.39,R$5274.72,BRL,5.7,3.0,Neutral,Brazil,Portuguese,2024-06-14,False,3,2,1,3,3,3,Flipkart
31920,Andrew Murphy,19,Apple,iPhone 14,1484.17,"$1,484.17 ",USD,1.0,5.0,Positive,USA,English,2025-02-18,True,3,5,2,4,5,10,AliExpress
7135,Carl Anderson,25,Xiaomi,Poco X6,549.71,A$841.06,AUD,1.53,4.0,Positive,Australia,English,2025-06-22,True,5,3,3,4,4,5,Flipkart
33705,Chad Hayes PhD,26,Realme,Realme Narzo 70,538.4,$538.40 ,USD,1.0,2.0,Negative,USA,English,2023-12-21,True,2,1,1,3,1,3,BestBuy
29661,Richard Walker,24,Xiaomi,Mi 13 Pro,242.55,$242.55 ,USD,1.0,3.0,Neutral,USA,English,2023-11-03,False,3,3,2,3,2,2,Flipkart
17894,Ing. Florence Rust,40,Xiaomi,Mi 13 Pro,453.03,€421.32,EUR,0.93,5.0,Positive,Germany,German,2024-05-28,True,3,5,4,5,3,4,Flipkart
22019,Sandra Miller,26,Google,Pixel 7a,955.17,C$1318.13,CAD,1.38,5.0,Positive,Canada,English,2025-05-22,True,4,5,4,4,5,8,AliExpress
13539,Mary Sherman,45,Apple,iPhone SE,1074.62,د.إ3943.86,AED,3.67,2.0,Neutral,UAE,English,2025-07-11,True,3,3,1,2,1,1,BestBuy
43119,David Gregory,35,Motorola,Moto G Power,393.15,A$601.52,AUD,1.53,3.0,Positive,Australia,English,2025-07-29,True,3,2,3,4,3,8,AliExpress
36421,Bartholomäus Mielcarek,30,Samsung,Galaxy Z Flip,1182.69,€1099.9,EUR,0.93,2.0,Negative,Germany,German,2025-01-16,True,1,3,1,3,2,2,Flipkart
9406,Yamini Golla,21,Apple,iPhone 14,1304.83,₹108300.89,INR,83.0,1.0,Negative,India,Hindi,2024-01-12,True,1,1,1,1,1,1,eBay
13414,Michael Gutierrez,18,Motorola,Moto G Power,242.82,A$371.51,AUD,1.53,1.0,Neutral,Australia,English,2025-01-30,False,3,1,1,1,1,0,Flipkart
6721,Donald Duncan,30,Xiaomi,Mi 13 Pro,619.91,$619.91 ,USD,1.0,4.0,Positive,USA,English,2022-11-26,True,5,4,4,3,5,8,BestBuy
15602,Josephine Perry-Mellor,35,Xiaomi,Mi 13 Pro,506.23,£394.86,GBP,0.78,3.0,Neutral,UK,English,2023-04-04,True,3,2,3,3,2,1,BestBuy
44744,Rebecca Robinson,43,Xiaomi,Mi 13 Pro,428.81,C$591.76,CAD,1.38,5.0,Positive,Canada,English,2025-10-19,True,4,5,4,5,4,7,Amazon
31139,Dave Miller,35,Google,Pixel 8,895.52,C$1235.82,CAD,1.38,3.0,Neutral,Canada,English,2025-06-10,True,4,2,2,2,4,2,Amazon
2730,Dr William Dixon,18,Apple,iPhone 15 Pro,1364.26,£1064.12,GBP,0.78,4.0,Positive,UK,English,2025-01-05,True,5,2,2,4,4,9,Flipkart
38243,Joel Donnelly,19,Xiaomi,Poco X6,223.4,£174.25,GBP,0.78,5.0,Positive,UK,English,2024-02-01,True,5,4,5,3,4,6,
29626,Tara Nielsen,36,Xiaomi,Redmi Note 13,467.45,$467.45 ,USD,1.0,3.0,Neutral,USA,English,2023-01-16,True,2,3,3,2,4,2,eBay
47895,Vidhi Vaidya,36,OnePlus,OnePlus Nord 3,916.25,₹76048.75,INR,83.0,4.0,Positive,India,Hindi,2023-09-10,False,3,3,4,3,3,6,BestBuy
42091,Fernando das Neves,27,Samsung,Galaxy A55,908.74,R$7631.62,BRL,5.7,5.0,Positive,Brazil,Portuguese,2023-03-29,True,5,5,5,5,4,3,eBay
36400,Megan Baker,27,Google,Pixel 6,829.82,A$1269.62,AUD,1.53,4.0,Positive,Australia,English,2025-03-14,True,2,4,4,3,4,4,Amazon
6245,Maria Cruz,39,Google,Pixel 6,512.95,C$707.87,CAD,1.38,3.0,Negative,Canada,English,2023-08-08,False,3,2,2,3,2,3,Amazon
5546,Maria Wagner,39,OnePlus,OnePlus Nord 3,913.86,د.إ3353.87,AED,3.67,4.0,Positive,UAE,English,2023-01-12,False,3,3,4,4,2,7,BestBuy
4065,Kelli Collins,28,Motorola,Moto G Power,431.76,A$660.59,AUD,1.53,5.0,Positive,Australia,English,2024-07-10,True,4,4,5,3,4,4,eBay
12852,Daniel Walsh,21,Xiaomi,Redmi Note 13,575.33,د.إ2111.46,AED,3.67,1.0,Negative,UAE,English,2025-05-06,True,1,1,2,1,1,1,AliExpress
21803,Chandani Dhaliwal,28,Apple,iPhone 14,752.74,,INR,83.0,4.0,Positive,India,Hindi,2023-07-18,True,3,3,4,4,4,8,Amazon
41164,Pedro Miguel Viana,32,Apple,iPhone SE,1490.06,R$8493.34,BRL,5.7,3.0,Positive,Brazil,Portuguese,2023-04-15,False,3,3,3,1,3,7,eBay
6233,Panini Bhatt,22,Motorola,Moto G Power,505.34,₹38118.58,INR,83.0,3.0,Positive,India,Hindi,2024-09-07,False,2,2,5,2,4,3,AliExpress
3863,Carlos Eduardo da Mata,21,Realme,Realme Narzo 70,532.92,R$3037.64,BRL,5.7,1.0,Negative,Brazil,Portuguese,2023-07-26,False,1,1,1,1,1,2,eBay
35095,Benjamin Fonseca,33,Samsung,Galaxy S24,1338.49,R$7629.39,BRL,5.7,2.0,Positive,Brazil,Portuguese,2022-12-30,False,4,1,2,2,1,3,AliExpress
40196,Linda Rosales,41,Realme,Realme Narzo 70,492.58,C$679.76,CAD,1.38,4.0,Positive,Canada,English,2022-11-10,True,3,1,4,4,3,2,BestBuy
39251,Ricky Reynolds,32,Realme,Realme Narzo 70,512.35,$512.35 ,USD,1.0,4.0,Positive,USA,English,2023-06-27,True,5,4,5,1,4,2,BestBuy
6218,Helena Teixeira,38,OnePlus,OnePlus 11R,885.73,R$5048.66,BRL,5.7,4.0,Positive,Brazil,Portuguese,2024-12-04,False,1,3,4,4,3,4,eBay
36776,Dra. Alícia Cirino,25,Samsung,Galaxy Z Flip,947.04,R$5398.13,BRL,5.7,3.0,Positive,Brazil,Portuguese,2024-04-19,True,3,2,3,2,4,3,BestBuy
42977,Mitchell Sexton,27,Google,Pixel 8,565.5,C$780.39,CAD,1.38,3.129131776112825,Negative,Canada,English,2024-10-15,True,2,1,2,1,1,1,eBay
48468,Taylor Wilson,18,Realme,Realme Narzo 70,328.03,C$452.68,CAD,1.38,4.0,Positive,Canada,English,2024-04-03,True,3,4,2,5,5,5,AliExpress
14832,Univ.Prof. Dariusz Hamann,28,Samsung,Galaxy Z Flip,1070.05,,EUR,0.93,4.0,Positive,Germany,German,2025-09-21,True,1,2,5,2,2,9,Flipkart
30093,Mr Brian McDonald,18,Apple,iPhone 13,710.24,£553.99,GBP,0.78,2.0,Neutral,UK,English,2025-05-24,True,1,3,1,2,1,2,Flipkart
8894,Joanna Reid,38,Motorola,Razr 40,412.57,C$569.35,CAD,1.38,5.0,Positive,Canada,English,2025-05-02,True,4,5,4,5,5,4,eBay
6021,Chasmum Borde,20,OnePlus,OnePlus Nord 3,457.03,₹37933.49,INR,83.0,4.0,Positive,India,Hindi,2023-09-11,True,3,3,2,2,3,3,BestBuy
46089,Dr. Karl Heinz Killer,29,Realme,Realme Narzo 70,544.3,,EUR,0.93,4.0,Positive,Germany,German,2023-05-18,True,4,4,4,3,2,6,eBay
15243,Benjamim Peixoto,18,OnePlus,OnePlus 12,737.21,R$4202.1,BRL,5.7,1.0,Neutral,Brazil,Portuguese,2024-01-30,True,1,1,1,1,1,5,eBay
45308,Charita Dugal,46,Xiaomi,Redmi Note 13,390.25,₹32390.75,INR,83.0,2.0,Neutral,India,Hindi,2024-12-09,True,1,1,1,2,1,0,Amazon
26551,Alyssa Alexander,18,Apple,iPhone 13,1481.91,"$1,481.91 ",USD,1.0,3.0,Neutral,USA,English,2024-05-16,False,3,3,3,5,2,2,AliExpress
6035,Scott Shaffer,36,Apple,iPhone 14,731.47,C$1009.43,CAD,1.38,2.0,Negative,Canada,English,2023-03-26,True,1,1,2,3,2,2,Flipkart
7906,Ryan King,35,Xiaomi,Mi 13 Pro,497.34,د.إ1825.24,AED,3.67,3.0,Positive,UAE,English,2025-05-29,True,5,2,1,1,4,6,BestBuy
32226,Valerie Burns,30,Samsung,Galaxy Z Flip,517.98,A$792.51,AUD,1.53,2.0,Neutral,Australia,English,2025-05-16,False,1,3,3,1,3,3,eBay
6018,Jenny Lamb,28,OnePlus,OnePlus 11R,647.5,$647.50 ,USD,1.0,1.0,Negative,USA,English,2024-02-24,True,1,2,1,1,1,3,Flipkart
21880,Erin Miller,30,Samsung,Galaxy Note 20,1175.03,C$1621.54,CAD,1.38,2.0,Negative,Canada,English,2025-04-14,True,2,2,2,2,1,0,BestBuy
2792,Matthew Hart,18,Samsung,Galaxy S24,1123.14,C$1549.93,CAD,1.38,4.0,Positive,Canada,English,2024-10-04,True,3,3,3,3,4,6,eBay
42606,Mr Derek Owens,46,OnePlus,OnePlus 11R,946.75,£738.47,GBP,0.78,3.0,Neutral,UK,English,2025-09-05,True,1,3,1,3,3,6,BestBuy
5824,Jim Rocha,31,Google,Pixel 7a,796.18,$796.18 ,USD,1.0,1.0,Negative,USA,English,2022-10-31,False,1,1,1,1,1,1,BestBuy
15388,Omya Bajwa,31,OnePlus,OnePlus Nord 3,498.79,₹41399.57,INR,83.0,1.0,Negative,India,Hindi,2024-05-24,False,1,1,1,1,1,3,eBay
29562,Christopher Klein,40,Realme,Realme Narzo 70,596.99,$596.99 ,USD,1.0,1.0,Negative,USA,English,2024-05-18,True,1,1,1,1,1,1,eBay
39476,Brenda Harper,18,Apple,iPhone 14,1212.19,"$1,212.19 ",USD,1.0,3.0,Neutral,USA,English,2025-08-11,True,3,3,3,4,2,1,Flipkart
293,Ashley Delacruz,28,Realme,Realme Narzo 70,546.68,د.إ2006.32,AED,3.67,4.0,Positive,UAE,English,2023-05-14,True,5,3,2,3,4,8,AliExpress
16958,Michael Randall,26,Apple,iPhone 14,1133.91,"$1,133.91 ",USD,1.0,3.1857311320754715,Neutral,USA,English,2024-11-18,True,3,2,4,5,4,1,BestBuy
30861,Henry Beasley,33,Realme,Realme 12 Pro,537.06,$537.06 ,USD,1.0,3.0,Positive,USA,English,2025-07-02,True,2,3,2,2,3,2,BestBuy
14074,Patrick Lindsey,26,OnePlus,OnePlus Nord 3,467.55,A$715.35,AUD,1.53,4.0,Neutral,Australia,English,2025-02-01,True,3,4,4,2,4,0,Amazon
21857,Mary Hübel-Krebs,24,Xiaomi,Mi 13 Pro,256.08,€238.15,EUR,0.93,1.0,Negative,Germany,German,2025-02-09,True,1,1,1,2,1,2,BestBuy
22080,Sra. Clara Freitas,18,OnePlus,OnePlus 11R,927.72,R$5288.0,BRL,5.7,3.0,Positive,Brazil,Portuguese,2024-12-21,True,3,2,3,3,1,5,Flipkart
17024,Florence Hettner B.A.,18,OnePlus,OnePlus Nord 3,982.57,€913.79,EUR,0.93,3.0,Positive,Germany,German,2025-07-18,True,4,3,2,2,4,5,Flipkart
8740,Elizabeth Lara,49,Xiaomi,Poco X6,541.11,A$827.9,AUD,1.53,3.0,Positive,Australia,English,2025-04-10,True,3,4,3,4,3,5,eBay
15826,Marissa Edwards,39,Xiaomi,Redmi Note 13,276.53,C$381.61,CAD,1.38,1.0,Negative,Canada,English,2025-04-13,True,2,1,1,1,1,1,eBay
2742,Jacob Stolze,43,Samsung,Galaxy S24,1206.02,€1121.6,EUR,0.93,5.0,Positive,Germany,German,2023-06-07,True,5,5,4,4,5,7,eBay
18049,Luiz Henrique da Paz,24,Realme,Realme Narzo 70,215.33,R$1227.38,BRL,5.7,3.0,Positive,Brazil,Portuguese,2025-09-01,True,2,2,5,3,3,6,AliExpress
49937,Dr. Jordan Reyes,40,Xiaomi,Redmi Note 13,434.44,A$664.69,AUD,1.53,1.0,Negative,Australia,English,2023-02-27,False,2,1,1,1,1,6,BestBuy
17373,Anthony Payne,29,Samsung,Galaxy Z Flip,905.38,C$1734.63,CAD,1.38,3.0,Neutral,Canada,English,2023-08-24,True,2,4,2,1,3,4,Flipkart
22022,Sra. Bárbara Rocha,21,Apple,iPhone 14,703.21,R$4008.3,BRL,5.7,4.0,Positive,Brazil,Portuguese,2024-06-13,True,2,4,2,4,4,5,Amazon
46365,Angela Gray,18,OnePlus,OnePlus Nord 3,884.66,د.إ3246.7,AED,3.67,4.0,Positive,UAE,English,2023-04-17,True,5,2,2,4,4,2,AliExpress
23538,Alana Aragão,22,Apple,iPhone 15 Pro,1102.27,R$7860.02,BRL,5.7,5.0,Positive,Brazil,Portuguese,2022-12-16,False,4,5,5,3,4,4,AliExpress
45500,Dr. Kelly Williams,38,Apple,iPhone 15 Pro,1496.17,,AUD,1.53,4.0,Positive,Australia,English,2023-05-06,True,2,4,4,4,3,6,
40186,Rebecca Thompson,45,Apple,iPhone 15 Pro,1273.53,A$1948.5,AUD,1.53,3.0,Negative,Australia,English,2023-10-28,False,2,3,3,3,3,4,Flipkart
9614,Eugene Wilson,35,Realme,Realme Narzo 70,384.47,د.إ1411.0,AED,3.67,2.0,Neutral,UAE,English,2024-05-16,True,1,1,1,2,1,1,eBay
43282,Brandon Mason,26,Apple,iPhone 15 Pro,729.68,,USD,1.0,3.0,Neutral,USA,English,2024-01-23,True,2,4,3,3,3,0,AliExpress
37892,Todd Hodge,18,Samsung,Galaxy A55,551.26,$551.26 ,USD,1.0,1.0,Negative,USA,English,2023-07-19,True,1,1,1,1,1,5,Amazon
26179,Nicholas Taylor,27,Samsung,Galaxy A55,560.24,£436.99,GBP,0.78,4.0,Positive,UK,English,2022-11-29,False,5,3,3,3,3,6,Amazon
45893,Mary Gibson,44,OnePlus,OnePlus Nord 3,670.25,,AED,3.67,4.0,Positive,UAE,English,2023-01-07,True,4,4,4,4,3,2,eBay
20934,Eshana Aggarwal,34,Realme,Realme Narzo 70,583.33,₹48416.39,INR,83.0,5.0,Positive,India,Hindi,2024-08-21,True,5,4,4,4,2,4,BestBuy
40972,Leyla Neuschäfer,32,Realme,Realme Narzo 70,472.1,€439.05,EUR,0.93,5.0,Positive,Germany,German,2025-08-24,True,5,5,5,4,3,2,AliExpress
22225,Diego da Mata,35,Google,Pixel 7a,809.44,R$4518.39,BRL,5.7,4.0,Positive,Brazil,Portuguese,2024-02-13,True,4,3,3,4,3,10,BestBuy
24382,Janet Lowe,25,Xiaomi,Mi 13 Pro,449.87,£350.9,GBP,0.78,3.098367697594502,Neutral,UK,English,2024-07-06,False,4,1,3,3,2,2,eBay
34856,Ryan Smith,18,OnePlus,OnePlus 12,678.88,,AUD,1.53,3.0,Positive,Australia,English,2022-12-16,True,4,1,4,5,1,4,Amazon
48578,Helge Zänker,18,OnePlus,OnePlus 11R,984.73,€915.8,EUR,0.93,4.0,Positive,Germany,German,2025-01-30,True,5,2,2,3,3,3,AliExpress
38537,Jason Lyons,18,OnePlus,OnePlus Nord 3,743.71,A$1137.88,AUD,1.53,4.0,Positive,Australia,English,2024-06-30,True,2,3,4,5,4,5,eBay
31756,Davi Lucca Pires,19,Google,Pixel 7a,944.27,R$5382.34,BRL,5.7,4.0,Positive,Brazil,Portuguese,2023-04-22,True,4,4,3,4,5,7,eBay
7754,Danny Sharp,33,Xiaomi,Poco X6,202.19,£157.71,GBP,0.78,5.0,Positive,UK,English,2023-11-21,True,5,4,4,5,5,11,BestBuy
46639,William Jones,40,OnePlus,OnePlus 11R,985.76,C$1360.35,CAD,1.38,4.0,Positive,Canada,English,2025-07-14,False,4,5,3,4,4,7,Amazon
43835,Robert Barajas,49,Realme,Realme Narzo 70,234.68,$234.68 ,USD,1.0,5.0,Positive,USA,English,2023-10-12,True,5,5,5,4,4,9,Flipkart
26236,Ana Cecília Freitas,26,OnePlus,OnePlus 11R,404.12,R$2303.48,BRL,5.7,4.0,Neutral,Brazil,Portuguese,2024-10-31,True,4,3,3,3,4,1,Flipkart
44230,Jennifer Harris,34,Apple,iPhone 13,1253.15,د.إ4599.06,AED,3.67,4.0,Positive,UAE,English,2025-06-10,False,1,2,2,3,3,4,BestBuy
49597,Udant Dash,24,Samsung,Galaxy Note 20,958.83,₹79582.89,INR,83.0,4.0,Positive,India,Hindi,2022-10-30,False,3,2,5,2,3,6,eBay
18553,Rosie Francis,42,Samsung,Galaxy S24,1272.71,£992.71,GBP,0.78,3.0,Negative,UK,English,2025-08-28,True,2,2,3,2,3,1,BestBuy
43137,Eric Serrano,25,Google,Pixel 7a,761.1,C$1050.32,CAD,1.38,2.0,Positive,Canada,English,2024-10-17,True,2,2,2,2,1,2,BestBuy
36673,Karen Fischer,22,Samsung,Galaxy A55,679.02,C$937.05,CAD,1.38,4.0,Positive,Canada,English,2024-12-16,True,3,4,3,4,3,2,BestBuy
43650,Lesley Parsons-Rhodes,18,Xiaomi,Poco X6,514.17,£401.05,GBP,0.78,3.0,Neutral,UK,English,2024-04-29,False,1,3,3,2,1,2,AliExpress
3941,Larry Green,20,Xiaomi,Mi 13 Pro,531.18,C$733.03,CAD,1.38,3.0,Positive,Canada,English,2025-07-17,False,3,2,1,2,2,3,eBay
31497,Leyla Schottin,18,Realme,Realme Narzo 70,281.25,€261.56,EUR,0.93,1.0,Negative,Germany,German,2025-04-16,True,2,1,1,1,1,1,Flipkart
26594,Sierra Moore,29,Motorola,Moto G Power,327.85,د.إ1203.21,AED,3.67,4.0,Positive,UAE,English,2023-12-23,True,3,1,3,5,5,5,Flipkart
23922,Joseph Wolfe,35,Apple,iPhone 14,1198.13,A$1833.14,AUD,1.53,5.0,Positive,Australia,English,2024-02-28,True,5,4,3,4,3,6,Flipkart
26403,Olivia Mcneil,38,Realme,Realme 12 Pro,396.41,د.إ914.75,AED,3.67,2.0,Negative,UAE,English,2023-01-02,True,1,3,2,1,2,3,Flipkart
45943,Julian Olson,21,Samsung,Galaxy Z Flip,911.26,C$1257.54,CAD,1.38,3.0,Positive,Canada,English,2024-02-15,True,2,2,1,3,3,8,
48526,Dr Adrian Blackburn,18,Google,Pixel 8,745.74,£581.68,GBP,0.78,2.0,Negative,UK,English,2025-08-26,True,1,1,2,1,2,1,eBay
18316,Erica Andersen,21,Google,Pixel 6,507.43,$507.43 ,USD,1.0,1.0,Negative,USA,English,2023-06-26,True,1,1,1,1,1,1,AliExpress
36894,Shivani Mohanty,31,Apple,iPhone 14,927.84,₹77010.72,INR,83.0,4.0,Positive,India,Hindi,2023-07-04,True,4,2,4,3,2,6,Flipkart
26696,Sarah Hall,29,Google,Pixel 7a,687.16,A$1051.35,AUD,1.53,4.0,Neutral,Australia,English,2024-11-28,True,2,5,4,4,2,1,Amazon
42128,Christine King,30,Motorola,Moto G Power,252.27,A$385.97,AUD,1.53,4.0,Positive,Australia,English,2022-12-18,True,4,4,4,4,3,5,AliExpress
14171,Nicole Simmons,26,Samsung,Galaxy A55,648.74,د.إ2380.88,AED,3.67,2.0,Negative,UAE,English,2024-10-27,False,1,2,1,2,2,1,BestBuy
3733,Tracy Marsh,34,Apple,iPhone 15 Pro,930.62,د.إ3415.38,AED,3.67,3.0,Positive,UAE,English,2024-11-29,True,2,3,1,4,2,3,Flipkart
7882,Kunigunde Höfig,34,Realme,Realme 12 Pro,335.06,€311.61,EUR,0.93,4.0,Positive,Germany,German,2024-10-21,True,3,4,4,2,5,2,AliExpress
6017,Andrea Hall,21,OnePlus,OnePlus 12,550.71,A$842.59,AUD,1.53,4.0,Positive,Australia,English,2025-07-04,True,3,4,3,4,3,6,Flipkart
23030,Kenneth Sharpe,19,Xiaomi,Redmi Note 13,362.67,£282.88,GBP,0.78,2.0,Negative,UK,English,2024-02-23,True,1,3,1,1,3,7,eBay
35474,Sra. Isabela Pereira,18,Realme,Realme 12 Pro,290.9,R$1658.13,BRL,5.7,1.0,Negative,Brazil,Portuguese,2025-04-24,True,1,2,1,1,1,5,Amazon
49686,David Garcia,31,Google,Pixel 6,748.2,A$1144.75,AUD,1.53,4.0,Positive,Australia,English,2025-03-10,False,2,2,4,4,4,6,eBay
4818,Lynn Hughes,36,Apple,iPhone 15 Pro,826.41,£644.6,GBP,0.78,1.0,Negative,UK,English,2024-05-29,True,1,1,2,1,1,2,BestBuy
41694,Sharon Patel DVM,27,Realme,Realme Narzo 70,315.54,A$482.78,AUD,1.53,4.0,Neutral,Australia,English,2025-07-16,False,4,3,4,4,5,2,Flipkart
12008,Julia Walker,43,Google,Pixel 7a,646.25,£504.08,GBP,0.78,2.0,Neutral,UK,English,2025-01-01,True,2,2,2,4,4,2,eBay
41328,Guilherme Cardoso,26,Apple,iPhone 14,883.6,R$5036.52,BRL,5.7,1.0,Negative,Brazil,Portuguese,2023-07-12,True,1,1,2,1,1,1,
9507,Carrie Carter,49,Xiaomi,Redmi Note 13,589.45,د.إ2163.28,AED,3.67,3.0,Positive,UAE,English,2024-02-13,True,2,5,2,3,3,7,eBay
44799,Bella Araújo,24,OnePlus,OnePlus 12,944.55,R$5383.93,BRL,5.7,5.0,Positive,Brazil,Portuguese,2025-04-25,True,4,5,4,4,3,4,Flipkart
34063,Catherine Vega,18,Apple,iPhone 13,1050.54,A$1607.33,AUD,1.53,2.0,Negative,Australia,English,2023-11-09,True,1,1,2,2,1,2,AliExpress
27475,Nidhi Patil,29,Realme,Realme Narzo 70,530.18,₹44004.94,INR,83.0,3.0,Positive,India,Hindi,2025-05-21,True,4,3,2,3,2,3,BestBuy
31144,Steven Pacheco,42,Xiaomi,Mi 13 Pro,213.05,C$294.01,CAD,1.38,5.0,Positive,Canada,English,2025-10-07,True,4,3,5,5,5,4,AliExpress
21236,Ben Barton,18,Samsung,Galaxy A55,908.74,£357.97,GBP,0.78,3.0,Neutral,UK,English,2023-12-26,True,2,3,3,2,1,1,eBay
1391,Anne Carpenter,47,Xiaomi,Redmi Note 13,378.37,£295.13,GBP,0.78,1.0,Negative,UK,English,2023-01-09,False,1,1,1,1,1,5,BestBuy
38250,Carrie Holland,38,OnePlus,OnePlus 11R,746.97,د.إ2741.38,AED,3.67,2.0,Negative,UAE,English,2023-08-28,True,1,2,2,1,2,1,Flipkart
37625,Mrs Holly Middleton,34,Xiaomi,Mi 13 Pro,675.59,£526.96,GBP,0.78,2.0,Neutral,UK,English,2024-02-21,True,1,1,1,1,1,2,AliExpress
42029,Anastasios Ehlert,28,Xiaomi,Mi 13 Pro,473.86,€440.69,EUR,0.93,4.0,Positive,Germany,German,2023-02-17,True,4,4,4,3,3,5,BestBuy
20835,Angelica Howard,27,Google,Pixel 8,516.06,$516.06 ,USD,1.0,4.0,Positive,USA,English,2024-01-13,True,4,2,3,2,4,8,eBay
14758,Randolf Jäntsch,29,OnePlus,OnePlus 11R,659.06,€612.93,EUR,0.93,4.0,Positive,Germany,German,2024-12-05,True,3,2,5,3,5,4,Flipkart
26397,Januja Basu,46,Google,Pixel 7a,809.44,₹42559.91,INR,83.0,5.0,Positive,India,Hindi,2022-12-16,True,4,5,3,5,4,3,Flipkart
6809,Ms Patricia Shah,18,Google,Pixel 8,799.31,£623.46,GBP,0.78,3.0,Positive,UK,English,2025-09-21,True,4,3,2,3,3,5,eBay
9226,Herr Filippo Gude,23,Xiaomi,Poco X6,689.25,€641.0,EUR,0.93,5.0,Positive,Germany,German,2025-06-23,False,5,4,5,5,5,1,eBay
48395,Kalpit Batra,28,Motorola,Moto G Power,403.51,₹33491.33,INR,83.0,4.0,Positive,India,Hindi,2023-01-04,False,3,4,1,2,4,2,Flipkart
5396,Mrs. Krista Jones DDS,18,Motorola,Edge 50,451.33,A$690.53,AUD,1.53,4.0,Positive,Australia,English,2025-06-05,True,2,3,4,3,3,5,eBay
6944,Vinicius Vieira,21,Apple,iPhone 14,828.17,R$4720.57,BRL,5.7,1.0,Negative,Brazil,Portuguese,2023-10-13,True,1,1,1,2,1,1,eBay
23871,Maurice Obrien,31,Xiaomi,Mi 13 Pro,462.01,$462.01 ,USD,1.0,3.0,Positive,USA,English,2023-02-14,True,1,3,2,2,3,4,eBay
32493,Anna Burns,41,Motorola,Moto G Power,765.86,د.إ2810.71,AED,3.67,4.0,Positive,UAE,English,2023-03-22,True,4,3,5,2,3,4,Amazon
36346,Ing. Kathrin Mitschke,28,Xiaomi,Redmi Note 13,244.8,€227.66,EUR,0.93,2.0,Neutral,Germany,German,2025-01-06,True,2,2,3,1,2,0,eBay
10756,Bahadurjit Sehgal,22,Samsung,Galaxy Z Flip,619.83,₹51445.89,INR,83.0,5.0,Positive,India,Hindi,2022-11-16,False,4,5,5,3,3,6,AliExpress
12302,Lauren Schmitt,28,Samsung,Galaxy A55,1285.66,C$1774.21,CAD,1.38,4.0,Positive,Canada,English,2024-09-04,False,5,3,2,4,4,6,Flipkart
48387,Monica Palmer,20,Motorola,Razr 40,384.39,د.إ1410.71,AED,3.67,4.0,Neutral,UAE,English,2023-02-05,False,4,4,1,5,3,0,AliExpress
42746,Brandy Carter,43,Realme,Realme 12 Pro,576.2,C$795.16,CAD,1.38,3.147565320665083,Neutral,Canada,English,2024-11-15,False,1,1,1,1,1,0,BestBuy
29090,Justin Henderson,26,Google,Pixel 7a,994.8,د.إ3650.92,AED,3.67,3.0,Neutral,UAE,English,2025-01-03,True,3,2,3,2,2,2,Amazon
44713,Beverley Smith,20,Xiaomi,Redmi Note 13,351.71,£274.33,GBP,0.78,2.0,Negative,UK,English,2022-12-12,True,1,2,1,1,3,2,Amazon
14344,Jamie Henderson,36,Google,Pixel 6,1015.76,"$1,015.76 ",USD,1.0,1.0,Negative,USA,English,2025-03-20,True,2,3,1,1,1,3,BestBuy
38173,Steven Holmes,45,Realme,Realme Narzo 70,206.96,$206.96 ,USD,1.0,4.0,Positive,USA,English,2025-09-22,True,5,4,4,4,4,3,Amazon
5072,Kimberly Johnson,54,Google,Pixel 7a,855.24,$855.24 ,USD,1.0,1.0,Negative,USA,English,2025-02-25,True,2,1,1,1,2,1,AliExpress
24122,Alice Allen,18,OnePlus,OnePlus 11R,525.72,£410.06,GBP,0.78,4.0,Positive,UK,English,2025-02-27,True,4,4,4,4,4,1,Flipkart
48810,Prof. Annett Jacob,33,Google,Pixel 8,932.05,€866.81,EUR,0.93,2.0,Negative,Germany,German,2025-09-29,True,2,1,5,1,2,2,Amazon
17821,Julie Quinn,41,Motorola,Edge 50,491.84,$491.84 ,USD,1.0,2.0,Neutral,USA,English,2023-09-04,False,3,1,1,2,1,2,Flipkart
1123,Monica Nicholson,41,Google,Pixel 7a,569.75,$569.75 ,USD,1.0,1.0,Negative,USA,English,2023-03-04,True,1,1,1,1,1,2,eBay
11265,Tracey Lambert,27,Google,Pixel 6,1004.75,£783.71,GBP,0.78,2.0,Negative,UK,English,2024-08-27,True,1,2,1,2,3,1,Amazon
30580,Timothy Mendoza,28,OnePlus,OnePlus 12,712.21,C$982.85,CAD,1.38,3.0,Neutral,Canada,English,2025-07-10,True,1,1,3,2,2,2,BestBuy
45465,Gereon Faust,31,OnePlus,OnePlus 11R,745.19,€693.03,EUR,0.93,4.0,Positive,Germany,German,2024-08-18,True,4,5,4,5,5,5,Flipkart
48217,Jagvi Prabhu,27,Motorola,Edge 50,514.92,₹25007.07,INR,83.0,5.0,Positive,India,Hindi,2025-05-04,False,5,4,5,5,5,4,Flipkart
43045,Laurie Barnett,30,Samsung,Galaxy Note 20,1104.38,د.إ4053.07,AED,3.67,5.0,Positive,UAE,English,2024-08-17,True,5,5,4,5,4,3,Amazon
15657,Henrique Ramos,18,OnePlus,OnePlus Nord 3,443.84,R$2529.89,BRL,5.7,2.0,Positive,Brazil,Portuguese,2024-12-28,True,1,1,3,1,2,4,AliExpress
1901,Sally Fox-Murphy,43,OnePlus,OnePlus Nord 3,380.41,£296.72,GBP,0.78,3.0,Positive,UK,English,2025-08-28,True,2,3,3,3,2,9,Flipkart
148,Willibert Killer,29,Xiaomi,Redmi Note 13,466.98,€434.29,EUR,0.93,4.0,Positive,Germany,German,2023-10-05,True,3,3,2,3,4,6,Amazon
29643,Dr Jake Sullivan,19,Realme,Realme 12 Pro,246.12,£191.97,GBP,0.78,2.0,Neutral,UK,English,2025-04-15,True,2,3,1,1,2,3,Flipkart
3212,Danny Ramirez,18,Motorola,Razr 40,269.23,$269.23 ,USD,1.0,4.0,Positive,USA,English,2023-04-25,False,4,2,5,4,4,4,AliExpress
43851,Duncan Khan,37,Motorola,Edge 50,769.9,£600.52,GBP,0.78,5.0,Positive,UK,English,2025-09-21,True,5,4,4,3,4,4,AliExpress
2355,Falan Kumer,44,OnePlus,OnePlus 12,501.62,₹41634.46,INR,83.0,3.0,Neutral,India,Hindi,2023-11-30,False,2,1,3,1,2,0,BestBuy
31521,Jaroslav Bien-Mosemann,31,Samsung,Galaxy Note 20,1360.0,€1264.8,EUR,0.93,3.0,Neutral,Germany,German,2023-06-07,True,4,3,5,3,1,1,AliExpress
42584,Stacy Ayala,20,Google,Pixel 7a,935.31,A$1431.02,AUD,1.53,3.0,Positive,Australia,English,2024-06-07,True,4,3,3,3,3,5,Amazon
43338,Beverly Hicks,32,Samsung,Galaxy Note 20,1315.3,A$2012.41,AUD,1.53,3.0,Neutral,Australia,English,2024-04-17,False,3,2,2,4,4,2,BestBuy
45285,Abhimanyu Uppal,20,Samsung,Galaxy Note 20,424.28,₹35215.24,INR,83.0,3.0,Negative,India,Hindi,2024-11-02,True,1,2,4,1,2,3,AliExpress
46957,Douglas Armstrong,18,Google,Pixel 6,903.13,C$1246.32,CAD,1.38,5.0,Positive,Canada,English,2025-01-01,True,4,4,5,4,4,1,Amazon
48791,James Rollins,35,Realme,Realme Narzo 70,548.81,,AED,3.67,4.0,Positive,UAE,English,2025-07-29,False,4,2,2,3,5,4,eBay
36586,Jonathan Freeman,32,Xiaomi,Poco X6,311.06,A$475.92,AUD,1.53,5.0,Positive,Australia,English,2025-05-07,False,5,5,3,5,5,5,
10466,Elizabeth Allen,27,Google,Pixel 6,739.59,C$1020.63,CAD,1.38,2.0,Negative,Canada,English,2024-08-31,True,2,2,1,1,1,4,BestBuy
7822,Courtney Erickson,33,OnePlus,OnePlus 11R,427.21,,CAD,1.38,4.0,Positive,Canada,English,2024-03-19,True,3,3,4,3,3,4,AliExpress
7206,Zinal Kumar,22,Motorola,Edge 50,284.26,₹23593.58,INR,83.0,2.0,Negative,India,Hindi,2024-08-29,False,1,1,2,1,2,3,Amazon
6414,Alexander Reyes,43,Samsung,Galaxy Note 20,1211.36,C$1671.68,CAD,1.38,3.0,Neutral,Canada,English,2022-11-03,False,4,2,1,3,1,1,AliExpress
34047,Seth Lee,21,Realme,Realme 12 Pro,558.81,A$854.98,AUD,1.53,3.0,Neutral,Australia,English,2023-11-20,True,3,3,3,2,4,0,BestBuy
12729,Univ.Prof. Florian Knappe,18,OnePlus,OnePlus Nord 3,970.4,€902.47,EUR,0.93,5.0,Positive,Germany,German,2025-01-08,True,4,4,5,3,5,8,AliExpress
6926,Hansjörg Bender B.Sc.,36,Xiaomi,Mi 13 Pro,443.83,€223.36,EUR,0.93,4.0,Positive,Germany,German,2025-10-07,True,4,5,5,2,4,8,eBay
27996,Ikbal Zacharia,48,OnePlus,OnePlus 12,949.05,₹78771.15,INR,83.0,2.0,Neutral,India,Hindi,2024-02-10,False,1,1,2,1,1,1,AliExpress
37613,Krish Salvi,30,Samsung,Galaxy S24,658.69,₹54671.27,INR,83.0,4.0,Positive,India,Hindi,2025-06-14,True,3,4,3,5,4,2,
39484,David Skinner,26,Samsung,Galaxy Note 20,1139.2,د.إ4180.86,AED,3.67,3.0,Neutral,UAE,English,2022-11-14,True,3,4,1,3,2,3,Amazon
3017,Mrs Alison Robertson,38,Realme,Realme Narzo 70,396.11,£308.97,GBP,0.78,2.0,Neutral,UK,English,2024-08-14,True,2,1,1,2,1,3,Flipkart
1641,Tyler Rodriguez,39,Samsung,Galaxy Z Flip,1191.9,C$1644.82,CAD,1.38,5.0,Positive,Canada,English,2023-12-24,True,5,3,2,3,5,3,Flipkart
8884,Aarush Bir,44,OnePlus,OnePlus Nord 3,897.95,₹74529.85,INR,83.0,4.0,Positive,India,Hindi,2025-04-24,True,4,5,4,1,4,4,eBay
37602,Enrico Santos,29,Realme,Realme Narzo 70,570.48,R$3251.74,BRL,5.7,1.0,Negative,Brazil,Portuguese,2024-05-21,True,2,1,1,1,1,0,AliExpress
12970,Azad Merchant,48,OnePlus,OnePlus Nord 3,674.45,₹55979.35,INR,83.0,1.0,Negative,India,Hindi,2023-03-29,True,1,1,1,1,1,2,eBay
23464,Shaun Davies-Jones,18,Apple,iPhone SE,1363.66,£1063.65,GBP,0.78,3.0,Positive,UK,English,2024-10-11,True,3,3,3,2,2,6,Amazon
15758,Sieghard Harloff,45,Google,Pixel 8,593.88,€552.31,EUR,0.93,1.0,Negative,Germany,German,2025-06-06,True,2,1,1,1,1,4,
44077,Sra. Lara Martins,26,Google,Pixel 8,1002.82,R$5716.07,BRL,5.7,4.0,Positive,Brazil,Portuguese,2024-03-21,True,4,3,3,3,4,8,Amazon
4087,Univ.Prof. Pius Textor,52,Samsung,Galaxy Z Flip,494.86,€460.22,EUR,0.93,5.0,Positive,Germany,German,2022-10-31,False,3,3,4,4,4,4,Flipkart
509,John Harris,18,Realme,Realme 12 Pro,229.06,A$350.46,AUD,1.53,4.0,Positive,Australia,English,2025-02-04,True,4,5,2,4,3,4,Amazon
6355,Kieran Brown,24,Google,Pixel 8,566.19,£441.63,GBP,0.78,3.0,Neutral,UK,English,2024-06-27,True,2,2,2,1,3,3,eBay
29645,Guiseppe Binner-Pölitz,24,Samsung,Galaxy Note 20,528.39,€491.4,EUR,0.93,3.0,Neutral,Germany,German,2024-11-12,True,5,1,4,2,1,3,eBay
20816,Mark Morrison,18,Motorola,Razr 40,511.44,£577.24,GBP,0.78,4.0,Positive,UK,English,2025-10-20,True,4,5,2,4,5,4,eBay
6235,Théo Rios,31,Xiaomi,Redmi Note 13,638.8,R$3641.16,BRL,5.7,5.0,Positive,Brazil,Portuguese,2023-03-17,True,4,5,5,4,4,8,
31990,Nicholas Rhodes,18,Realme,Realme 12 Pro,323.45,$323.45 ,USD,1.0,3.0,Neutral,USA,English,2023-10-21,True,4,2,2,4,2,0,AliExpress
12996,Holly Meyer,34,Motorola,Razr 40,333.68,C$460.48,CAD,1.38,2.0,Neutral,Canada,English,2023-12-02,True,2,1,1,2,1,2,AliExpress
42502,Morgan King,34,Google,Pixel 6,1086.94,د.إ3989.07,AED,3.67,4.0,Positive,UAE,English,2025-09-21,True,4,2,4,3,2,3,AliExpress
38921,Laura Rodriguez,41,Samsung,Galaxy A55,819.24,C$1130.55,CAD,1.38,3.0,Positive,Canada,English,2022-11-09,True,3,3,2,3,4,3,Amazon
263,Jacob Anderson,32,OnePlus,OnePlus Nord 3,411.73,د.إ1511.05,AED,3.67,4.0,Positive,UAE,English,2024-01-23,True,5,4,3,5,3,5,eBay
7892,Mohammed Bentley,36,Realme,Realme Narzo 70,265.48,£207.07,GBP,0.78,4.0,Positive,UK,English,2024-07-16,True,3,4,3,3,2,5,BestBuy
10528,Tilly Patberg,33,OnePlus,OnePlus 11R,889.81,€827.52,EUR,0.93,4.0,Positive,Germany,German,2024-12-20,True,5,4,5,1,3,9,eBay
18601,Nilima Baral,31,Realme,Realme 12 Pro,322.8,,INR,83.0,3.0,Positive,India,Hindi,2024-06-05,True,4,2,4,2,3,4,Flipkart
24115,Maria Vitória Silveira,40,Motorola,Edge 50,501.55,R$2858.84,BRL,5.7,3.0,Neutral,Brazil,Portuguese,2022-10-22,True,1,3,1,2,2,1,AliExpress
33499,Oliver Khatri,33,Samsung,Galaxy Note 20,854.74,₹70943.42,INR,83.0,3.0,Neutral,India,Hindi,2024-01-04,True,3,1,1,2,2,1,Amazon
13472,Paula Junck,32,Apple,iPhone SE,965.06,€897.51,EUR,0.93,3.0,Neutral,Germany,German,2023-09-07,True,2,2,2,2,2,2,Flipkart
31726,Isaac Alvarez,33,OnePlus,OnePlus 11R,458.68,C$632.98,CAD,1.38,4.0,Positive,Canada,English,2024-06-03,True,1,3,3,3,5,2,Flipkart
23691,Robert Ortiz,43,Google,Pixel 6,827.71,د.إ3037.7,AED,3.67,3.0,Positive,UAE,English,2022-12-15,False,1,2,3,2,1,7,BestBuy
10558,Paula Rogers,45,OnePlus,OnePlus 11R,375.62,د.إ1378.53,AED,3.67,4.0,Positive,UAE,English,2024-07-28,True,4,2,3,2,3,5,eBay
6557,Amber Harris,21,Xiaomi,Redmi Note 13,304.86,£237.79,GBP,0.78,3.1197273114614403,Positive,UK,English,2025-08-05,True,4,2,1,2,2,3,Amazon
45578,Dr. Robert Lee,22,Xiaomi,Poco X6,539.11,C$743.97,CAD,1.38,2.0,Negative,Canada,English,2024-09-16,True,1,2,2,1,1,4,eBay
41504,Kimberly Powell,31,Apple,iPhone 13,1363.25,A$2085.77,AUD,1.53,3.0,Neutral,Australia,English,2024-06-19,True,2,2,3,2,2,3,eBay
27873,Anita Wason,20,Google,Pixel 6,1017.29,₹84435.07,INR,83.0,2.0,Neutral,India,Hindi,2025-07-25,True,2,3,1,2,1,6,BestBuy
10811,Dra. Maria Julia Correia,18,Realme,Realme Narzo 70,560.08,R$3192.46,BRL,5.7,4.0,Positive,Brazil,Portuguese,2023-03-28,True,3,4,4,2,5,8,Amazon
38215,Reva Swaminathan,30,OnePlus,OnePlus 12,807.86,₹67052.38,INR,83.0,4.0,Positive,India,Hindi,2025-09-23,True,2,1,3,2,5,4,eBay
11731,Joerg Kusch,45,Apple,iPhone 13,952.24,€885.58,EUR,0.93,3.0,Neutral,Germany,German,2023-07-30,True,1,3,2,1,1,2,Flipkart
27439,Jeremy Daniels,23,Samsung,Galaxy S24,1125.65,A$1722.24,AUD,1.53,5.0,Positive,Australia,English,2024-11-13,True,4,5,3,3,4,6,AliExpress
21780,David Evans,31,Xiaomi,Poco X6,345.59,A$528.75,AUD,1.53,5.0,Positive,Australia,English,2025-05-02,True,4,3,4,5,5,5,BestBuy
34080,Miss Janet Bass DDS,32,Motorola,Moto G Power,417.19,$417.19 ,USD,1.0,3.0,Neutral,USA,English,2023-08-09,False,4,3,2,2,1,3,Flipkart
22916,Onkar Nath,43,Google,Pixel 8,958.44,₹79550.52,INR,83.0,1.0,Neutral,India,Hindi,2024-12-11,True,1,1,1,1,1,4,Amazon
8086,Erin Nichols,35,Google,Pixel 6,858.5,,AUD,1.53,2.0,Negative,Australia,English,2025-09-27,True,2,4,1,1,1,2,Amazon
43468,Sarah Clark,38,Motorola,Razr 40,404.02,د.إ1482.75,AED,3.67,4.0,Positive,UAE,English,2024-05-11,False,4,2,2,4,3,10,AliExpress
14710,Juan Meyer,25,Realme,Realme Narzo 70,260.52,A$398.6,AUD,1.53,4.0,Neutral,Australia,English,2023-10-20,True,2,5,5,5,4,2,BestBuy
15467,Hayley Lowe,29,Google,Pixel 6,827.36,£645.34,GBP,0.78,2.0,Neutral,UK,English,2024-01-12,True,1,1,3,2,2,5,eBay
37173,Rose Francis,18,Motorola,Moto G Power,352.2,C$486.04,CAD,1.38,3.0,Neutral,Canada,English,2024-05-13,True,4,2,1,4,3,3,eBay
28749,Yasmin Souza,41,OnePlus,OnePlus Nord 3,803.05,R$4577.39,BRL,5.7,5.0,Positive,Brazil,Portuguese,2023-01-27,True,5,3,5,5,5,6,BestBuy
3105,Emmerich Schlosser,38,Apple,iPhone 15 Pro,1386.42,€1289.37,EUR,0.93,4.0,Positive,Germany,German,2023-07-25,False,3,3,2,2,4,3,Amazon
709,Beth Cline,18,Google,Pixel 7a,893.47,د.إ3279.03,AED,3.67,4.0,Neutral,UAE,English,2023-11-13,True,5,4,5,3,3,1,AliExpress
38386,Jonathan Morris,39,Motorola,Moto G Power,417.12,A$638.19,AUD,1.53,3.0,Positive,Australia,English,2025-03-12,True,2,3,3,2,3,10,Amazon
23445,Esther Preiß,42,Samsung,Galaxy Note 20,905.775,€1046.05,EUR,0.93,2.0,Negative,Germany,German,2023-04-03,True,1,3,2,1,2,2,Flipkart
26511,Alícia Casa Grande,33,Motorola,Edge 50,498.52,R$2841.56,BRL,5.7,2.0,Neutral,Brazil,Portuguese,2024-12-11,True,2,2,1,1,2,2,AliExpress
8467,Kai Sehgal,29,Realme,Realme Narzo 70,270.69,₹22467.27,INR,83.0,2.0,Positive,India,Hindi,2024-06-15,True,3,1,2,2,1,5,Flipkart
6231,Haley Chen,31,Realme,Realme Narzo 70,190.2,C$262.48,CAD,1.38,2.0,Neutral,Canada,English,2024-04-28,True,2,2,1,1,2,3,Flipkart
46359,Ferdi Ditschlerin-Siering,25,Motorola,Moto G Power,293.91,€273.34,EUR,0.93,2.0,Neutral,Germany,German,2025-06-08,False,3,1,2,2,1,3,eBay
39358,Dr Nathan Wood,37,OnePlus,OnePlus Nord 3,669.4,£749.63,GBP,0.78,4.0,Positive,UK,English,2023-06-15,True,4,5,5,5,4,4,
16387,Upma Dugal,31,Xiaomi,Redmi Note 13,285.32,₹23681.56,INR,83.0,3.0,Neutral,India,Hindi,2023-02-08,True,2,2,3,2,1,0,AliExpress
34166,Mrs. Kathy Novak,39,Xiaomi,Redmi Note 13,586.2,$586.20 ,USD,1.0,4.0,Positive,USA,English,2023-11-03,True,4,4,4,4,4,3,Amazon
4169,William Rivera,33,Google,Pixel 7a,998.86,C$1378.43,CAD,1.38,4.0,Positive,Canada,English,2023-05-18,False,3,3,2,4,3,6,Flipkart
5804,Catherine White,40,Google,Pixel 7a,809.44,C$1295.32,CAD,1.38,4.0,Positive,Canada,English,2024-07-20,True,2,3,5,5,4,2,eBay
12754,Kristina Brown,31,Realme,Realme 12 Pro,417.59,د.إ1532.56,AED,3.67,3.0,Neutral,UAE,English,2022-11-21,True,1,3,3,3,4,1,eBay
2190,Jill George,44,Apple,iPhone 14,1132.34,د.إ4155.69,AED,3.67,1.0,Negative,UAE,English,2023-01-05,True,1,1,1,2,1,1,BestBuy
12188,John Mccoy,32,Motorola,Razr 40,312.0,C$430.56,CAD,1.38,5.0,Positive,Canada,English,2024-04-17,True,5,5,4,4,4,7,AliExpress
31728,Cody Chambers,18,Motorola,Edge 50,582.77,د.إ2138.77,AED,3.67,4.0,Neutral,UAE,English,2023-03-12,True,4,4,3,4,4,1,BestBuy
19246,Dr Nicole Ford,28,Apple,iPhone SE,1015.84,£792.36,GBP,0.78,5.0,Positive,UK,English,2025-08-11,True,5,5,5,5,5,4,AliExpress
37867,Brandon King,34,Samsung,Galaxy Z Flip,1338.56,C$1847.21,CAD,1.38,5.0,Positive,Canada,English,2025-08-19,True,4,5,4,4,5,5,BestBuy
43515,Abeer Mittal,26,Motorola,Edge 50,738.62,₹61305.46,INR,83.0,4.0,Positive,India,Hindi,2024-09-20,True,3,4,5,5,2,4,Flipkart
8719,Darren Clarke-Lewis,42,Realme,Realme 12 Pro,565.55,£441.13,GBP,0.78,5.0,Positive,UK,English,2023-06-09,True,5,5,5,3,3,5,BestBuy
28825,Kenneth Hicks,43,Motorola,Razr 40,474.97,د.إ1743.14,AED,3.67,5.0,Positive,UAE,English,2025-07-16,True,4,4,3,4,4,3,Amazon
24469,Enrico Pinto,34,Apple,iPhone SE,875.31,R$4989.27,BRL,5.7,2.0,Negative,Brazil,Portuguese,2023-09-16,True,2,1,1,1,1,0,Amazon
48253,Rachel Johnson,27,Samsung,Galaxy Z Flip,1073.13,د.إ3938.39,AED,3.67,3.0,Neutral,UAE,English,2025-01-15,True,5,2,3,3,2,0,Amazon
7202,Mark Thompson,20,Apple,iPhone 14,722.05,$722.05 ,USD,1.0,3.0,Positive,USA,English,2024-01-01,True,2,2,3,3,3,4,BestBuy
9283,Manuella Azevedo,26,Samsung,Galaxy S24,1304.24,R$7434.17,BRL,5.7,3.0,Negative,Brazil,Portuguese,2024-12-20,True,2,4,2,3,2,3,BestBuy
26821,Gerald Morales,18,Xiaomi,Redmi Note 13,230.49,$230.49 ,USD,1.0,3.1197273114614403,Negative,USA,English,2023-06-06,True,5,3,4,3,4,9,Flipkart
27374,Ryan Morgan,22,Samsung,Galaxy S24,732.44,C$1010.77,CAD,1.38,3.075313807531381,Positive,Canada,English,2025-01-16,True,5,5,4,3,5,3,eBay
22493,Heloísa Montenegro,40,OnePlus,OnePlus Nord 3,475.21,R$2708.7,BRL,5.7,4.0,Positive,Brazil,Portuguese,2025-05-22,True,3,5,3,4,4,3,AliExpress
45638,Natália Garcia,20,Motorola,Razr 40,459.93,R$2621.6,BRL,5.7,2.0,Negative,Brazil,Portuguese,2024-04-30,True,1,2,1,1,1,2,eBay
45880,Conrad Sauer,18,Apple,iPhone 15 Pro,1366.76,€1271.09,EUR,0.93,2.0,Negative,Germany,German,2025-05-18,True,2,1,1,2,1,2,Amazon
29340,Alka Sehgal,33,Xiaomi,Poco X6,417.6,₹34660.8,INR,83.0,2.0,Negative,India,Hindi,2025-06-03,False,1,3,2,2,1,4,Amazon
46548,José Miguel Guerra,18,Xiaomi,Mi 13 Pro,209.78,R$1195.75,BRL,5.7,4.0,Positive,Brazil,Portuguese,2024-10-02,True,5,3,3,4,4,1,AliExpress
10804,Ashley Olsen,37,Xiaomi,Redmi Note 13,273.3,C$377.15,CAD,1.38,3.0,Positive,Canada,English,2024-04-22,True,4,3,1,3,3,7,Flipkart
20965,Thomas Buckley,18,OnePlus,OnePlus 11R,482.95,$482.95 ,USD,1.0,2.0,Neutral,USA,English,2024-04-22,True,1,2,3,1,1,3,AliExpress
30033,Laura Taylor,37,Apple,iPhone 14,1385.66,C$1912.21,CAD,1.38,1.0,Negative,Canada,English,2024-04-30,True,1,1,1,1,1,2,BestBuy
5223,Nada Salz-Reising,42,OnePlus,OnePlus Nord 3,943.21,€877.19,EUR,0.93,4.0,Positive,Germany,German,2025-01-27,False,4,4,4,3,5,5,BestBuy
660,Dr Alexander Boyle,18,Google,Pixel 6,1015.29,£791.93,GBP,0.78,4.0,Positive,UK,English,2023-11-27,True,4,4,4,3,1,7,eBay
33246,Ágatha Pastor,43,Realme,Realme 12 Pro,396.41,R$2132.2,BRL,5.7,4.0,Positive,Brazil,Portuguese,2024-08-04,True,3,4,3,4,4,8,Flipkart
5866,Yvonne Anderson,41,Realme,Realme 12 Pro,378.23,£295.02,GBP,0.78,3.0,Positive,UK,English,2025-04-18,True,2,2,4,3,1,0,AliExpress
48872,Kristin Anderson,21,Xiaomi,Mi 13 Pro,346.99,A$530.89,AUD,1.53,4.0,Positive,Australia,English,2025-03-19,False,2,3,2,4,4,3,Amazon
22986,Kristina Ramirez,47,Xiaomi,Poco X6,388.5,د.إ1425.8,AED,3.67,5.0,Positive,UAE,English,2025-07-05,True,2,5,3,4,4,6,eBay
28881,Bakhshi Nadkarni,19,Motorola,Razr 40,415.92,₹34521.36,INR,83.0,4.0,Positive,India,Hindi,2023-10-01,True,3,4,3,4,3,10,eBay
47088,Robert Jacobs,31,Xiaomi,Poco X6,285.35,C$393.78,CAD,1.38,2.0,Negative,Canada,English,2024-01-25,True,1,2,1,1,3,0,eBay
26528,Univ.Prof. Siglinde Tlustek,48,Motorola,Moto G Power,336.53,€312.97,EUR,0.93,2.0,Positive,Germany,German,2024-11-12,True,1,4,2,2,2,6,AliExpress
9648,Linda Bryant,36,OnePlus,OnePlus Nord 3,498.1,$498.10 ,USD,1.0,3.0,Positive,USA,English,2024-03-07,True,3,3,3,3,2,5,Amazon
49546,Brenda Carroll,18,Xiaomi,Mi 13 Pro,224.04,£174.75,GBP,0.78,4.0,Positive,UK,English,2024-06-29,True,5,4,4,4,3,7,Flipkart
32375,Yago Melo,36,Realme,Realme Narzo 70,409.09,,BRL,5.7,3.0,Neutral,Brazil,Portuguese,2022-12-12,True,2,4,1,2,3,3,eBay
26159,Michele Alvarado,18,OnePlus,OnePlus Nord 3,790.53,A$1209.51,AUD,1.53,4.0,Positive,Australia,English,2023-01-20,True,3,5,4,3,4,3,Amazon
11712,Crystal Durham,32,Realme,Realme 12 Pro,550.8,C$760.1,CAD,1.38,1.0,Negative,Canada,English,2024-01-26,True,1,1,2,1,1,2,BestBuy
27239,Herr Friedrich-Wilhelm Dobes,28,Samsung,Galaxy S24,493.61,€459.06,EUR,0.93,1.0,Negative,Germany,German,2023-07-29,True,1,1,1,1,1,3,eBay
18354,Caitlin Blackwell,22,Google,Pixel 6,643.32,A$984.28,AUD,1.53,4.0,Positive,Australia,English,2024-10-13,True,3,4,3,2,4,5,AliExpress
49515,Patrik Etzler-Hellwig,31,OnePlus,OnePlus 11R,667.0250000000001,€768.45,EUR,0.93,4.0,Positive,Germany,German,2024-06-09,True,4,3,3,3,2,5,AliExpress
21725,Kevin Blackburn,31,Realme,Realme 12 Pro,267.12,A$408.69,AUD,1.53,3.0,Neutral,Australia,English,2025-08-09,True,4,2,2,1,3,1,BestBuy
25925,Nathaniel Smith,22,Realme,Realme 12 Pro,457.08,$457.08 ,USD,1.0,2.0,Positive,USA,English,2025-05-10,True,3,3,2,1,2,5,BestBuy
41390,Nicholas Williams,32,Motorola,Razr 40,669.59,A$1024.47,AUD,1.53,4.0,Positive,Australia,English,2022-11-12,True,5,4,4,4,4,6,AliExpress
4773,William Velez,23,OnePlus,OnePlus 12,464.63,,AED,3.67,4.0,Positive,UAE,English,2024-01-27,True,4,3,5,4,4,4,eBay
35205,Barkha Om,20,Realme,Realme Narzo 70,364.02,₹30213.66,INR,83.0,3.0,Neutral,India,Hindi,2025-04-04,True,3,2,1,1,2,2,BestBuy
27879,Tamara Bailey,28,Google,Pixel 6,617.45,د.إ2266.04,AED,3.67,4.0,Neutral,UAE,English,2025-02-06,True,3,1,1,3,3,1,Amazon
5875,Anna Liz Sampaio,38,Apple,iPhone 13,1357.32,R$7736.72,BRL,5.7,3.0,Positive,Brazil,Portuguese,2025-01-26,False,2,1,1,2,2,1,BestBuy
17805,Bhavya Gole,33,Apple,iPhone 15 Pro,899.71,₹74675.93,INR,83.0,1.0,Negative,India,Hindi,2024-02-21,True,1,1,2,1,1,3,Flipkart
34224,Dipl.-Ing. Horst-Dieter Rudolph,34,Xiaomi,Mi 13 Pro,519.83,€483.44,EUR,0.93,2.0,Negative,Germany,German,2023-04-15,True,1,2,1,1,2,3,Amazon
7842,Deanna Young,35,Samsung,Galaxy S24,1139.48,د.إ4181.89,AED,3.67,3.0,Positive,UAE,English,2025-04-02,True,2,2,2,2,3,8,BestBuy
15923,Raghav Ganguly,21,Motorola,Razr 40,225.43,₹18710.69,INR,83.0,4.0,Positive,India,Hindi,2024-04-15,False,3,2,3,3,3,5,Amazon
28367,Declan McCarthy,27,Xiaomi,Mi 13 Pro,584.86,£456.19,GBP,0.78,3.098367697594502,Neutral,UK,English,2023-08-27,True,2,1,1,2,2,3,AliExpress
12084,Orinder Jaggi,19,Realme,Realme Narzo 70,441.53,₹36646.99,INR,83.0,2.0,Negative,India,Hindi,2023-07-23,False,3,2,1,1,1,1,BestBuy
20034,Rishi Anand,25,OnePlus,OnePlus 11R,988.15,₹82016.45,INR,83.0,4.0,Positive,India,Hindi,2024-12-04,True,1,4,5,3,5,4,AliExpress
14488,Mr Mohammed Pearson,29,Samsung,Galaxy S24,1129.58,£881.07,GBP,0.78,4.0,Positive,UK,English,2025-09-29,True,3,2,2,3,3,3,eBay
20819,Scott Johnson,28,OnePlus,OnePlus 12,400.5,د.إ1469.84,AED,3.67,5.0,Positive,UAE,English,2023-04-22,True,5,2,3,3,3,5,Amazon
37518,Ayush Kapur,21,Xiaomi,Mi 13 Pro,556.02,₹46149.66,INR,83.0,1.0,Negative,India,Hindi,2024-04-23,True,2,1,1,1,1,6,AliExpress
44236,Gregory Roach,32,Motorola,Edge 50,645.13,$645.13 ,USD,1.0,3.0,Neutral,USA,English,2025-07-17,True,1,3,3,3,4,0,BestBuy
48651,Jonathan Dodd,31,Samsung,Galaxy Note 20,406.02,£316.7,GBP,0.78,3.0,Neutral,UK,English,2025-05-10,True,2,2,2,3,2,3,BestBuy
36236,Jesus Stewart,34,Google,Pixel 7a,679.43,د.إ2493.51,AED,3.67,2.0,Negative,UAE,English,2024-09-13,True,3,1,3,2,3,0,BestBuy
21070,Jonathan Garza,39,Realme,Realme 12 Pro,394.91,A$604.21,AUD,1.53,1.0,Negative,Australia,English,2024-09-26,True,1,1,1,1,2,1,Flipkart
9524,Jeffrey Elliott,20,Realme,Realme 12 Pro,359.13,$359.13 ,USD,1.0,2.0,Negative,USA,English,2024-01-15,True,2,1,1,2,2,2,BestBuy
32756,Marc Price,33,Xiaomi,Mi 13 Pro,300.39,C$414.54,CAD,1.38,1.0,Neutral,Canada,English,2023-08-22,True,1,1,1,1,3,2,AliExpress
12054,Marcela Duarte,18,Xiaomi,Redmi Note 13,320.59,R$1827.36,BRL,5.7,2.0,Neutral,Brazil,Portuguese,2025-03-15,False,1,1,1,2,2,5,Amazon
23594,Rachel Flores,36,OnePlus,OnePlus Nord 3,500.31,C$690.43,CAD,1.38,3.0,Neutral,Canada,English,2025-06-18,True,2,4,3,2,4,3,BestBuy
8038,Billy Stephens,31,Xiaomi,Poco X6,354.14,A$541.83,AUD,1.53,3.0,Neutral,Australia,English,2022-11-13,True,4,3,4,3,3,2,Amazon
46977,Allen Smith,18,Apple,iPhone 13,1050.39,C$1449.54,CAD,1.38,3.0,Neutral,Canada,English,2023-02-08,True,1,3,4,2,4,0,Flipkart
16400,Pranav Brar,30,Motorola,Edge 50,543.37,₹45099.71,INR,83.0,2.0,Neutral,India,Hindi,2024-03-24,True,2,4,2,2,2,1,Flipkart
45786,Damini Wagle,32,Google,Pixel 6,745.81,₹61902.23,INR,83.0,4.0,Positive,India,Hindi,2025-04-20,True,4,3,3,3,3,3,AliExpress
34616,Brett Thomas,39,Motorola,Edge 50,430.58,£335.85,GBP,0.78,2.0,Neutral,UK,English,2025-10-16,False,1,2,1,1,2,3,eBay
7625,Richard Davis,43,Motorola,Moto G Power,617.51,A$944.79,AUD,1.53,1.0,Negative,Australia,English,2024-12-08,True,1,1,1,2,1,3,Amazon
13662,Jennifer Powell,32,Xiaomi,Mi 13 Pro,430.61,C$594.24,CAD,1.38,5.0,Positive,Canada,English,2025-02-26,True,4,5,5,5,5,6,BestBuy
37737,Dra. Giovanna da Conceição,27,Google,Pixel 8,592.79,R$3378.9,BRL,5.7,4.0,Positive,Brazil,Portuguese,2023-03-30,True,4,4,4,3,4,2,Flipkart
26542,Eloá Araújo,23,Motorola,Edge 50,455.82,R$2598.17,BRL,5.7,2.0,Neutral,Brazil,Portuguese,2025-04-11,True,1,1,1,1,2,2,eBay
13268,Patricia Townsend,28,Realme,Realme 12 Pro,297.1,د.إ1090.36,AED,3.67,3.147565320665083,Neutral,UAE,English,2024-01-14,True,3,2,1,2,2,2,BestBuy
18083,Holly Clark,44,Realme,Realme Narzo 70,314.01,C$433.33,CAD,1.38,1.0,Negative,Canada,English,2023-05-10,True,1,2,1,1,1,1,Flipkart
48086,Nancy Stewart,38,OnePlus,OnePlus 11R,667.0250000000001,A$1064.53,AUD,1.53,4.0,Positive,Australia,English,2025-06-07,True,4,4,4,4,3,5,eBay
42768,Sneha Srinivas,32,Motorola,Razr 40,308.03,₹25566.49,INR,83.0,1.0,Negative,India,Hindi,2023-09-23,True,2,1,1,1,1,1,AliExpress
4071,Rachit Chopra,28,Realme,Realme 12 Pro,466.48,₹38717.84,INR,83.0,1.0,Neutral,India,Hindi,2024-02-09,True,1,1,2,1,1,0,AliExpress
16287,Bernardo Dias,19,Apple,iPhone 15 Pro,1152.07,R$6566.8,BRL,5.7,4.0,Positive,Brazil,Portuguese,2025-08-24,True,4,3,4,5,3,6,AliExpress
1119,Dr Mark Smith,34,Motorola,Moto G Power,480.91,£375.11,GBP,0.78,1.0,Negative,UK,English,2023-05-08,True,2,1,1,1,2,4,eBay
10075,Ashley Thomas,45,Google,Pixel 7a,826.33,,USD,1.0,5.0,Positive,USA,English,2024-03-14,True,5,3,5,5,5,8,Flipkart
11374,Hans-Hermann Bähr B.Sc.,39,Apple,iPhone 13,776.36,€722.01,EUR,0.93,5.0,Positive,Germany,German,2024-05-14,True,4,4,5,5,3,6,Flipkart
32685,Girik Andra,50,Apple,iPhone 14,1416.74,₹117589.42,INR,83.0,1.0,Neutral,India,Hindi,2023-04-28,True,1,1,1,1,2,1,BestBuy
46434,Ana Laura Vasconcelos,33,Xiaomi,Poco X6,533.56,R$3041.29,BRL,5.7,4.0,Positive,Brazil,Portuguese,2024-02-09,True,5,5,4,3,4,10,Flipkart
25350,Zashil Bala,34,Xiaomi,Redmi Note 13,621.05,₹51547.15,INR,83.0,1.0,Negative,India,Hindi,2023-05-31,True,1,2,1,1,1,1,Flipkart
6716,Francis Moore,20,Google,Pixel 6,586.6,£457.55,GBP,0.78,1.0,Negative,UK,English,2024-11-23,True,1,2,2,1,1,1,eBay
34568,Jonathan Sloan,18,Samsung,Galaxy A55,984.4,A$1506.13,AUD,1.53,3.0,Neutral,Australia,English,2025-02-27,True,1,1,1,3,2,0,AliExpress
1031,Matthew House,18,Apple,iPhone 14,753.75,C$1040.17,CAD,1.38,4.0,Positive,Canada,English,2024-06-15,True,5,5,2,2,3,8,AliExpress
22754,Vicente Cavalcanti,28,OnePlus,OnePlus 12,642.5,R$3662.25,BRL,5.7,3.0,Neutral,Brazil,Portuguese,2024-12-03,True,2,2,2,3,3,2,BestBuy
11762,Jason Jones,25,Google,Pixel 7a,761.07,$761.07 ,USD,1.0,5.0,Positive,USA,English,2023-09-19,True,4,5,5,4,5,8,Amazon
35897,George Wood,18,Google,Pixel 6,977.33,C$1348.72,CAD,1.38,5.0,Positive,Canada,English,2025-06-17,True,5,3,4,5,5,4,eBay
14493,Yasmin Caldeira,26,Xiaomi,Redmi Note 13,479.47,,BRL,5.7,5.0,Positive,Brazil,Portuguese,2024-11-22,True,4,4,5,4,4,7,Flipkart
25086,Steven Ayala,18,Realme,Realme 12 Pro,396.41,د.إ1214.59,AED,3.67,3.0,Positive,UAE,English,2025-01-16,True,2,3,1,3,2,3,Flipkart
20396,Oliver Cirino,34,Apple,iPhone 15 Pro,1145.58,R$6529.81,BRL,5.7,2.0,Neutral,Brazil,Portuguese,2024-05-15,True,1,1,2,1,1,4,BestBuy
4814,Whitney Mason,31,Google,Pixel 8,835.28,د.إ3065.48,AED,3.67,1.0,Neutral,UAE,English,2025-10-04,True,1,1,1,1,1,1,Flipkart
8995,Ulf Johann,34,Realme,Realme Narzo 70,246.71,€229.44,EUR,0.93,4.0,Positive,Germany,German,2023-08-15,True,3,4,4,5,2,3,Flipkart
49692,João Miguel Vieira,19,Google,Pixel 7a,721.51,R$4112.61,BRL,5.7,2.0,Negative,Brazil,Portuguese,2025-09-17,True,2,1,1,3,2,1,AliExpress
21375,Susan Martinez,25,Realme,Realme 12 Pro,598.0,د.إ2194.66,AED,3.67,2.0,Negative,UAE,English,2025-05-04,True,3,1,1,2,1,2,Flipkart
30243,Kristi Jackson,41,OnePlus,OnePlus Nord 3,639.35,$639.35 ,USD,1.0,5.0,Positive,USA,English,2023-11-26,True,5,4,5,3,5,1,BestBuy
47579,Danielle Perez,18,Apple,iPhone SE,1101.03,"$1,487.14 ",USD,1.0,1.0,Negative,USA,English,2025-01-05,False,1,1,2,1,1,3,eBay
1165,Rafael Guerra,18,OnePlus,OnePlus 11R,414.54,R$2362.88,BRL,5.7,4.0,Neutral,Brazil,Portuguese,2025-04-02,True,4,4,3,2,4,2,Flipkart
24811,Terry Williams,35,OnePlus,OnePlus 12,386.46,C$533.31,CAD,1.38,3.0,Neutral,Canada,English,2022-11-03,True,3,5,3,4,2,0,BestBuy
21110,Kayla Lopez,37,Google,Pixel 7a,1028.72,A$1573.94,AUD,1.53,2.0,Neutral,Australia,English,2022-10-23,True,2,2,1,1,1,1,
3698,Mark Farley,47,Google,Pixel 7a,674.76,د.إ2476.37,AED,3.67,2.0,Neutral,UAE,English,2022-12-08,True,2,2,1,3,2,2,Amazon
11439,Carol Foster,44,Xiaomi,Poco X6,452.32,د.إ1660.01,AED,3.67,3.0,Positive,UAE,English,2025-02-27,True,1,2,1,3,1,9,Amazon
4470,Donald Coleman,33,Xiaomi,Redmi Note 13,224.12,$224.12 ,USD,1.0,4.0,Positive,USA,English,2024-05-01,True,3,3,1,3,3,3,eBay
9808,Lindsay Travis,18,Samsung,Galaxy Z Flip,812.34,$812.34 ,USD,1.0,3.0,Neutral,USA,English,2022-12-08,True,2,5,1,2,3,4,BestBuy
47768,Elaine Norris-Hall,28,Motorola,Edge 50,389.41,£303.74,GBP,0.78,2.0,Neutral,UK,English,2024-09-25,True,1,2,3,2,1,3,eBay
6749,Leanne Smith-Simpson,22,Motorola,Edge 50,284.23,£221.7,GBP,0.78,4.0,Positive,UK,English,2024-08-20,True,4,3,2,3,3,3,Amazon
49185,Götz Reising,44,Realme,Realme Narzo 70,570.76,€530.81,EUR,0.93,3.0,Positive,Germany,German,2025-10-10,True,3,3,1,2,1,6,BestBuy
17379,Levi Mendonça,37,Xiaomi,Redmi Note 13,397.39,R$2265.12,BRL,5.7,1.0,Negative,Brazil,Portuguese,2025-04-12,True,2,1,1,1,2,2,Flipkart
36885,Matthew Gallegos,29,Motorola,Razr 40,421.34,د.إ1546.32,AED,3.67,3.0,Negative,UAE,English,2024-08-12,True,2,2,1,3,4,0,AliExpress
13357,Ralph Miller,23,Xiaomi,Redmi Note 13,624.65,د.إ2292.47,AED,3.67,4.0,Positive,UAE,English,2024-03-01,True,3,4,3,5,4,8,eBay
32405,Prof. Elfi Bonbach,21,Motorola,Moto G Power,433.13,€402.81,EUR,0.93,2.0,Negative,Germany,German,2023-06-09,True,2,1,1,3,1,0,eBay
42455,Mr Edward Simpson,34,Samsung,Galaxy Z Flip,511.37,£398.87,GBP,0.78,4.0,Positive,UK,English,2024-06-18,True,4,3,4,3,3,6,Flipkart
46066,Patricia Moore,21,OnePlus,OnePlus 12,967.04,A$1479.57,AUD,1.53,3.0,Positive,Australia,English,2024-01-22,True,3,2,3,2,2,6,Amazon
11539,Neelima Dhar,18,Google,Pixel 7a,1068.64,₹88697.12,INR,83.0,5.0,Positive,India,Hindi,2025-10-07,False,2,4,5,4,3,5,BestBuy
2009,David Wilson,25,OnePlus,OnePlus 12,554.68,A$848.66,AUD,1.53,4.0,Positive,Australia,English,2023-03-25,False,3,4,5,4,3,7,Amazon
3222,Caleb Souza,32,Motorola,Moto G Power,415.03,R$2365.67,BRL,5.7,4.0,Positive,Brazil,Portuguese,2023-08-13,True,3,3,5,4,2,4,BestBuy
44997,Carole Phillips,41,Xiaomi,Mi 13 Pro,482.33,£376.22,GBP,0.78,4.0,Positive,UK,English,2023-11-07,True,2,3,4,5,5,5,Flipkart
18763,Eleanor Patel,41,Xiaomi,Mi 13 Pro,529.8,£413.24,GBP,0.78,2.0,Negative,UK,English,2023-11-08,False,2,1,3,1,1,2,eBay
14166,Ryan Walton-West,22,Samsung,Galaxy Note 20,905.775,£520.43,GBP,0.78,4.0,Positive,UK,English,2023-10-31,False,3,2,4,4,4,1,BestBuy
40684,Emine Gude-Adolph,23,Apple,iPhone 14,1374.19,€1278.0,EUR,0.93,3.0,Positive,Germany,German,2023-12-28,True,4,4,1,4,4,5,eBay
25081,Anthony Konda,18,Samsung,Galaxy A55,631.06,₹52377.98,INR,83.0,4.0,Positive,India,Hindi,2025-06-17,True,3,3,3,2,2,6,AliExpress
1823,Catherine Ramos,37,Realme,Realme Narzo 70,393.58,C$543.14,CAD,1.38,3.0,Neutral,Canada,English,2025-07-13,True,1,2,5,2,2,0,Flipkart
44662,Ashley Crawford,30,Apple,iPhone SE,1155.33,د.إ4240.06,AED,3.67,2.0,Negative,UAE,English,2023-03-08,False,1,1,2,1,3,0,
6849,Brijesh Bajaj,38,Motorola,Moto G Power,329.76,₹27370.08,INR,83.0,2.0,Neutral,India,Hindi,2024-04-23,True,2,2,1,2,1,2,AliExpress
12636,Carolyn Parker,27,Google,Pixel 6,946.13,A$1447.58,AUD,1.53,4.0,Positive,Australia,English,2023-10-15,True,3,4,3,2,4,9,Amazon
37669,Herr Marijan Heinrich,42,Google,Pixel 8,844.08,€784.99,EUR,0.93,1.0,Neutral,Germany,German,2023-07-25,True,1,1,2,1,2,0,eBay
6096,Matthew Kaufman,24,Samsung,Galaxy A55,718.95,$718.95 ,USD,1.0,4.0,Positive,USA,English,2024-01-15,True,5,4,2,3,3,6,eBay
39249,Forum Sridhar,18,Realme,Realme Narzo 70,195.64,₹16238.12,INR,83.0,4.0,Positive,India,Hindi,2023-01-22,True,5,4,4,3,4,2,AliExpress
10578,Brittany Mueller,33,Samsung,Galaxy Z Flip,883.34,د.إ3241.86,AED,3.67,5.0,Positive,UAE,English,2023-09-08,True,5,4,5,5,5,9,Amazon
31075,Danilo Peixoto,41,OnePlus,OnePlus 12,716.47,R$4083.88,BRL,5.7,4.0,Positive,Brazil,Portuguese,2025-07-09,True,4,4,1,4,4,4,AliExpress
29113,George Jones,30,Samsung,Galaxy A55,1320.03,د.إ4844.51,AED,3.67,4.0,Positive,UAE,English,2025-10-12,True,5,5,2,4,3,4,BestBuy
10193,Scott Hunt Jr.,32,Realme,Realme 12 Pro,520.22,A$795.94,AUD,1.53,2.0,Positive,Australia,English,2022-11-26,True,1,3,2,1,3,7,eBay
315,Brittney Olson,24,OnePlus,OnePlus Nord 3,933.31,د.إ3425.25,AED,3.67,5.0,Positive,UAE,English,2023-04-08,False,3,5,5,4,5,4,Flipkart
11450,Kathleen Kline,35,Motorola,Razr 40,349.69,د.إ1283.36,AED,3.67,2.0,Neutral,UAE,English,2023-06-22,True,1,2,1,1,1,5,Amazon
30746,Tonya Cline,39,Xiaomi,Mi 13 Pro,218.38,$218.38 ,USD,1.0,5.0,Positive,USA,English,2025-02-18,True,5,3,4,5,4,6,AliExpress
29703,Cynthia Webb,21,Apple,iPhone 15 Pro,1102.27,C$1075.12,CAD,1.38,4.0,Positive,Canada,English,2022-11-11,True,2,4,1,3,4,4,Amazon
27659,Dustin Stone,30,OnePlus,OnePlus 11R,922.87,A$1411.99,AUD,1.53,2.0,Negative,Australia,English,2024-09-27,True,3,2,1,2,2,1,Amazon
23686,Januja Soni,34,Realme,Realme Narzo 70,180.07,₹14945.81,INR,83.0,5.0,Positive,India,Hindi,2024-10-27,True,4,5,3,5,4,7,eBay
28376,Kyle Wilson,45,OnePlus,OnePlus Nord 3,499.8,C$689.72,CAD,1.38,3.0,Neutral,Canada,English,2024-03-22,True,3,4,4,4,3,1,Flipkart
3086,Ing. Otfried Köster B.Eng.,43,Motorola,Edge 50,354.05,€329.27,EUR,0.93,1.0,Negative,Germany,German,2024-11-09,True,1,2,1,1,1,1,AliExpress
49372,Chatresh Parikh,27,Samsung,Galaxy S24,758.22,₹62932.26,INR,83.0,3.075313807531381,Negative,India,Hindi,2022-10-29,True,1,1,1,1,2,3,BestBuy
3752,Carl Huffman,35,Apple,iPhone 15 Pro,1076.61,C$1485.72,CAD,1.38,3.0839243498817965,Positive,Canada,English,2022-12-04,True,4,4,3,3,2,2,eBay
5049,Antonio Thompson,57,Apple,iPhone SE,961.75,C$1327.21,CAD,1.38,5.0,Positive,Canada,English,2024-11-03,True,3,5,5,5,3,5,AliExpress
29187,Victor Potter,45,Samsung,Galaxy A55,467.37,A$715.08,AUD,1.53,1.0,Negative,Australia,English,2023-02-11,True,1,1,2,1,1,4,Flipkart
30709,Turvi Ganesan,41,OnePlus,OnePlus 12,551.78,₹45797.74,INR,83.0,3.0,Positive,India,Hindi,2022-10-24,True,4,4,2,1,3,4,Flipkart
20147,Justin Cooper,34,Xiaomi,Poco X6,428.66,£334.35,GBP,0.78,2.0,Negative,UK,English,2023-09-15,True,1,1,1,1,3,2,AliExpress
32250,Duncan Evans,22,Apple,iPhone 13,836.93,£652.81,GBP,0.78,3.0,Positive,UK,English,2024-09-07,False,3,2,2,4,4,6,
4970,Gaurav Tailor,42,Samsung,Galaxy S24,888.435,₹54013.08,INR,83.0,3.0,Neutral,India,Hindi,2025-08-21,True,1,3,3,2,4,6,eBay
30526,Kevin Baird,20,Realme,Realme Narzo 70,466.41,A$713.61,AUD,1.53,2.0,Neutral,Australia,English,2025-06-28,True,2,1,1,2,1,2,eBay
18495,Kate Sanderson-Clark,46,Motorola,Moto G Power,649.58,,GBP,0.78,3.128399465002229,Positive,UK,English,2024-04-05,True,2,2,2,3,4,5,BestBuy
38065,Henrique da Rocha,37,Xiaomi,Redmi Note 13,507.57,R$2893.15,BRL,5.7,2.0,Negative,Brazil,Portuguese,2023-07-23,True,3,1,3,3,2,2,eBay
41837,Tilo Budig,36,OnePlus,OnePlus 12,489.66,€455.38,EUR,0.93,4.0,Positive,Germany,German,2023-12-21,True,3,2,5,2,4,6,BestBuy
32753,Justin Fields,23,Google,Pixel 8,749.0,,USD,1.0,5.0,Positive,USA,English,2024-08-16,True,5,4,5,3,5,4,eBay
20074,Simon Pickering,21,Motorola,Edge 50,507.68,£395.99,GBP,0.78,4.0,Negative,UK,English,2025-07-22,True,3,2,5,3,5,3,AliExpress
26274,Patricia Thompson MD,29,OnePlus,OnePlus 12,688.69,,AED,3.67,2.0,Neutral,UAE,English,2024-11-07,True,1,1,1,1,1,6,
13650,Terry Hammond MD,24,Xiaomi,Mi 13 Pro,273.88,A$419.04,AUD,1.53,4.0,Positive,Australia,English,2023-11-16,False,4,3,4,5,3,4,Flipkart
25534,Stephanie Rios,27,Samsung,Galaxy A55,1315.02,A$2011.98,AUD,1.53,3.0,Positive,Australia,English,2025-05-28,True,3,3,2,2,2,7,Flipkart
17522,Kyle Tapia,28,Realme,Realme Narzo 70,512.14,د.إ1879.55,AED,3.67,5.0,Positive,UAE,English,2025-05-25,True,5,5,5,5,5,5,Amazon
25481,Dylan Baxter,31,OnePlus,OnePlus Nord 3,515.36,د.إ1891.37,AED,3.67,4.0,Positive,UAE,English,2024-08-24,True,5,3,2,3,4,3,AliExpress
48235,Katie Walker,18,OnePlus,OnePlus 12,588.48,A$900.37,AUD,1.53,4.0,Positive,Australia,English,2023-11-01,True,5,5,5,4,4,4,eBay
48788,Mrs Janice Begum,31,OnePlus,OnePlus 12,865.21,£674.86,GBP,0.78,2.0,Negative,UK,English,2023-01-04,False,1,3,1,3,1,1,
32390,Joshua Thomas,32,Xiaomi,Mi 13 Pro,548.73,$548.73 ,USD,1.0,5.0,Positive,USA,English,2023-12-08,True,5,3,5,4,5,6,AliExpress
5087,Pedro Lucas Lima,19,Xiaomi,Redmi Note 13,248.15,,BRL,5.7,4.0,Positive,Brazil,Portuguese,2023-05-30,False,5,4,3,1,5,11,eBay
17253,Eduardo Vargas,21,Apple,iPhone 13,926.39,R$5280.42,BRL,5.7,3.0,Negative,Brazil,Portuguese,2025-03-08,False,4,4,1,2,1,4,Flipkart
4040,Kenneth Adams,20,Realme,Realme 12 Pro,225.04,د.إ825.9,AED,3.67,1.0,Negative,UAE,English,2025-06-05,False,1,1,1,1,1,5,AliExpress
18387,Anthony Harrington,20,Realme,Realme 12 Pro,575.19,A$880.04,AUD,1.53,3.0,Positive,Australia,English,2024-12-05,True,4,3,3,4,1,5,Amazon
4247,Tarak Aurora,29,Realme,Realme 12 Pro,521.34,₹43271.22,INR,83.0,4.0,Neutral,India,Hindi,2025-03-12,True,4,4,3,5,3,1,Amazon
18628,Steven Bell,31,OnePlus,OnePlus 11R,750.89,A$1148.86,AUD,1.53,2.0,Negative,Australia,English,2023-05-11,True,1,1,3,2,1,1,Flipkart
880,Keith Aguilar,29,Realme,Realme Narzo 70,185.74,$185.74 ,USD,1.0,5.0,Positive,USA,English,2023-03-26,True,5,5,4,4,5,11,Amazon
23299,Nicholas Dixon,19,OnePlus,OnePlus 11R,940.22,$940.22 ,USD,1.0,4.0,Neutral,USA,English,2023-10-03,True,4,3,2,5,4,2,eBay
29753,José Farias,18,Google,Pixel 7a,582.65,R$3321.11,BRL,5.7,4.0,Neutral,Brazil,Portuguese,2025-08-30,True,4,2,4,4,4,3,Flipkart
30173,Friedo Linke B.Sc.,18,Realme,Realme 12 Pro,540.52,€502.68,EUR,0.93,4.0,Positive,Germany,German,2023-12-31,True,1,5,2,5,4,4,BestBuy
28560,Carrie Wolfe,26,Realme,Realme Narzo 70,511.2,A$782.14,AUD,1.53,4.0,Positive,Australia,English,2023-04-12,True,4,4,4,4,4,8,Flipkart
18864,Kevin Scott,35,Samsung,Galaxy A55,1045.16,"$1,045.16 ",USD,1.0,4.0,Positive,USA,English,2024-05-27,False,4,4,3,3,3,3,eBay
43344,Tiffany Forbes,41,Xiaomi,Mi 13 Pro,642.49,A$983.01,AUD,1.53,3.0,Neutral,Australia,English,2023-04-30,True,3,3,3,3,4,3,Amazon
34211,Nirja Saxena,31,Apple,iPhone 13,809.61,₹67197.63,INR,83.0,2.0,Neutral,India,Hindi,2023-02-21,True,2,2,2,2,1,2,eBay
26084,Gottfried Gute,31,Motorola,Edge 50,244.96,€227.81,EUR,0.93,4.0,Positive,Germany,German,2023-09-01,True,3,2,4,2,2,5,BestBuy
1942,Lisa Garrison,38,Motorola,Razr 40,372.41,$372.41 ,USD,1.0,3.0,Positive,USA,English,2023-03-29,True,2,1,3,2,2,6,Flipkart
22226,Tanya Scott,21,OnePlus,OnePlus Nord 3,575.19,د.إ2110.95,AED,3.67,4.0,Positive,UAE,English,2024-09-23,True,2,5,5,4,3,3,BestBuy
44692,Silva Binner,29,Xiaomi,Mi 13 Pro,319.0,,EUR,0.93,2.0,Neutral,Germany,German,2023-03-18,True,2,3,1,3,2,1,Amazon
43240,Michelle Thomas,36,Motorola,Edge 50,202.74,A$310.19,AUD,1.53,1.0,Negative,Australia,English,2024-08-05,True,1,1,1,1,1,1,Flipkart
23860,Hans Jürgen Ackermann,42,OnePlus,OnePlus 11R,951.32,€884.73,EUR,0.93,5.0,Positive,Germany,German,2025-09-03,True,3,4,4,5,5,4,AliExpress
14159,Angela Delgado,18,Motorola,Razr 40,392.78,$392.78 ,USD,1.0,3.0,Positive,USA,English,2024-12-07,True,4,2,5,3,2,3,Amazon
33876,Qasim Ramachandran,39,Motorola,Moto G Power,525.28,₹43598.24,INR,83.0,5.0,Positive,India,Hindi,2024-07-28,True,5,5,5,5,5,3,BestBuy
48105,Sarah Patton,18,Realme,Realme 12 Pro,550.06,$550.06 ,USD,1.0,5.0,Positive,USA,English,2025-03-21,True,5,3,4,5,4,4,Amazon
23450,Sandra Chapman,33,Xiaomi,Poco X6,317.92,A$486.42,AUD,1.53,2.0,Neutral,Australia,English,2024-08-25,True,2,1,1,2,3,2,AliExpress
6624,Jean Smith,27,Motorola,Edge 50,737.3,A$1128.07,AUD,1.53,3.0,Neutral,Australia,English,2025-05-15,True,1,3,3,3,2,1,Flipkart
38265,Evan Adams,18,Samsung,Galaxy S24,1119.62,د.إ4109.01,AED,3.67,3.0,Neutral,UAE,English,2023-07-14,True,3,2,2,2,3,0,Flipkart
26242,Teresa Brown,27,OnePlus,OnePlus 11R,813.43,£634.48,GBP,0.78,3.0,Neutral,UK,English,2023-01-01,True,3,3,2,2,3,0,eBay
47592,Susanne Mühle,19,Realme,Realme Narzo 70,508.3,€472.72,EUR,0.93,4.0,Positive,Germany,German,2025-07-18,True,4,3,5,3,2,1,eBay
24156,Vrinda Kibe,44,Realme,Realme Narzo 70,425.02,₹35276.66,INR,83.0,5.0,Positive,India,Hindi,2024-05-15,True,5,4,4,4,5,5,Flipkart
32059,Frau Marlene Stadelmann MBA.,45,Xiaomi,Mi 13 Pro,644.71,€599.58,EUR,0.93,2.0,Negative,Germany,German,2025-08-20,True,1,2,2,2,1,1,
9332,Tammy Jones,29,Xiaomi,Poco X6,524.55,$524.55 ,USD,1.0,1.0,Negative,USA,English,2024-05-09,True,1,1,1,1,2,2,AliExpress
43565,Micheal Shah,34,Motorola,Moto G Power,392.24,د.إ1439.52,AED,3.67,4.0,Positive,UAE,English,2023-05-30,True,4,4,4,4,2,10,Amazon
3494,Arunima Gupta,61,Google,Pixel 8,971.57,₹80640.31,INR,83.0,4.0,Positive,India,Hindi,2024-11-18,True,3,3,2,4,4,5,
4879,Ryan Harmon,21,Xiaomi,Poco X6,593.84,A$908.58,AUD,1.53,4.0,Positive,Australia,English,2023-12-24,True,3,3,3,5,3,5,Flipkart
47063,Erica Wright,29,Motorola,Edge 50,333.13,A$509.69,AUD,1.53,3.0,Negative,Australia,English,2025-03-07,True,3,1,3,4,3,3,Flipkart
999,Randall Greene,35,Google,Pixel 6,793.94,C$1095.64,CAD,1.38,5.0,Positive,Canada,English,2025-08-07,True,4,5,4,5,5,7,AliExpress
37087,John Howard,40,Apple,iPhone 14,1319.95,A$2019.52,AUD,1.53,1.0,Negative,Australia,English,2023-05-15,False,1,1,2,1,1,2,BestBuy
36438,Adriana Morgan,21,Apple,iPhone SE,1238.72,"$1,238.72 ",USD,1.0,4.0,Positive,USA,English,2025-04-14,False,4,1,2,5,3,6,AliExpress
34750,Ms Joan Adams,18,Google,Pixel 8,815.26,£635.9,GBP,0.78,4.0,Positive,UK,English,2024-02-27,False,5,3,5,3,2,3,BestBuy
28617,Eloá Cardoso,33,Motorola,Edge 50,675.56,R$3850.69,BRL,5.7,1.0,Negative,Brazil,Portuguese,2024-06-14,True,1,1,1,1,2,3,Flipkart
37096,Gary Arnold,28,Xiaomi,Redmi Note 13,370.4,£288.91,GBP,0.78,3.0,Positive,UK,English,2025-08-26,True,2,4,3,2,1,4,AliExpress
22811,Laura Barber,42,OnePlus,OnePlus Nord 3,411.66,£321.09,GBP,0.78,1.0,Negative,UK,English,2024-04-01,True,2,1,1,1,1,1,eBay
7143,Jennifer Shaffer,39,OnePlus,OnePlus 11R,769.05,A$1176.65,AUD,1.53,2.0,Negative,Australia,English,2022-12-29,False,3,2,1,3,4,3,AliExpress
21559,Victor Brown,18,Xiaomi,Redmi Note 13,271.84,C$375.14,CAD,1.38,4.0,Positive,Canada,English,2023-02-06,True,5,3,3,3,3,4,AliExpress
9936,Dr. Christopher Mcclain,36,OnePlus,OnePlus 11R,472.61,C$652.2,CAD,1.38,3.0,Positive,Canada,English,2023-09-21,True,2,1,3,4,3,3,AliExpress
4789,Rachel Mccullough,35,OnePlus,OnePlus 12,730.23,,USD,1.0,3.0,Positive,USA,English,2024-04-29,True,1,4,1,3,2,4,eBay
30511,Theresa Eaton,29,Realme,Realme 12 Pro,385.11,A$589.22,AUD,1.53,3.0,Positive,Australia,English,2024-11-01,True,3,1,1,3,3,4,eBay
31190,Donald Boyd,28,OnePlus,OnePlus Nord 3,943.36,C$1301.84,CAD,1.38,4.0,Positive,Canada,English,2023-09-10,True,3,3,3,5,4,6,eBay
20084,Faras Karnik,18,Xiaomi,Redmi Note 13,652.82,₹54184.06,INR,83.0,3.0,Positive,India,Hindi,2023-04-25,True,1,1,3,3,3,4,eBay
10824,Amaira Mistry,39,Realme,Realme 12 Pro,311.3,₹25837.9,INR,83.0,3.0,Positive,India,Hindi,2025-01-22,True,1,2,3,2,3,3,AliExpress
673,Hugh Williams,31,Xiaomi,Mi 13 Pro,506.24,£394.87,GBP,0.78,3.0,Neutral,UK,English,2022-12-06,True,3,2,2,3,2,2,AliExpress
15595,Christopher Smith,37,Realme,Realme Narzo 70,347.11,C$479.01,CAD,1.38,3.0,Positive,Canada,English,2025-07-25,False,2,2,3,3,5,4,
43049,Luiza Mendes,32,Xiaomi,Redmi Note 13,649.35,R$3701.3,BRL,5.7,4.0,Positive,Brazil,Portuguese,2025-02-19,True,3,2,2,2,3,7,Flipkart
21912,Eva-Marie Linke,25,Samsung,Galaxy S24,1255.76,€1167.86,EUR,0.93,3.0,Neutral,Germany,German,2024-03-03,True,4,3,1,4,5,1,BestBuy
11869,John Rosario,26,Realme,Realme 12 Pro,376.46,د.إ1381.61,AED,3.67,3.0,Neutral,UAE,English,2024-06-16,True,2,3,1,3,4,4,BestBuy
34691,Ekbal Om,33,OnePlus,OnePlus 11R,883.82,₹73357.06,INR,83.0,1.0,Neutral,India,Hindi,2025-05-22,True,1,1,1,1,4,2,eBay
11322,Abbie Smith-Moran,23,Google,Pixel 8,928.0,£723.84,GBP,0.78,1.0,Negative,UK,English,2025-09-15,True,3,1,1,1,1,2,AliExpress
44212,Mr. Paul Allen,38,Apple,iPhone SE,932.37,د.إ3421.8,AED,3.67,1.0,Negative,UAE,English,2024-03-09,True,2,1,1,2,2,2,eBay
24615,Prof. Gordana Hentschel,39,Xiaomi,Poco X6,414.33,€385.33,EUR,0.93,3.0,Neutral,Germany,German,2022-11-12,True,3,3,2,3,1,5,BestBuy
12006,Parker Nelson,18,Realme,Realme Narzo 70,261.18,$261.18 ,USD,1.0,3.0,Neutral,USA,English,2023-11-25,False,2,3,2,1,3,0,BestBuy
3940,Andrea Salazar,29,Motorola,Moto G Power,394.99,A$604.33,AUD,1.53,4.0,Positive,Australia,English,2023-05-25,True,3,4,2,2,2,4,Flipkart
4614,Dr. Luiz Otávio Mendonça,51,Apple,iPhone 13,923.57,R$5264.35,BRL,5.7,1.0,Negative,Brazil,Portuguese,2024-09-09,False,1,1,1,1,1,1,eBay
36760,Dr. Noah Fogaça,23,Motorola,Edge 50,627.31,R$3575.67,BRL,5.7,3.0,Positive,Brazil,Portuguese,2024-03-29,True,3,4,4,4,1,1,BestBuy
31459,Dipl.-Ing. Karina Killer MBA.,24,Apple,iPhone 15 Pro,1449.04,€1347.61,EUR,0.93,4.0,Positive,Germany,German,2024-01-20,True,5,4,3,4,5,9,Flipkart
44953,Irmi Ladeck,41,Realme,Realme Narzo 70,373.62,€347.47,EUR,0.93,2.0,Neutral,Germany,German,2024-01-26,True,1,1,3,1,2,1,eBay
4348,Melissa Garcia,48,Motorola,Razr 40,441.2,A$675.04,AUD,1.53,5.0,Positive,Australia,English,2024-12-13,False,4,4,5,5,3,9,BestBuy
39328,Sr. Benicio Moreira,18,Google,Pixel 6,573.25,R$3267.53,BRL,5.7,3.1190370040124837,Neutral,Brazil,Portuguese,2024-04-21,True,1,3,2,4,2,0,Amazon
49923,Catherine Johnson,28,Realme,Realme 12 Pro,515.46,د.إ1891.74,AED,3.67,2.0,Neutral,UAE,English,2024-10-13,True,1,1,2,2,2,1,AliExpress
22394,Mark Jackson,33,Google,Pixel 7a,697.87,$697.87 ,USD,1.0,3.0,Neutral,USA,English,2022-12-31,True,1,2,2,2,2,6,Amazon
3157,Guy Reynolds,42,Google,Pixel 7a,578.46,C$798.27,CAD,1.38,5.0,Positive,Canada,English,2022-11-27,True,5,4,5,5,4,4,AliExpress
29918,Clare Frost-Hewitt,37,Realme,Realme Narzo 70,520.76,£406.19,GBP,0.78,1.0,Negative,UK,English,2023-11-16,True,1,1,1,1,1,2,Amazon
37224,Jan-Peter Becker,47,Samsung,Galaxy Z Flip,905.38,€921.59,EUR,0.93,2.0,Negative,Germany,German,2025-07-02,True,2,1,2,1,3,1,eBay
13479,Andrea Berg,45,Xiaomi,Mi 13 Pro,332.86,,AED,3.67,3.0,Neutral,UAE,English,2023-01-08,True,4,3,5,2,2,0,Flipkart
13872,David Hill,21,Samsung,Galaxy Z Flip,993.44,£774.88,GBP,0.78,4.0,Positive,UK,English,2023-01-09,False,5,4,5,4,4,5,AliExpress
38556,Sarah Mckinney,33,Xiaomi,Poco X6,333.05,C$459.61,CAD,1.38,1.0,Negative,Canada,English,2024-12-14,True,1,1,1,1,1,2,BestBuy
25330,Shaun Juarez,23,Samsung,Galaxy S24,1141.22,A$1746.07,AUD,1.53,3.0,Negative,Australia,English,2024-01-08,True,5,3,2,2,1,2,Amazon
44685,Matthew Gomez,18,OnePlus,OnePlus 12,535.01,C$738.31,CAD,1.38,1.0,Negative,Canada,English,2023-06-17,False,1,1,2,1,1,3,
986,Ana Júlia Albuquerque,38,Realme,Realme Narzo 70,523.34,R$2983.04,BRL,5.7,3.0,Positive,Brazil,Portuguese,2025-07-17,True,2,3,3,4,3,4,
37140,Daniel Johnson,18,Xiaomi,Mi 13 Pro,660.91,د.إ2425.54,AED,3.67,1.0,Negative,UAE,English,2023-12-12,True,1,1,1,2,2,1,BestBuy
35034,Yasmin Pinto,27,Apple,iPhone 13,1123.63,R$6404.69,BRL,5.7,4.0,Positive,Brazil,Portuguese,2024-07-09,True,3,3,3,3,5,2,AliExpress
23731,Tanay Bumb,40,Samsung,Galaxy Note 20,489.2,₹40603.6,INR,83.0,4.0,Positive,India,Hindi,2023-11-08,True,3,5,4,2,3,4,Amazon
7531,Jack Howarth,40,Google,Pixel 8,804.6,£627.59,GBP,0.78,3.0,Positive,UK,English,2025-01-01,True,4,2,2,1,2,2,BestBuy
44395,James Nguyen,51,OnePlus,OnePlus Nord 3,849.44,$849.44 ,USD,1.0,1.0,Negative,USA,English,2025-01-15,True,1,1,1,1,1,2,AliExpress
32949,Kayla Hickman,24,Xiaomi,Poco X6,697.77,$697.77 ,USD,1.0,3.0,Positive,USA,English,2024-07-24,True,4,2,2,3,3,5,Amazon
30878,Thomas Cook,40,Apple,iPhone 13,1483.06,"$1,483.06 ",USD,1.0,2.0,Negative,USA,English,2025-07-27,True,2,2,1,2,1,1,
29931,David Shah,22,Realme,Realme 12 Pro,431.95,₹35851.85,INR,83.0,2.0,Neutral,India,Hindi,2025-06-26,True,1,2,2,1,2,2,BestBuy
23416,Dr Beth Fox,18,Motorola,Edge 50,324.67,£253.24,GBP,0.78,2.0,Negative,UK,English,2025-01-29,False,2,1,1,3,1,6,Amazon
6060,Howard Harrison-Hancock,18,Realme,Realme Narzo 70,392.8200000000001,£143.67,GBP,0.78,3.0,Neutral,UK,English,2024-07-01,False,3,1,2,3,4,2,AliExpress
23680,Emma Gray,18,Samsung,Galaxy S24,615.54,د.إ2259.03,AED,3.67,3.0,Neutral,UAE,English,2024-06-30,True,3,3,1,2,4,2,eBay
15941,Brandon Pruitt,28,Xiaomi,Poco X6,374.43,A$572.88,AUD,1.53,3.0,Negative,Australia,English,2024-10-28,False,1,2,4,1,2,2,AliExpress
6949,Júlia Cassiano,27,OnePlus,OnePlus Nord 3,826.45,R$4710.77,BRL,5.7,2.0,Neutral,Brazil,Portuguese,2025-08-26,True,2,1,3,2,1,2,Flipkart
30096,Jake Davies,28,Google,Pixel 8,564.41,£440.24,GBP,0.78,4.0,Positive,UK,English,2024-03-10,False,5,4,4,3,5,4,
41340,Christina Perez,38,Apple,iPhone 15 Pro,769.68,د.إ2824.73,AED,3.67,4.0,Positive,UAE,English,2023-03-09,False,4,4,3,4,3,3,eBay
49599,Samaksh Zachariah,34,Realme,Realme 12 Pro,467.64,₹38814.12,INR,83.0,5.0,Positive,India,Hindi,2022-12-16,True,4,4,5,5,5,1,eBay
33184,Benício Ramos,39,Samsung,Galaxy Z Flip,589.63,R$3360.89,BRL,5.7,4.0,Positive,Brazil,Portuguese,2024-12-30,True,4,2,5,2,3,7,BestBuy
16581,Luke Sheth,18,OnePlus,OnePlus Nord 3,711.61,₹59063.63,INR,83.0,5.0,Positive,India,Hindi,2024-07-29,True,5,4,4,5,4,6,BestBuy
1389,Caitlin Pierce,18,Apple,iPhone 15 Pro,721.79,A$1104.34,AUD,1.53,5.0,Positive,Australia,English,2022-12-29,False,4,3,4,4,5,3,eBay
21351,Caleb Martinez,36,Google,Pixel 6,522.74,A$799.79,AUD,1.53,3.0,Positive,Australia,English,2024-12-21,False,2,2,2,2,3,4,eBay
49751,Peggy Hunter,31,Apple,iPhone 14,1332.39,A$2038.56,AUD,1.53,5.0,Positive,Australia,English,2024-07-05,True,5,5,5,5,4,5,BestBuy
34432,Lisa Sanchez,34,Xiaomi,Mi 13 Pro,234.7,د.إ861.35,AED,3.67,3.0,Positive,UAE,English,2023-08-13,True,3,2,2,2,1,5,Flipkart
24455,Nancy Mullins,37,Realme,Realme 12 Pro,396.41,,USD,1.0,4.0,Positive,USA,English,2023-12-23,True,4,4,3,4,3,5,Amazon
40360,William Fletcher,52,Samsung,Galaxy Z Flip,558.19,C$770.3,CAD,1.38,2.0,Negative,Canada,English,2024-12-19,True,1,3,2,2,1,1,Flipkart
18578,Ekbal Mangal,52,Apple,iPhone 13,1469.91,₹122002.53,INR,83.0,5.0,Positive,India,Hindi,2023-02-02,False,5,4,4,4,4,6,AliExpress
33452,Eduardo Avila,24,Xiaomi,Redmi Note 13,280.1,A$428.55,AUD,1.53,2.0,Neutral,Australia,English,2022-12-18,False,2,1,1,1,2,3,eBay
47853,Nicole Cassiano,18,Apple,iPhone 15 Pro,1278.76,R$7288.93,BRL,5.7,1.0,Neutral,Brazil,Portuguese,2025-04-02,False,1,3,1,2,1,1,Amazon
5,Yago Leão,38,Motorola,Edge 50,792.13,R$4515.14,BRL,5.7,3.0,Neutral,Brazil,Portuguese,2023-09-29,True,3,3,2,2,1,0,BestBuy
29183,Miss Charlotte Rose,21,OnePlus,OnePlus 12,616.31,£480.72,GBP,0.78,4.0,Positive,UK,English,2024-12-13,False,3,4,3,5,5,6,Flipkart
8231,Gary Taylor,33,Google,Pixel 8,780.91,د.إ2865.94,AED,3.67,5.0,Positive,UAE,English,2023-03-02,True,4,4,4,5,5,1,Amazon
5947,Amber Vasquez,39,Google,Pixel 6,947.67,د.إ3477.95,AED,3.67,5.0,Positive,UAE,English,2024-10-25,True,4,5,4,4,5,3,BestBuy
7823,Wesley Ramos,21,Motorola,Razr 40,430.61,$430.61 ,USD,1.0,4.0,Positive,USA,English,2023-11-14,True,5,2,3,4,3,1,eBay
19487,James Moon,35,Samsung,Galaxy A55,883.71,C$1219.52,CAD,1.38,2.0,Negative,Canada,English,2024-11-05,False,3,2,1,5,2,1,Flipkart
15385,Dr Darren Newton,23,Xiaomi,Mi 13 Pro,697.67,£544.18,GBP,0.78,3.0,Neutral,UK,English,2023-06-15,True,2,5,2,2,1,5,Flipkart
41100,Univ.Prof. David Schomber MBA.,27,Realme,Realme 12 Pro,519.22,€482.87,EUR,0.93,1.0,Negative,Germany,German,2023-06-19,True,1,1,1,2,1,0,Amazon
18184,Abeer Bakshi,23,Motorola,Edge 50,287.21,₹23838.43,INR,83.0,1.0,Negative,India,Hindi,2025-09-16,True,1,1,2,1,1,1,Flipkart
27162,Ann Jones,20,Xiaomi,Redmi Note 13,559.04,C$771.48,CAD,1.38,2.0,Neutral,Canada,English,2023-09-23,True,3,2,2,2,1,3,AliExpress
11646,Maureen Burgess-Parsons,28,Samsung,Galaxy Note 20,527.71,£411.61,GBP,0.78,3.0,Neutral,UK,English,2024-06-18,False,4,1,1,3,3,2,BestBuy
24391,Marian Preston,36,Xiaomi,Poco X6,456.94,£356.41,GBP,0.78,3.0,Positive,UK,English,2024-01-25,False,2,3,2,1,4,7,Flipkart
4851,Mrs Carolyn Parker,18,Samsung,Galaxy A55,1098.17,,GBP,0.78,5.0,Positive,UK,English,2024-04-01,True,4,4,4,5,5,3,Amazon
47436,Keith Yates,18,OnePlus,OnePlus Nord 3,633.03,£493.76,GBP,0.78,4.0,Positive,UK,English,2024-04-15,True,5,3,5,4,3,4,Flipkart
42207,Heidemarie Davids,19,Apple,iPhone 14,993.81,€924.24,EUR,0.93,3.0,Positive,Germany,German,2024-02-15,True,2,2,1,3,2,12,Amazon
45341,John Sharp,32,Realme,Realme 12 Pro,560.51,A$857.58,AUD,1.53,4.0,Positive,Australia,English,2024-11-29,False,3,4,2,4,1,6,eBay
28170,José Pedro Sá,26,Realme,Realme 12 Pro,475.15,R$2708.36,BRL,5.7,4.0,Positive,Brazil,Portuguese,2025-05-11,False,2,5,2,2,3,7,Amazon
3420,Nitara Grewal,33,Google,Pixel 8,576.48,₹47847.84,INR,83.0,4.0,Positive,India,Hindi,2025-01-04,True,2,4,3,5,5,1,BestBuy
42591,Bruno Fröhlich,19,Realme,Realme Narzo 70,202.22,€188.06,EUR,0.93,5.0,Positive,Germany,German,2025-06-16,True,4,4,4,2,5,7,Amazon
38735,Emily Roberts,18,Xiaomi,Redmi Note 13,396.19,C$546.74,CAD,1.38,4.0,Positive,Canada,English,2024-01-27,True,3,4,5,5,4,8,Flipkart
36720,Andrey Pärtzelt MBA.,23,Apple,iPhone SE,1185.37,€1102.39,EUR,0.93,4.0,Positive,Germany,German,2025-05-16,True,3,3,5,4,5,4,Amazon
29498,Chakrika Raju,18,Realme,Realme Narzo 70,332.24,₹27575.92,INR,83.0,3.0,Neutral,India,Hindi,2023-03-15,True,2,2,2,4,3,1,Flipkart
4363,Amber Moyer,33,Xiaomi,Mi 13 Pro,245.44,C$338.71,CAD,1.38,1.0,Negative,Canada,English,2023-12-08,True,1,1,1,2,1,6,BestBuy
4029,Vansha Basak,28,Motorola,Moto G Power,505.34,₹63333.98,INR,83.0,4.0,Positive,India,Hindi,2024-10-19,True,2,3,5,3,3,3,Amazon
3427,Ayse Schleich,28,Samsung,Galaxy A55,734.97,€683.52,EUR,0.93,4.0,Positive,Germany,German,2023-10-10,False,2,3,5,5,4,5,AliExpress
20269,Dr Eric Hughes,29,OnePlus,OnePlus Nord 3,628.94,£490.57,GBP,0.78,2.0,Negative,UK,English,2023-05-01,True,3,2,1,3,1,6,BestBuy
20058,Douglas Morales,28,Xiaomi,Mi 13 Pro,633.67,,AUD,1.53,3.0,Positive,Australia,English,2024-03-31,True,3,2,2,1,4,3,eBay
11479,Amol Choudhury,25,Samsung,Galaxy Z Flip,596.78,₹49532.74,INR,83.0,3.0,Positive,India,Hindi,2024-11-15,True,1,2,2,4,1,9,BestBuy
47945,Matteo Vargas,31,OnePlus,OnePlus 11R,940.39,R$5360.22,BRL,5.7,5.0,Positive,Brazil,Portuguese,2024-02-24,True,5,4,4,5,5,5,AliExpress
29393,Kala Bhat,34,Motorola,Razr 40,263.05,₹21833.15,INR,83.0,2.0,Negative,India,Hindi,2023-05-13,True,2,2,2,1,3,5,AliExpress
29047,Helene Oestrovsky-Döring,24,Realme,Realme 12 Pro,396.41,€468.39,EUR,0.93,3.0,Positive,Germany,German,2023-12-15,True,3,2,2,1,3,3,
8565,Jenna Peacock,45,OnePlus,OnePlus 12,976.73,£761.85,GBP,0.78,3.1356009070294784,Negative,UK,English,2022-11-20,True,1,3,2,3,3,2,eBay
39507,William Banks,37,Xiaomi,Redmi Note 13,210.31,,USD,1.0,3.0,Neutral,USA,English,2023-10-29,True,3,1,3,2,2,6,BestBuy
49805,Robin Burns,18,Google,Pixel 6,631.18,,USD,1.0,2.0,Neutral,USA,English,2023-11-28,False,1,1,2,1,4,1,BestBuy
25450,Deborah Thornton,18,Samsung,Galaxy A55,926.57,,AUD,1.53,3.0,Negative,Australia,English,2025-07-11,True,3,3,2,3,2,1,AliExpress
34922,Dr. Rodrigo Caldeira,26,Google,Pixel 6,602.43,R$3433.85,BRL,5.7,3.0,Neutral,Brazil,Portuguese,2023-08-05,True,2,3,2,2,2,1,Amazon
30478,Ian Thompson,28,Motorola,Moto G Power,392.88,,USD,1.0,3.0,Positive,USA,English,2025-07-07,True,4,4,1,3,2,7,Flipkart
13520,Timothy Jones,19,OnePlus,OnePlus Nord 3,669.4,£494.36,GBP,0.78,1.0,Neutral,UK,English,2024-05-22,True,1,1,2,1,1,1,eBay
34008,Nicolas Moreira,18,OnePlus,OnePlus Nord 3,541.48,,BRL,5.7,3.0,Positive,Brazil,Portuguese,2024-04-12,True,2,2,4,1,3,7,AliExpress
21316,Josephine Rowley,27,Motorola,Moto G Power,723.59,£564.4,GBP,0.78,4.0,Positive,UK,English,2022-11-27,True,3,4,3,5,4,6,BestBuy
42425,Scott Griffith,36,Samsung,Galaxy Z Flip,702.66,C$969.67,CAD,1.38,4.0,Positive,Canada,English,2023-09-18,True,4,4,4,3,4,2,AliExpress
48901,Joanna Hamilton,30,Motorola,Razr 40,576.85,A$882.58,AUD,1.53,4.0,Positive,Australia,English,2024-11-14,False,3,5,3,5,4,7,Flipkart
47633,Sandra Sherman,30,Motorola,Edge 50,443.91,,AED,3.67,1.0,Negative,UAE,English,2022-10-26,True,1,2,2,1,1,1,BestBuy
49789,Luka Finke-Klotz,32,Samsung,Galaxy S24,812.4,,EUR,0.93,5.0,Positive,Germany,German,2024-10-25,True,3,5,4,5,3,3,eBay
44232,Vanessa Gallegos,39,Google,Pixel 6,962.94,$962.94 ,USD,1.0,2.0,Positive,USA,English,2022-12-20,True,1,2,1,1,1,4,AliExpress
10724,Pranav Lad,44,Google,Pixel 7a,732.06,₹60760.98,INR,83.0,5.0,Positive,India,Hindi,2024-07-12,True,5,4,5,5,5,8,Amazon
13155,Nelli Holzapfel,37,Xiaomi,Redmi Note 13,390.14,€362.83,EUR,0.93,4.0,Positive,Germany,German,2023-06-25,True,3,3,4,3,4,3,BestBuy
13763,Esther Nascimento,38,Google,Pixel 8,655.75,,BRL,5.7,1.0,Neutral,Brazil,Portuguese,2025-07-21,True,1,2,2,1,1,5,Flipkart
42812,Eileen Patel,20,Realme,Realme Narzo 70,588.61,$588.61 ,USD,1.0,2.0,Neutral,USA,English,2022-11-09,False,1,2,1,1,3,2,AliExpress
30804,Amanda Harris,32,OnePlus,OnePlus 12,422.74,£329.74,GBP,0.78,5.0,Positive,UK,English,2025-05-01,True,5,4,5,3,5,7,Amazon
36261,Leslie Fuller,24,Xiaomi,Redmi Note 13,475.54,د.إ1745.23,AED,3.67,3.0,Positive,UAE,English,2024-01-12,True,4,1,4,3,3,4,AliExpress
21437,Lunna da Conceição,39,Samsung,Galaxy Note 20,584.05,R$3329.09,BRL,5.7,4.0,Positive,Brazil,Portuguese,2025-05-07,True,2,3,4,5,3,9,Amazon
25971,Juliana Lachmann,25,OnePlus,OnePlus 12,499.86,,EUR,0.93,3.1356009070294784,Positive,Germany,German,2023-12-20,True,5,5,5,3,4,4,AliExpress
32204,Xiti Jha,34,Realme,Realme Narzo 70,186.2,₹15454.6,INR,83.0,4.0,Neutral,India,Hindi,2024-07-26,True,4,3,3,3,3,2,eBay
7181,Zoe Siqueira,18,Samsung,Galaxy Z Flip,569.48,R$3246.04,BRL,5.7,4.0,Neutral,Brazil,Portuguese,2024-01-27,True,2,5,5,3,2,4,eBay
41281,Michael Scheibe-Thanel,41,Google,Pixel 8,647.43,€602.11,EUR,0.93,3.129131776112825,Positive,Germany,German,2023-04-20,True,4,2,3,3,4,4,BestBuy
28087,Carrie Smith,24,OnePlus,OnePlus 11R,732.16,$732.16 ,USD,1.0,3.0,Negative,USA,English,2023-06-19,True,2,3,2,3,1,0,Flipkart
13702,Louis Rogers,38,Xiaomi,Mi 13 Pro,354.78,£276.73,GBP,0.78,3.0,Neutral,UK,English,2025-01-18,True,3,1,2,2,2,1,Amazon
1004,Salvatore Trupp-Weimer,42,Motorola,Moto G Power,505.34,€239.38,EUR,0.93,4.0,Positive,Germany,German,2024-07-18,True,3,3,2,2,4,1,eBay
9059,Natalie York,30,Google,Pixel 6,1058.16,A$1618.98,AUD,1.53,3.0,Neutral,Australia,English,2024-03-02,False,3,4,1,4,2,1,Flipkart
44235,Vincenzo Dörr,21,Realme,Realme Narzo 70,446.01,,EUR,0.93,4.0,Positive,Germany,German,2024-09-07,False,3,3,3,2,3,11,Amazon
25675,Amber Berry DVM,55,Realme,Realme 12 Pro,267.36,C$368.96,CAD,1.38,4.0,Positive,Canada,English,2023-12-08,True,4,1,3,4,4,7,eBay
45056,Mark Strickland,45,Google,Pixel 6,1055.72,C$1456.89,CAD,1.38,4.0,Positive,Canada,English,2023-09-21,True,4,5,4,3,3,6,BestBuy
35144,Francisco Powell,41,Samsung,Galaxy S24,782.73,د.إ2872.62,AED,3.67,3.0,Neutral,UAE,English,2024-09-08,True,3,2,2,3,2,3,Flipkart
38163,Justin Mcclain,37,Apple,iPhone 15 Pro,1492.5,"$1,492.50 ",USD,1.0,4.0,Positive,USA,English,2025-04-17,True,3,3,3,3,4,5,eBay
22477,Kerry French,28,Apple,iPhone 13,1425.7,£1112.05,GBP,0.78,5.0,Positive,UK,English,2025-05-18,True,5,5,5,5,3,4,Amazon
23007,Richard Taylor,31,Motorola,Moto G Power,319.07,$319.07 ,USD,1.0,4.0,Positive,USA,English,2023-02-11,True,4,4,2,1,5,2,AliExpress
45344,Francisco Garcia,24,Apple,iPhone SE,1231.79,R$7021.2,BRL,5.7,3.0,Neutral,Brazil,Portuguese,2023-07-30,True,3,3,3,4,3,3,Flipkart
36128,Nathan Richardson,18,Motorola,Edge 50,581.94,$581.94 ,USD,1.0,5.0,Positive,USA,English,2024-02-28,True,5,5,3,4,4,9,Amazon
49710,Leopold Baum,40,Realme,Realme 12 Pro,242.75,€225.76,EUR,0.93,3.147565320665083,Neutral,Germany,German,2025-06-03,True,2,3,2,2,1,2,eBay
13099,Ranbir Sharma,19,Apple,iPhone SE,1211.87,₹100585.21,INR,83.0,1.0,Negative,India,Hindi,2024-05-12,True,2,1,1,1,1,1,
37196,Theresa Villegas,28,Xiaomi,Redmi Note 13,449.68,$449.68 ,USD,1.0,3.0,Neutral,USA,English,2024-02-23,True,3,3,4,5,4,2,AliExpress
4108,Daniel Quinn,20,Motorola,Moto G Power,605.71,د.إ2222.96,AED,3.67,5.0,Positive,UAE,English,2022-11-22,True,5,3,5,4,3,3,eBay
41336,Hollie Gill-Summers,18,Xiaomi,Mi 13 Pro,211.49,£164.96,GBP,0.78,2.0,Neutral,UK,English,2024-03-22,True,3,3,3,1,1,2,Amazon
25223,Angelica Harris,45,Xiaomi,Poco X6,503.91,$503.91 ,USD,1.0,3.0,Positive,USA,English,2023-01-27,False,3,3,3,2,2,4,BestBuy
35840,Matheus Araújo,37,Xiaomi,Poco X6,651.58,R$3714.01,BRL,5.7,1.0,Neutral,Brazil,Portuguese,2025-06-12,True,1,1,1,1,1,2,BestBuy
29719,Colleen Phillips,27,Apple,iPhone 13,1336.74,A$2045.21,AUD,1.53,3.0,Neutral,Australia,English,2023-07-18,False,4,4,3,2,1,1,Amazon
46953,Jeffrey Cooper,27,Xiaomi,Poco X6,239.5,$239.50 ,USD,1.0,4.0,Positive,USA,English,2023-08-06,False,4,4,4,3,4,4,AliExpress
29828,Cassie Robinson,18,Motorola,Moto G Power,734.14,A$1123.23,AUD,1.53,3.128399465002229,Negative,Australia,English,2022-11-17,True,1,1,1,1,1,2,eBay
17543,Ryan Roth,36,Motorola,Edge 50,597.22,د.إ2191.8,AED,3.67,4.0,Positive,UAE,English,2023-03-17,True,3,5,4,3,4,3,Amazon
24916,Theodore Sami,37,Xiaomi,Mi 13 Pro,665.28,₹55218.24,INR,83.0,4.0,Positive,India,Hindi,2023-01-05,False,3,3,3,4,4,6,AliExpress
4514,Amanda Curry,37,Google,Pixel 6,800.09,C$1104.12,CAD,1.38,4.0,Positive,Canada,English,2023-12-04,True,5,3,4,3,2,4,eBay
19937,Saksham Sibal,26,Samsung,Galaxy Z Flip,976.8,₹81074.4,INR,83.0,1.0,Neutral,India,Hindi,2025-01-23,True,1,2,1,1,1,1,
46525,Lauren Scott,34,Samsung,Galaxy Note 20,1259.92,A$1927.68,AUD,1.53,4.0,Positive,Australia,English,2023-09-12,False,4,4,4,3,3,6,BestBuy
24511,Anvi Parsa,30,Samsung,Galaxy S24,706.46,₹58636.18,INR,83.0,3.0,Positive,India,Hindi,2025-03-06,True,2,2,2,2,2,5,eBay
27442,Anthony Anderson,19,Apple,iPhone SE,933.53,A$1428.3,AUD,1.53,1.0,Neutral,Australia,English,2024-10-23,True,2,1,1,1,1,3,eBay
12002,Aylla da Mota,23,OnePlus,OnePlus 12,490.83,R$2797.73,BRL,5.7,2.0,Neutral,Brazil,Portuguese,2024-03-14,True,2,1,2,1,3,0,eBay
23354,Karen Brown,28,Realme,Realme 12 Pro,293.64,C$405.22,CAD,1.38,3.0,Negative,Canada,English,2024-12-11,True,4,4,1,3,3,1,BestBuy
27293,Christopher Nichols,28,Xiaomi,Redmi Note 13,491.24,د.إ1802.85,AED,3.67,4.0,Positive,UAE,English,2025-10-10,False,4,3,4,5,3,7,Flipkart
34204,Spencer Anderson,25,Motorola,Edge 50,466.67,$466.67 ,USD,1.0,3.092575618698442,Positive,USA,English,2024-06-09,True,4,2,2,3,2,3,Flipkart
12148,Stephanie Horton,31,Samsung,Galaxy S24,526.24,$526.24 ,USD,1.0,3.0,Neutral,USA,English,2023-12-22,False,2,3,2,2,1,1,AliExpress
15292,Bakhshi Palla,28,OnePlus,OnePlus 12,668.0899999999999,₹50297.17,INR,83.0,4.0,Positive,India,Hindi,2025-05-14,True,3,5,2,4,2,4,Flipkart
46880,Amy Mcfarland,18,Motorola,Razr 40,751.8,C$1037.48,CAD,1.38,3.0,Neutral,Canada,English,2024-12-23,True,4,2,1,4,1,5,Flipkart
8691,Susan Brown,28,OnePlus,OnePlus 12,856.32,$856.32 ,USD,1.0,1.0,Negative,USA,English,2024-04-12,True,1,1,1,1,1,2,Flipkart
12654,Cauã Vasconcelos,47,Google,Pixel 6,808.53,R$3326.86,BRL,5.7,2.0,Negative,Brazil,Portuguese,2023-12-03,True,1,2,2,1,1,4,eBay
31470,Isidor Ziegert,38,OnePlus,OnePlus 11R,933.3,€867.97,EUR,0.93,4.0,Positive,Germany,German,2025-04-05,True,4,1,2,5,3,3,AliExpress
2955,Melissa Duarte,35,OnePlus,OnePlus Nord 3,617.29,R$3518.55,BRL,5.7,3.0,Positive,Brazil,Portuguese,2023-11-10,True,2,1,2,3,2,2,eBay
3004,Dr Chloe Johnson,28,Google,Pixel 8,835.38,£651.6,GBP,0.78,4.0,Positive,UK,English,2025-01-13,True,3,4,4,5,4,4,BestBuy
15814,Korbinian Kraus,29,Xiaomi,Poco X6,578.19,,EUR,0.93,3.0,Positive,Germany,German,2024-02-11,False,1,2,2,2,2,4,eBay
6657,Joseph Collins,37,Google,Pixel 6,999.11,$999.11 ,USD,1.0,2.0,Neutral,USA,English,2025-02-04,False,4,2,1,2,2,4,eBay
12774,Shannon Rowe,35,Xiaomi,Poco X6,323.2,,AUD,1.53,2.0,Negative,Australia,English,2023-09-24,True,1,4,1,2,2,2,BestBuy
39531,Christopher Hernandez,26,Apple,iPhone 15 Pro,1387.65,C$1914.96,CAD,1.38,2.0,Neutral,Canada,English,2023-09-29,True,2,3,1,1,1,3,Flipkart
34408,João Vitor da Luz,51,Xiaomi,Mi 13 Pro,281.45,R$1604.26,BRL,5.7,3.0,Neutral,Brazil,Portuguese,2023-06-23,True,1,3,2,3,4,1,Amazon
8837,Sarah Chavez,18,OnePlus,OnePlus 12,476.06,C$656.96,CAD,1.38,1.0,Neutral,Canada,English,2025-09-25,True,1,1,1,1,1,3,Flipkart
14618,Zehaan Patla,49,Realme,Realme 12 Pro,325.24,₹26994.92,INR,83.0,2.0,Negative,India,Hindi,2025-01-08,True,1,2,1,1,1,3,BestBuy
22836,Megan Kaur,27,Google,Pixel 7a,604.23,£471.3,GBP,0.78,2.0,Negative,UK,English,2024-05-03,True,1,1,3,1,2,3,Flipkart
15981,Ing. Priska Hölzenbecher MBA.,18,Motorola,Moto G Power,655.96,€610.04,EUR,0.93,3.0,Positive,Germany,German,2025-04-10,True,1,2,1,5,1,4,eBay
37916,Dennis Mathis,18,Google,Pixel 7a,769.5,C$1061.91,CAD,1.38,4.0,Positive,Canada,English,2023-11-10,False,3,3,2,4,5,4,AliExpress
1571,Calebe Marques,34,Xiaomi,Redmi Note 13,324.93,R$1852.1,BRL,5.7,3.0,Positive,Brazil,Portuguese,2025-05-28,False,2,4,1,4,2,3,AliExpress
35908,April Mack,37,Apple,iPhone SE,1370.33,A$2096.6,AUD,1.53,3.0,Neutral,Australia,English,2024-06-27,True,3,3,1,2,3,2,Flipkart
26090,Ana Júlia Mendonça,24,Motorola,Edge 50,631.55,R$3599.84,BRL,5.7,4.0,Positive,Brazil,Portuguese,2024-09-15,False,5,4,4,3,3,9,AliExpress
20914,Max Suresh,42,Apple,iPhone SE,823.69,₹68366.27,INR,83.0,2.0,Negative,India,Hindi,2023-07-14,True,1,1,2,2,3,2,Flipkart
9958,Tyler Clark,45,Realme,Realme 12 Pro,402.22,د.إ1476.15,AED,3.67,3.147565320665083,Positive,UAE,English,2024-09-01,False,3,3,2,2,2,4,eBay
18276,Daniel Hunter,18,Xiaomi,Redmi Note 13,206.75,C$285.31,CAD,1.38,5.0,Positive,Canada,English,2023-01-26,False,5,2,4,5,5,5,Amazon
15432,Rebecca Pearson,32,Xiaomi,Poco X6,502.8,C$693.86,CAD,1.38,2.0,Neutral,Canada,English,2025-06-28,True,1,2,1,2,2,2,Amazon
23494,Amy Phillips,18,Motorola,Moto G Power,457.89,£357.15,GBP,0.78,2.0,Neutral,UK,English,2024-10-08,True,1,3,1,2,3,2,AliExpress
15790,Brenda Montoya,32,Samsung,Galaxy A55,1039.99,A$1591.18,AUD,1.53,5.0,Positive,Australia,English,2023-01-04,True,5,5,5,5,4,4,Amazon
35780,Brian Smith,33,Xiaomi,Mi 13 Pro,367.44,A$562.18,AUD,1.53,1.0,Negative,Australia,English,2025-03-06,True,1,1,1,1,1,3,Flipkart
11981,Derrick Bailey,29,Realme,Realme Narzo 70,464.27,$464.27 ,USD,1.0,1.0,Negative,USA,English,2025-10-08,True,1,1,1,1,1,4,Flipkart
44906,Leslie Fowler,25,Samsung,Galaxy Z Flip,1340.31,"$1,340.31 ",USD,1.0,2.0,Negative,USA,English,2024-07-30,True,1,1,1,1,1,1,BestBuy
35763,Miss Nicole Sharp,20,Google,Pixel 6,919.92,$919.92 ,USD,1.0,1.0,Negative,USA,English,2024-06-16,True,1,1,1,1,1,2,BestBuy
27093,Lorenzo Mendes,25,Samsung,Galaxy Note 20,1327.11,R$7564.53,BRL,5.7,4.0,Positive,Brazil,Portuguese,2024-02-18,True,2,3,4,2,4,1,BestBuy
46835,Lisa Weaver,29,Realme,Realme Narzo 70,338.76,د.إ1243.25,AED,3.67,1.0,Negative,UAE,English,2025-05-01,True,1,1,1,1,1,3,Amazon
33438,Sara Ferguson,18,Google,Pixel 6,1072.52,A$1640.96,AUD,1.53,4.0,Positive,Australia,English,2025-04-04,True,4,3,3,2,2,6,Amazon
47381,Univ.Prof. Magda Mude,33,Apple,iPhone 13,930.73,€865.58,EUR,0.93,4.0,Positive,Germany,German,2024-07-17,False,4,3,5,4,2,5,AliExpress
1591,Sr. Ravi Vargas,26,Xiaomi,Mi 13 Pro,321.07,R$1830.1,BRL,5.7,2.0,Negative,Brazil,Portuguese,2025-06-21,False,2,1,2,2,1,2,AliExpress
26756,Katie Jones,26,Xiaomi,Poco X6,348.15,A$532.67,AUD,1.53,3.0,Positive,Australia,English,2023-07-15,True,3,4,2,2,1,4,Flipkart
21759,Zayan Korpal,28,Realme,Realme Narzo 70,213.22,₹17697.26,INR,83.0,2.0,Negative,India,Hindi,2024-07-02,True,1,3,1,1,1,4,AliExpress
3002,Peter Martin,33,Realme,Realme Narzo 70,302.9,C$418.0,CAD,1.38,5.0,Positive,Canada,English,2023-04-28,True,5,5,5,4,4,6,eBay
44112,Andrew Cole,37,Xiaomi,Mi 13 Pro,256.7,£200.23,GBP,0.78,4.0,Positive,UK,English,2025-07-12,True,4,4,3,4,2,2,eBay
43520,Alexa Faust,29,Motorola,Moto G Power,798.99,€743.06,EUR,0.93,3.0,Positive,Germany,German,2023-11-28,False,4,2,3,3,3,5,AliExpress
629,Jagvi Madan,20,Google,Pixel 7a,1097.31,₹91076.73,INR,83.0,5.0,Positive,India,Hindi,2023-03-29,True,5,5,4,5,5,5,AliExpress
20737,Sean Avila,38,Google,Pixel 7a,915.18,$915.18 ,USD,1.0,3.0,Neutral,USA,English,2024-04-25,True,2,3,4,3,3,2,BestBuy
11903,Marlen Stolze,40,Apple,iPhone SE,720.97,€670.5,EUR,0.93,4.0,Neutral,Germany,German,2025-06-25,True,4,3,4,4,4,3,Amazon
6367,Tina Hill,26,Google,Pixel 8,1023.18,C$1411.99,CAD,1.38,3.0,Neutral,Canada,English,2023-03-26,True,2,3,3,1,3,4,Amazon
17133,Robin Hooper,38,OnePlus,OnePlus 11R,717.74,£559.84,GBP,0.78,3.0,Positive,UK,English,2023-07-09,False,4,1,2,5,3,1,Amazon
9479,Gagan Bava,25,Apple,iPhone SE,1418.46,,INR,83.0,3.0,Positive,India,Hindi,2024-05-31,True,3,1,3,1,1,6,BestBuy
41871,Monica Taylor,35,Google,Pixel 8,799.52,د.إ2630.33,AED,3.67,4.0,Positive,UAE,English,2023-06-10,True,3,5,3,1,3,1,AliExpress
12933,Irene Jüttner B.Sc.,18,Apple,iPhone 14,1386.57,€1289.51,EUR,0.93,3.0,Neutral,Germany,German,2023-05-18,True,2,1,3,1,3,5,eBay
13642,Gerard Kelly,26,Google,Pixel 6,1037.23,£809.04,GBP,0.78,5.0,Positive,UK,English,2024-10-30,True,5,4,5,4,4,2,Amazon
19627,Mohini Barad,31,Xiaomi,Mi 13 Pro,594.04,₹49305.32,INR,83.0,4.0,Positive,India,Hindi,2023-05-23,False,5,3,3,3,4,1,Amazon
9952,Alexa Riggs,24,Google,Pixel 8,824.91,A$1262.11,AUD,1.53,2.0,Neutral,Australia,English,2025-04-09,True,1,1,1,2,2,1,Amazon
28963,Cynthia Larson,18,Google,Pixel 8,900.91,د.إ3306.34,AED,3.67,5.0,Positive,UAE,English,2023-10-08,True,4,5,5,5,3,7,eBay
28446,Miss Abbie Brookes,18,Samsung,Galaxy S24,432.0,£336.96,GBP,0.78,3.0,Positive,UK,English,2023-05-31,True,3,5,1,1,3,6,AliExpress
19699,Chaman Prashad,37,Google,Pixel 8,514.89,₹42735.87,INR,83.0,3.0,Positive,India,Hindi,2023-08-28,True,2,4,2,5,1,8,BestBuy
44224,Mira Herrmann B.A.,22,Motorola,Razr 40,586.62,€545.56,EUR,0.93,4.0,Positive,Germany,German,2025-06-19,True,4,4,2,4,4,2,eBay
2997,Amanda Barker,41,Xiaomi,Redmi Note 13,313.68,د.إ1151.21,AED,3.67,3.0,Positive,UAE,English,2025-05-09,False,3,3,3,2,4,5,Amazon
13638,James Bennett,18,Google,Pixel 8,506.38,$506.38 ,USD,1.0,4.0,Positive,USA,English,2023-01-15,False,4,3,5,4,4,6,eBay
22471,Isabella da Mota,25,Xiaomi,Redmi Note 13,450.8,R$1761.81,BRL,5.7,3.0,Positive,Brazil,Portuguese,2024-10-14,True,2,1,3,1,2,5,Flipkart
36087,Dale Robinson,25,Apple,iPhone 13,1442.2,£1124.92,GBP,0.78,1.0,Negative,UK,English,2025-01-08,False,1,1,1,3,2,3,
28918,Toby Godfrey,24,Samsung,Galaxy S24,859.14,£670.13,GBP,0.78,1.0,Negative,UK,English,2024-10-11,True,1,1,1,2,1,3,BestBuy
17650,Angela Perry,40,Apple,iPhone SE,1113.94,A$1704.33,AUD,1.53,4.0,Positive,Australia,English,2023-09-26,False,2,3,2,4,3,4,
27956,Teresa Smith,39,Samsung,Galaxy A55,1347.94,,CAD,1.38,2.0,Negative,Canada,English,2024-10-05,True,2,2,2,2,1,2,Amazon
2855,Rachael Lee,32,Realme,Realme 12 Pro,322.45,£251.51,GBP,0.78,4.0,Positive,UK,English,2023-12-15,True,4,3,4,2,5,8,Flipkart
13390,Kristen Parks,42,Apple,iPhone 13,1169.31,د.إ4291.37,AED,3.67,1.0,Negative,UAE,English,2022-11-03,True,2,1,1,1,1,1,Flipkart
13049,Kamilly Costela,21,Xiaomi,Poco X6,451.6,R$3419.89,BRL,5.7,5.0,Positive,Brazil,Portuguese,2023-11-25,True,4,5,5,4,5,3,eBay
22333,Robert Wilkerson,25,Motorola,Razr 40,335.0,C$462.3,CAD,1.38,3.0,Neutral,Canada,English,2023-04-25,True,2,3,2,3,3,3,Flipkart
30578,Abdul Sarna,26,OnePlus,OnePlus Nord 3,585.4,₹48588.2,INR,83.0,2.0,Negative,India,Hindi,2024-07-02,True,4,2,1,1,3,1,Flipkart
34735,Bradley Parker,50,Xiaomi,Mi 13 Pro,435.01,£339.31,GBP,0.78,5.0,Positive,UK,English,2024-02-27,True,4,4,5,5,5,4,BestBuy
19539,Rodrigo Souza,19,Xiaomi,Redmi Note 13,436.4,R$2487.48,BRL,5.7,2.0,Neutral,Brazil,Portuguese,2024-12-05,True,1,1,1,2,3,2,eBay
39587,Jennifer Whitney,37,Apple,iPhone 13,704.37,,AUD,1.53,2.0,Negative,Australia,English,2023-02-23,True,3,1,1,1,1,3,BestBuy
5573,James Lopez,36,Samsung,Galaxy Z Flip,916.12,د.إ3362.16,AED,3.67,4.0,Positive,UAE,English,2023-04-28,False,1,4,2,3,2,7,
47751,Matthew Smith,18,Samsung,Galaxy Note 20,576.92,$576.92 ,USD,1.0,5.0,Positive,USA,English,2023-12-13,False,4,5,5,4,5,5,eBay
30964,Christopher Castillo,26,Xiaomi,Poco X6,296.85,د.إ1089.44,AED,3.67,3.1261384335154827,Negative,UAE,English,2023-10-07,True,1,1,2,1,1,2,eBay
35496,Frau Rose-Marie Oderwald,31,Xiaomi,Redmi Note 13,429.78,€399.7,EUR,0.93,2.0,Neutral,Germany,German,2024-11-23,True,1,2,3,1,1,3,eBay
20263,Gillian Donnelly,42,OnePlus,OnePlus 12,630.82,£492.04,GBP,0.78,1.0,Negative,UK,English,2023-01-11,True,1,1,1,1,2,1,BestBuy
44660,Anne Drake,37,Google,Pixel 8,1016.2,A$1554.79,AUD,1.53,4.0,Positive,Australia,English,2025-01-07,False,3,2,5,2,2,3,AliExpress
21746,Charles Marshall,22,OnePlus,OnePlus 12,997.18,A$1525.69,AUD,1.53,2.0,Neutral,Australia,English,2025-06-20,True,3,3,1,1,3,1,Flipkart
47249,Ing. Rotraud Steuer B.A.,23,Google,Pixel 8,791.24,€735.85,EUR,0.93,3.0,Neutral,Germany,German,2023-07-06,True,3,3,1,2,2,0,Amazon
36228,Clayton Hicks,36,OnePlus,OnePlus 11R,625.7,د.إ2296.32,AED,3.67,1.0,Negative,UAE,English,2023-11-05,True,1,1,2,1,1,0,AliExpress
28787,Jhalak Sidhu,33,Google,Pixel 6,936.48,₹77727.84,INR,83.0,2.0,Negative,India,Hindi,2023-10-22,True,2,2,2,1,1,2,eBay
35620,Charlene Thomas,33,Apple,iPhone 14,861.34,£671.85,GBP,0.78,3.0,Positive,UK,English,2025-08-09,True,3,4,3,1,2,2,BestBuy
46000,Thomas Rice,18,Apple,iPhone SE,809.13,د.إ2969.51,AED,3.67,4.0,Positive,UAE,English,2025-06-08,True,5,4,5,3,3,5,Flipkart
49513,Mathew Allen,42,OnePlus,OnePlus 12,699.52,C$965.34,CAD,1.38,3.0,Positive,Canada,English,2025-01-26,False,3,1,3,3,3,3,Amazon
44515,Carrie Martin,53,Google,Pixel 7a,993.06,A$1519.38,AUD,1.53,4.0,Positive,Australia,English,2025-08-27,True,5,2,4,5,5,7,BestBuy
28684,Lauren Collins,40,Apple,iPhone 14,833.79,C$1150.63,CAD,1.38,1.0,Negative,Canada,English,2025-02-16,False,1,2,1,2,1,2,eBay
31549,Ekansh Samra,25,Motorola,Razr 40,449.17,₹37281.11,INR,83.0,4.0,Positive,India,Hindi,2025-09-03,True,2,2,3,3,3,9,AliExpress
31965,Maria Liz Cassiano,26,Motorola,Edge 50,473.16,R$2697.01,BRL,5.7,5.0,Positive,Brazil,Portuguese,2023-05-22,True,3,4,5,4,4,5,BestBuy
9434,Richard Hodges,30,OnePlus,OnePlus 12,499.92,$499.92 ,USD,1.0,4.0,Positive,USA,English,2024-07-24,True,2,3,4,5,3,10,Amazon
22374,Sharon Cook,34,Google,Pixel 8,1049.14,د.إ3850.34,AED,3.67,3.0,Negative,UAE,English,2024-11-18,False,2,3,3,1,3,1,AliExpress
21623,John Larson,18,Xiaomi,Poco X6,445.74,A$681.98,AUD,1.53,1.0,Negative,Australia,English,2024-09-20,False,1,2,1,1,1,2,BestBuy
12452,Joshua Holt,28,Xiaomi,Redmi Note 13,299.41,A$458.1,AUD,1.53,5.0,Positive,Australia,English,2023-08-16,True,5,4,4,5,4,7,Flipkart
11800,Xavier Mann,18,OnePlus,OnePlus 11R,354.33,₹29409.39,INR,83.0,1.0,Negative,India,Hindi,2023-09-09,True,1,1,1,1,1,0,Amazon
31389,Ms Diana Williams,34,Samsung,Galaxy A55,1171.05,£913.42,GBP,0.78,5.0,Positive,UK,English,2025-09-25,True,5,3,5,5,5,3,BestBuy
20769,Chanakya Dubey,35,Apple,iPhone 13,766.05,₹63582.15,INR,83.0,2.0,Neutral,India,Hindi,2023-11-13,True,1,2,1,1,2,2,eBay
4829,Prof. Elisabet Henk,39,OnePlus,OnePlus 11R,830.55,€772.41,EUR,0.93,5.0,Positive,Germany,German,2022-11-12,False,3,5,3,5,4,5,Flipkart
14590,Vedika Parikh,42,Realme,Realme Narzo 70,375.23,₹31144.09,INR,83.0,2.0,Positive,India,Hindi,2025-10-15,True,1,2,2,1,1,3,Flipkart
1508,Mark Lane,24,Apple,iPhone SE,1101.03,A$1689.66,AUD,1.53,4.0,Neutral,Australia,English,2025-03-29,True,2,2,4,4,3,1,AliExpress
18613,Thomas Jacobs,26,OnePlus,OnePlus 12,835.89,$835.89 ,USD,1.0,4.0,Positive,USA,English,2023-05-19,True,2,3,4,2,2,6,eBay
19303,Timothy Nguyen,18,Google,Pixel 7a,574.53,C$792.85,CAD,1.38,5.0,Positive,Canada,English,2024-06-19,True,5,3,5,4,3,3,Flipkart
38310,Katie Daniels,37,Motorola,Moto G Power,270.33,£210.86,GBP,0.78,5.0,Positive,UK,English,2024-12-18,True,5,5,3,4,4,8,eBay
1739,Ryan Powell,31,OnePlus,OnePlus Nord 3,886.99,A$1357.09,AUD,1.53,1.0,Negative,Australia,English,2023-10-18,True,1,1,1,1,1,2,Flipkart
35876,Sr. Davi Lucas da Cunha,45,OnePlus,OnePlus 12,655.8,R$3738.06,BRL,5.7,3.0,Positive,Brazil,Portuguese,2025-02-19,False,2,5,4,4,3,3,Amazon
47068,Brian Gray,33,Samsung,Galaxy Note 20,1306.87,A$1999.51,AUD,1.53,5.0,Positive,Australia,English,2023-12-11,False,5,5,3,5,4,3,AliExpress
5115,Heloisa Peixoto,29,Xiaomi,Mi 13 Pro,443.83,R$2294.76,BRL,5.7,4.0,Positive,Brazil,Portuguese,2023-06-13,True,3,3,4,3,4,5,eBay
24907,Miranda Clark,18,Xiaomi,Poco X6,620.45,$620.45 ,USD,1.0,4.0,Positive,USA,English,2023-08-15,False,4,4,5,5,5,6,BestBuy
7636,Agatha das Neves,46,OnePlus,OnePlus Nord 3,669.4,R$5431.76,BRL,5.7,1.0,Negative,Brazil,Portuguese,2024-02-18,True,1,1,1,1,1,2,eBay
14399,Oeshi Mitra,46,Google,Pixel 6,942.6,₹78235.8,INR,83.0,5.0,Positive,India,Hindi,2025-06-10,False,3,5,4,2,5,5,Amazon
36171,Sra. Melina Novais,34,Google,Pixel 7a,619.69,R$3532.23,BRL,5.7,1.0,Negative,Brazil,Portuguese,2023-07-10,False,2,1,2,1,1,2,Amazon
9184,Teresa Siering,25,Google,Pixel 6,572.34,€532.28,EUR,0.93,2.0,Neutral,Germany,German,2024-01-15,False,2,1,1,2,1,3,AliExpress
36797,Michael Green,36,Google,Pixel 8,997.66,C$1376.77,CAD,1.38,4.0,Positive,Canada,English,2024-11-10,True,4,4,5,4,4,5,BestBuy
37623,Dr Joanna Jackson,25,Google,Pixel 8,550.53,£429.41,GBP,0.78,3.0,Neutral,UK,English,2024-06-02,True,3,2,3,3,3,2,eBay
1656,Katherine Allen,37,Motorola,Razr 40,463.98,£361.9,GBP,0.78,4.0,Positive,UK,English,2024-09-05,True,3,3,5,3,3,5,AliExpress
4327,Jessica Crawford,32,OnePlus,OnePlus 11R,384.04,د.إ1409.43,AED,3.67,5.0,Positive,UAE,English,2023-06-18,True,4,5,4,4,5,3,
27378,Jason Gibson,28,Xiaomi,Redmi Note 13,683.69,£533.28,GBP,0.78,5.0,Positive,UK,English,2025-06-24,True,5,4,4,4,5,9,BestBuy
19045,Brittany Wright,25,Motorola,Edge 50,514.92,د.إ2271.22,AED,3.67,3.0,Positive,UAE,English,2023-05-20,True,2,2,2,2,1,3,eBay
44329,Dr. Dana Hicks,49,Samsung,Galaxy S24,576.69,د.إ2116.45,AED,3.67,1.0,Negative,UAE,English,2023-02-17,True,1,1,1,3,1,1,Flipkart
9662,Allana Mendonça,20,Google,Pixel 7a,809.44,R$5253.06,BRL,5.7,3.0,Positive,Brazil,Portuguese,2024-03-12,False,3,2,1,4,3,3,
15915,Anthony Crosby,36,Apple,iPhone 15 Pro,1102.27,$966.69 ,USD,1.0,4.0,Positive,USA,English,2025-03-20,False,3,3,2,4,5,2,BestBuy
25467,Derek Wilcox,40,Samsung,Galaxy Note 20,567.36,C$782.96,CAD,1.38,4.0,Positive,Canada,English,2024-09-23,True,3,4,4,4,4,4,BestBuy
13611,Samantha Clark,24,Apple,iPhone 14,844.21,A$1291.64,AUD,1.53,4.0,Neutral,Australia,English,2023-04-13,False,4,2,3,4,4,2,BestBuy
11671,Beverley Owens,36,Motorola,Razr 40,504.89,£393.81,GBP,0.78,5.0,Positive,UK,English,2022-11-23,True,5,4,4,4,2,8,BestBuy
1220,Whitney Garcia,31,Realme,Realme Narzo 70,587.5,د.إ2156.12,AED,3.67,1.0,Negative,UAE,English,2025-06-08,True,1,1,1,2,1,2,BestBuy
38864,Prof. Kristin Walter,32,Apple,iPhone 13,1227.23,€1141.32,EUR,0.93,4.0,Positive,Germany,German,2025-10-18,True,4,5,5,4,3,8,eBay
12558,David Crawford,32,Apple,iPhone 14,1124.25,"$1,124.25 ",USD,1.0,5.0,Positive,USA,English,2024-08-22,True,5,5,3,4,5,7,Flipkart
39144,Mason Oak,32,Samsung,Galaxy Note 20,973.48,₹80798.84,INR,83.0,5.0,Positive,India,Hindi,2024-10-31,False,4,3,5,5,4,3,eBay
35509,Kimberly Gonzalez,36,Realme,Realme 12 Pro,531.87,$531.87 ,USD,1.0,3.0,Positive,USA,English,2025-02-06,True,2,3,3,3,2,5,
11853,Triya Nagarajan,30,Apple,iPhone 14,870.64,₹72263.12,INR,83.0,3.0,Positive,India,Hindi,2025-07-01,True,3,3,1,3,2,4,BestBuy
13239,Michael Meza,27,Xiaomi,Poco X6,540.47,$540.47 ,USD,1.0,3.0,Positive,USA,English,2025-06-07,True,5,2,4,3,3,5,Amazon
29951,Brian Hayward,32,Google,Pixel 8,853.83,£665.99,GBP,0.78,3.0,Positive,UK,English,2025-05-28,True,3,4,4,1,3,3,eBay
27985,Marissa Mcclure,39,Apple,iPhone 15 Pro,1031.47,C$1423.43,CAD,1.38,5.0,Positive,Canada,English,2022-11-01,True,3,4,5,5,5,3,Flipkart
22091,Dr Susan Francis,26,Xiaomi,Mi 13 Pro,236.9,,GBP,0.78,4.0,Positive,UK,English,2025-08-16,True,3,4,2,3,4,3,eBay
48990,Sherri Robertson,33,OnePlus,OnePlus 11R,910.08,,USD,1.0,1.0,Negative,USA,English,2024-02-29,True,1,1,1,2,1,1,eBay
40640,Anthony Lopez,40,OnePlus,OnePlus 11R,507.4,د.إ1862.16,AED,3.67,4.0,Positive,UAE,English,2024-06-08,False,2,3,3,5,4,4,Amazon
28912,Dr. Eduardo Guerra,33,Motorola,Razr 40,757.27,R$4316.44,BRL,5.7,5.0,Positive,Brazil,Portuguese,2025-04-08,True,4,5,5,4,5,4,BestBuy
8571,Dr. Thomas Clark PhD,34,Apple,iPhone 13,981.7,A$1502.0,AUD,1.53,1.0,Negative,Australia,English,2023-08-18,True,1,1,1,2,1,4,BestBuy
38432,Tanveer Karnik,22,OnePlus,OnePlus Nord 3,601.71,₹49941.93,INR,83.0,1.0,Negative,India,Hindi,2023-06-25,False,1,1,1,1,1,2,Flipkart
40526,Univ.Prof. Achim Jacobi Jäckel,26,Xiaomi,Poco X6,320.58,€298.14,EUR,0.93,3.0,Neutral,Germany,German,2024-11-04,False,1,1,3,1,3,5,Flipkart
35550,Kayla Fleming,23,OnePlus,OnePlus 12,922.45,A$1411.35,AUD,1.53,3.0,Neutral,Australia,English,2024-07-01,True,2,2,1,3,3,1,eBay
29488,James Frazier,29,Motorola,Razr 40,542.15,د.إ1989.69,AED,3.67,4.0,Positive,UAE,English,2023-08-18,True,4,1,1,4,5,8,Amazon
26038,Herrmann Sauer,21,Apple,iPhone 14,1434.65,€1334.22,EUR,0.93,3.0,Neutral,Germany,German,2023-08-23,True,2,4,2,2,3,5,BestBuy
19371,Ms Melanie Reeves,31,Google,Pixel 6,958.99,£748.01,GBP,0.78,3.0,Positive,UK,English,2023-09-12,True,3,3,3,3,3,6,Flipkart
44735,Jesus Curtis,39,OnePlus,OnePlus Nord 3,378.81,$378.81 ,USD,1.0,4.0,Neutral,USA,English,2024-08-21,False,5,4,3,3,5,1,BestBuy
6916,Luiz Henrique Souza,21,Google,Pixel 8,819.22,R$4669.55,BRL,5.7,3.129131776112825,Neutral,Brazil,Portuguese,2024-01-24,True,5,3,2,4,3,3,BestBuy
14999,Lee Jones-Butler,21,OnePlus,OnePlus 12,443.4,£345.85,GBP,0.78,5.0,Positive,UK,English,2023-02-23,True,4,5,4,4,3,1,BestBuy
16751,David Hines,28,OnePlus,OnePlus Nord 3,634.3,$634.30 ,USD,1.0,2.0,Negative,USA,English,2024-06-20,True,1,2,2,3,3,3,Amazon
29960,Eric Shields,33,Google,Pixel 7a,759.45,د.إ2787.18,AED,3.67,5.0,Positive,UAE,English,2023-05-24,True,4,5,4,3,5,9,AliExpress
28857,Kelly Marshall,27,Realme,Realme 12 Pro,396.41,£438.93,GBP,0.78,2.0,Negative,UK,English,2023-08-14,True,2,1,1,1,3,3,Flipkart
38912,Harini Ratta,27,Xiaomi,Redmi Note 13,693.82,₹57587.06,INR,83.0,1.0,Neutral,India,Hindi,2024-09-23,True,1,1,1,1,1,0,AliExpress
5844,Nitara Misra,40,OnePlus,OnePlus Nord 3,619.42,₹51411.86,INR,83.0,4.0,Positive,India,Hindi,2022-12-27,True,3,4,1,4,5,4,BestBuy
15770,Ryan Reed,22,Apple,iPhone 14,1195.03,C$1649.14,CAD,1.38,3.0,Positive,Canada,English,2023-03-11,True,2,3,1,3,3,9,BestBuy
27099,Alexander Greene,22,OnePlus,OnePlus 12,471.07,$471.07 ,USD,1.0,3.1356009070294784,Positive,USA,English,2024-01-05,True,3,5,4,2,3,5,Amazon
34727,Isadora Siqueira,30,Samsung,Galaxy S24,1271.53,R$7247.72,BRL,5.7,4.0,Positive,Brazil,Portuguese,2022-11-01,True,3,3,2,2,3,11,Amazon
20931,Anthony Aragão,28,Google,Pixel 8,762.59,R$4346.76,BRL,5.7,3.0,Neutral,Brazil,Portuguese,2024-12-23,True,1,3,4,3,2,5,Amazon
12314,Dra. Isadora Novais,20,OnePlus,OnePlus Nord 3,567.75,R$3236.18,BRL,5.7,3.0,Positive,Brazil,Portuguese,2024-06-24,True,3,1,3,3,2,3,AliExpress
8294,Pedro Henrique Cavalcanti,25,Samsung,Galaxy Z Flip,437.62,R$2494.43,BRL,5.7,3.134886572654813,Positive,Brazil,Portuguese,2024-06-30,False,3,3,2,2,3,5,AliExpress
49409,Maria Sophia Guerra,20,Motorola,Razr 40,402.47,R$2294.08,BRL,5.7,1.0,Negative,Brazil,Portuguese,2024-09-18,True,1,1,1,1,1,4,BestBuy
22320,Vinicius Vargas,18,Google,Pixel 7a,516.31,R$2942.97,BRL,5.7,3.0,Neutral,Brazil,Portuguese,2025-07-08,True,2,2,3,2,3,4,eBay
20487,Jasmine Evans,25,Motorola,Edge 50,667.13,£520.36,GBP,0.78,2.0,Negative,UK,English,2023-04-12,True,2,3,1,2,1,0,eBay
22611,Cody Hansen,22,OnePlus,OnePlus 11R,898.64,C$1240.12,CAD,1.38,3.0,Positive,Canada,English,2025-09-27,True,5,3,3,4,2,4,AliExpress
12466,Miss Rebecca Davis,27,Motorola,Moto G Power,327.97,£255.82,GBP,0.78,2.0,Negative,UK,English,2024-05-04,False,3,1,2,2,4,1,AliExpress
41513,Christian Roy,18,Motorola,Moto G Power,613.5,د.إ2251.55,AED,3.67,1.0,Negative,UAE,English,2022-11-04,True,1,1,1,1,2,1,Amazon
48610,Samuel Sastry,38,Motorola,Edge 50,778.68,₹64630.44,INR,83.0,3.092575618698442,Neutral,India,Hindi,2023-12-29,True,1,1,1,2,1,0,BestBuy
17673,Krish Natarajan,18,OnePlus,OnePlus 11R,397.37,₹32981.71,INR,83.0,2.0,Negative,India,Hindi,2024-07-23,True,2,1,2,1,3,3,Amazon
8566,Michael Hurley,29,Samsung,Galaxy S24,1391.7,A$2129.3,AUD,1.53,3.0,Neutral,Australia,English,2024-05-28,True,3,2,1,3,3,2,Amazon
42906,Alexandra Perry,18,Samsung,Galaxy A55,865.11,A$1323.62,AUD,1.53,3.0,Neutral,Australia,English,2024-02-16,True,1,3,1,3,3,5,AliExpress
33295,Jessica Stewart,31,OnePlus,OnePlus 12,719.43,د.إ2640.31,AED,3.67,3.0,Neutral,UAE,English,2022-12-03,False,2,2,3,2,2,2,eBay
12929,Aayush Sekhon,43,Google,Pixel 8,741.87,₹61575.21,INR,83.0,4.0,Positive,India,Hindi,2023-12-17,True,4,2,5,4,5,4,eBay
8384,David Hunt,41,Samsung,Galaxy Note 20,849.2,د.إ3116.56,AED,3.67,1.0,Negative,UAE,English,2025-03-26,False,1,3,2,1,2,1,Amazon
26547,Aaron Johnson,34,Apple,iPhone SE,821.45,C$1133.6,CAD,1.38,4.0,Positive,Canada,English,2024-01-30,True,2,3,3,2,3,4,eBay
21161,Rodney Hayes,18,Apple,iPhone 14,890.61,C$1229.04,CAD,1.38,4.0,Positive,Canada,English,2024-12-10,False,4,2,4,5,4,7,AliExpress
25332,Danny Chavez,35,Samsung,Galaxy A55,796.44,C$1099.09,CAD,1.38,3.0,Neutral,Canada,English,2023-06-20,True,5,3,2,4,1,0,BestBuy
417,Stephanie Hughes,29,Xiaomi,Redmi Note 13,534.58,$534.58 ,USD,1.0,3.0,Positive,USA,English,2023-08-08,True,3,2,1,2,4,3,Flipkart
38314,Alex Smith,24,Samsung,Galaxy Z Flip,1067.04,A$1632.57,AUD,1.53,4.0,Positive,Australia,English,2023-04-10,False,4,4,4,3,5,4,eBay
40759,Herr Gerhardt Drewes B.Eng.,23,OnePlus,OnePlus 11R,544.61,€506.49,EUR,0.93,4.0,Positive,Germany,German,2025-04-13,False,3,5,2,2,4,2,Amazon
1407,Gabor Mude,23,Apple,iPhone 14,1116.2,€1038.07,EUR,0.93,4.0,Positive,Germany,German,2023-05-19,True,4,4,2,4,5,6,Amazon
27989,Balhaar Dhar,22,OnePlus,OnePlus 11R,562.68,₹46702.44,INR,83.0,1.0,Negative,India,Hindi,2023-10-23,True,1,1,1,1,3,1,BestBuy
20658,Alicia Watson,31,Google,Pixel 7a,794.03,$794.03 ,USD,1.0,3.0,Neutral,USA,English,2022-12-16,True,5,4,1,2,1,2,eBay
46982,Mark Miller,45,Samsung,Galaxy Note 20,1200.57,A$1836.87,AUD,1.53,5.0,Positive,Australia,English,2022-11-30,True,5,4,5,5,5,3,Flipkart
29902,Edward Richardson,27,Google,Pixel 8,730.95,£570.14,GBP,0.78,4.0,Positive,UK,English,2024-08-24,True,2,3,4,3,3,6,BestBuy
32870,Claire Reynolds,46,Realme,Realme 12 Pro,396.41,£324.53,GBP,0.78,3.0,Neutral,UK,English,2024-12-08,True,3,2,1,2,3,2,AliExpress
21614,Melanie Sanchez,18,OnePlus,OnePlus 12,838.44,د.إ3077.07,AED,3.67,4.0,Positive,UAE,English,2023-08-26,True,3,4,5,4,3,4,
18693,Omya Guha,32,Motorola,Moto G Power,326.16,,INR,83.0,5.0,Positive,India,Hindi,2024-08-09,False,4,5,5,4,4,3,BestBuy
14463,Mary Fischer,18,Xiaomi,Poco X6,292.49,د.إ1073.44,AED,3.67,5.0,Positive,UAE,English,2023-12-27,False,5,5,5,4,5,7,eBay
13530,Patrick Newman,40,Samsung,Galaxy A55,862.77,د.إ3166.37,AED,3.67,3.0,Positive,UAE,English,2023-10-18,True,3,1,3,2,3,7,AliExpress
29805,Julia Vieira,26,Realme,Realme 12 Pro,396.41,R$3000.82,BRL,5.7,2.0,Neutral,Brazil,Portuguese,2024-08-03,False,1,1,3,2,1,0,Amazon
1445,Dustin Patel,48,Apple,iPhone 13,1063.91,C$1468.2,CAD,1.38,2.0,Neutral,Canada,English,2024-09-06,False,1,1,3,2,1,1,Amazon
18219,Guy Walsh,36,Samsung,Galaxy Note 20,1311.75,£1023.17,GBP,0.78,3.0,Neutral,UK,English,2023-09-01,True,1,2,4,5,4,4,eBay
45064,Alexander Price,31,Apple,iPhone 13,1456.36,C$2009.78,CAD,1.38,3.0,Positive,Canada,English,2024-02-03,False,3,2,4,3,3,9,Flipkart
30647,Dierk Ullmann,44,Google,Pixel 7a,626.8,€582.92,EUR,0.93,3.0,Positive,Germany,German,2024-03-23,True,3,1,2,1,2,7,
49168,Dr Raymond Matthews,26,Realme,Realme Narzo 70,301.88,£235.47,GBP,0.78,2.0,Negative,UK,English,2024-05-11,True,2,1,2,2,1,1,Flipkart
39990,Maanav Sharaf,22,OnePlus,OnePlus 12,695.12,₹57694.96,INR,83.0,1.0,Negative,India,Hindi,2023-12-02,False,1,1,1,2,1,0,Flipkart
44756,George Potts,42,Google,Pixel 7a,976.21,$976.21 ,USD,1.0,5.0,Positive,USA,English,2024-05-21,True,5,4,3,5,5,4,AliExpress
48346,Lisa Hernandez,18,Samsung,Galaxy Note 20,1064.62,C$1469.18,CAD,1.38,4.0,Positive,Canada,English,2023-06-27,True,3,3,4,1,3,6,Flipkart
42970,Rebecca Larsen,18,Google,Pixel 6,958.3,C$1322.45,CAD,1.38,1.0,Negative,Canada,English,2024-09-29,False,1,2,1,1,1,3,AliExpress
20420,Dylan Owens,18,Google,Pixel 8,1066.01,C$1471.09,CAD,1.38,5.0,Positive,Canada,English,2025-04-10,True,3,4,5,5,4,3,eBay
10897,Amy Sanchez,32,Motorola,Razr 40,305.01,C$420.91,CAD,1.38,3.0,Positive,Canada,English,2023-07-27,False,2,5,3,2,4,2,Flipkart
45621,Srta. Hellena Cunha,25,Google,Pixel 7a,668.25,R$3809.03,BRL,5.7,3.0,Neutral,Brazil,Portuguese,2025-06-04,True,1,1,3,3,1,2,BestBuy
36350,Isabella Rezende,43,OnePlus,OnePlus 11R,459.68,R$2620.18,BRL,5.7,1.0,Negative,Brazil,Portuguese,2025-04-24,False,1,1,1,1,2,2,BestBuy
19313,Bonnie Townsend,29,Samsung,Galaxy Note 20,1276.54,A$1953.11,AUD,1.53,4.0,Positive,Australia,English,2023-08-21,True,3,4,4,3,5,3,eBay
5583,Aarna Dugar,43,Xiaomi,Redmi Note 13,234.69,₹19479.27,INR,83.0,3.0,Neutral,India,Hindi,2024-01-03,True,1,3,1,2,2,0,Amazon
6683,Michel Zahn B.A.,27,Xiaomi,Poco X6,298.12,€277.25,EUR,0.93,1.0,Negative,Germany,German,2022-11-03,True,1,1,1,1,1,2,Amazon
30680,Bruce Wilson,29,OnePlus,OnePlus 11R,667.0250000000001,A$771.87,AUD,1.53,2.0,Positive,Australia,English,2023-03-10,False,1,1,1,1,4,2,eBay
28389,Marcus Henck,22,Realme,Realme 12 Pro,302.54,€281.36,EUR,0.93,3.0,Neutral,Germany,German,2025-02-05,True,3,2,1,3,4,3,Flipkart
6848,Norman Rowe,18,Google,Pixel 6,688.24,£536.83,GBP,0.78,3.0,Neutral,UK,English,2023-08-04,True,4,3,1,2,2,4,Flipkart
15982,Christina Barnes,26,Apple,iPhone SE,1150.52,د.إ4222.41,AED,3.67,1.0,Negative,UAE,English,2025-10-01,True,1,1,3,1,1,1,Amazon
33676,Dr. Concetta Langern B.A.,27,Xiaomi,Mi 13 Pro,227.4,€211.48,EUR,0.93,2.0,Neutral,Germany,German,2024-06-02,True,2,1,3,3,1,3,Amazon
47504,Marcos Vinicius Abreu,27,Google,Pixel 6,845.81,R$4821.12,BRL,5.7,1.0,Negative,Brazil,Portuguese,2023-11-15,False,1,2,1,3,2,1,BestBuy
7566,Courtney Mack,18,Apple,iPhone 13,1443.92,د.إ5299.19,AED,3.67,3.0,Positive,UAE,English,2025-05-16,True,5,2,4,3,3,7,BestBuy
20729,Bridget Norton,32,OnePlus,OnePlus 12,666.85,C$920.25,CAD,1.38,3.0,Positive,Canada,English,2024-02-08,True,1,1,3,4,3,4,AliExpress
7412,Maitê da Paz,33,Realme,Realme Narzo 70,249.0,R$1419.3,BRL,5.7,5.0,Positive,Brazil,Portuguese,2025-01-24,True,5,5,4,5,5,7,Flipkart
25355,Luis Campbell,18,Xiaomi,Mi 13 Pro,270.43,$270.43 ,USD,1.0,4.0,Positive,USA,English,2025-09-27,True,4,3,2,3,3,2,eBay
47739,Kristine Mckee,22,Xiaomi,Redmi Note 13,532.56,C$734.93,CAD,1.38,1.0,Negative,Canada,English,2024-10-01,True,1,1,2,1,1,3,AliExpress
9759,Ashley Nguyen,30,Samsung,Galaxy Note 20,605.59,د.إ2222.52,AED,3.67,4.0,Positive,UAE,English,2024-07-29,True,3,2,5,3,5,5,AliExpress
9768,Jared Watkins,46,Samsung,Galaxy Z Flip,937.46,A$1434.31,AUD,1.53,5.0,Positive,Australia,English,2023-02-25,True,5,3,5,4,4,8,BestBuy
7134,Robert Schultz,24,Apple,iPhone SE,903.11,د.إ3314.41,AED,3.67,3.0,Neutral,UAE,English,2025-07-02,False,3,5,3,2,1,0,BestBuy
28594,Lucca Oliveira,18,Google,Pixel 8,819.06,R$4668.64,BRL,5.7,5.0,Positive,Brazil,Portuguese,2023-11-07,True,5,4,5,4,5,8,Flipkart
41210,Nicole Hughes,31,Apple,iPhone 15 Pro,1414.76,C$1952.37,CAD,1.38,4.0,Positive,Canada,English,2025-06-16,True,3,3,4,2,3,8,Amazon
23112,Nandini Som,22,Realme,Realme Narzo 70,445.69,₹36992.27,INR,83.0,3.0,Neutral,India,Hindi,2023-08-31,True,2,2,3,3,2,3,BestBuy
44347,Jeffrey Phillips,46,Apple,iPhone SE,1219.57,"$1,219.57 ",USD,1.0,3.0,Positive,USA,English,2023-10-31,True,3,3,4,3,4,3,eBay
22810,Sanya Ramakrishnan,26,Google,Pixel 8,1013.09,₹84086.47,INR,83.0,4.0,Positive,India,Hindi,2025-06-17,True,3,5,3,5,2,5,Flipkart
20508,Matthew Camacho,40,Xiaomi,Mi 13 Pro,265.38,$265.38 ,USD,1.0,4.0,Positive,USA,English,2022-12-28,True,4,4,3,4,5,6,eBay
45706,Luiz Otávio Machado,32,Realme,Realme Narzo 70,389.23,R$2218.61,BRL,5.7,4.0,Positive,Brazil,Portuguese,2023-11-14,True,3,4,3,3,3,5,eBay
21762,Dorothea Junken,38,Google,Pixel 6,736.62,€685.06,EUR,0.93,4.0,Positive,Germany,German,2024-08-10,True,3,4,5,4,4,8,
21496,Dr Jack Brown,40,Apple,iPhone 14,1278.03,£996.86,GBP,0.78,5.0,Positive,UK,English,2024-10-19,True,3,3,4,5,5,3,Flipkart
11505,Rudra Sahota,18,Motorola,Moto G Power,483.57,₹40136.31,INR,83.0,1.0,Neutral,India,Hindi,2022-10-31,True,1,1,2,1,1,2,Amazon
32457,Donna Turner,27,Xiaomi,Poco X6,300.2,$300.20 ,USD,1.0,1.0,Negative,USA,English,2023-12-12,True,1,2,1,2,1,0,BestBuy
44210,Univ.Prof. Karsten Ritter,28,OnePlus,OnePlus Nord 3,655.66,€609.76,EUR,0.93,4.0,Positive,Germany,German,2023-08-22,False,3,4,5,3,4,6,Flipkart
43813,Tyler Barry,28,Realme,Realme Narzo 70,213.43,A$326.55,AUD,1.53,3.0,Negative,Australia,English,2022-12-17,True,4,4,3,2,2,1,Amazon
18265,Matthew Hodge,28,Xiaomi,Redmi Note 13,291.22,د.إ1068.78,AED,3.67,4.0,Positive,UAE,English,2024-10-29,True,3,3,5,5,5,10,AliExpress
41115,Frau Gretel Scheibe B.A.,53,Realme,Realme Narzo 70,555.04,€516.19,EUR,0.93,5.0,Positive,Germany,German,2022-11-03,True,5,4,3,3,4,8,Flipkart
20035,Mary Larson,33,Motorola,Edge 50,463.38,C$639.46,CAD,1.38,2.0,Neutral,Canada,English,2024-02-11,True,1,4,2,2,1,0,BestBuy
10076,Nathaniel Bhavsar,37,Samsung,Galaxy Note 20,1311.28,₹108836.24,INR,83.0,2.0,Negative,India,Hindi,2025-02-27,True,2,1,1,2,2,2,AliExpress
37297,Matthew Lambert,47,Samsung,Galaxy Note 20,1303.33,£1016.6,GBP,0.78,3.0,Positive,UK,English,2024-12-06,True,2,4,1,3,4,5,Flipkart
14277,Lynda Jones,37,Realme,Realme 12 Pro,541.37,£422.27,GBP,0.78,1.0,Neutral,UK,English,2024-12-04,True,1,1,1,1,2,3,
35781,Shravya Goswami,26,OnePlus,OnePlus 12,571.5,₹47434.5,INR,83.0,2.0,Neutral,India,Hindi,2024-09-14,True,1,2,1,2,1,3,Flipkart
16871,Kenneth Anderson,18,Samsung,Galaxy Note 20,1249.58,د.إ4585.96,AED,3.67,2.0,Positive,UAE,English,2023-09-01,False,1,1,2,2,2,5,AliExpress
4230,Sr. Juan Almeida,33,Xiaomi,Poco X6,452.41,R$2578.74,BRL,5.7,2.0,Positive,Brazil,Portuguese,2024-12-07,True,1,1,1,1,1,7,AliExpress
49030,Andrew Smith,18,Samsung,Galaxy Note 20,482.81,C$666.28,CAD,1.38,4.0,Positive,Canada,English,2024-11-13,True,5,3,4,5,5,10,Flipkart
168,Daniel Salinas,36,Xiaomi,Redmi Note 13,436.14,$436.14 ,USD,1.0,1.0,Negative,USA,English,2024-04-02,True,1,1,1,1,1,3,BestBuy
14447,Herr Hans-Werner Gude,18,Realme,Realme 12 Pro,211.24,€196.45,EUR,0.93,3.147565320665083,Negative,Germany,German,2024-05-27,True,2,2,1,2,3,2,Flipkart
36717,Vanya Sachdev,18,Apple,iPhone SE,1101.03,₹71391.62,INR,83.0,3.0,Positive,India,Hindi,2023-02-09,True,1,3,1,2,2,6,BestBuy
36165,Erin Cox,24,Motorola,Moto G Power,760.3,د.إ2790.3,AED,3.67,4.0,Positive,UAE,English,2023-11-24,True,3,4,2,4,4,3,BestBuy
14474,Christopher Stone,24,Realme,Realme Narzo 70,508.91,$508.91 ,USD,1.0,5.0,Positive,USA,English,2025-09-19,True,4,3,5,5,5,4,BestBuy
44427,Bradley Lawrence,44,Motorola,Moto G Power,656.12,,GBP,0.78,3.0,Positive,UK,English,2025-07-11,True,2,2,3,3,4,11,eBay
46117,Dipl.-Ing. Louise Schuster,27,Motorola,Razr 40,507.25,€471.74,EUR,0.93,1.0,Negative,Germany,German,2025-04-09,False,1,1,2,1,1,0,eBay
30626,Hiral Joshi,24,Realme,Realme Narzo 70,491.84,₹40822.72,INR,83.0,4.0,Positive,India,Hindi,2024-08-26,True,4,1,2,4,3,6,eBay
9961,Isaiah Gonzales,23,OnePlus,OnePlus 11R,880.05,A$1346.48,AUD,1.53,4.0,Positive,Australia,English,2025-01-07,False,3,5,2,3,4,8,Amazon
38723,Neil Anderson,23,OnePlus,OnePlus Nord 3,926.69,£722.82,GBP,0.78,4.0,Positive,UK,English,2025-06-01,True,1,3,4,3,3,4,AliExpress
28345,Blake Parker,18,Samsung,Galaxy Note 20,576.49,A$882.03,AUD,1.53,3.150789012273524,Positive,Australia,English,2024-08-14,False,4,2,4,3,4,6,eBay
16438,James Thomas,38,Samsung,Galaxy A55,932.44,$932.44 ,USD,1.0,3.0,Negative,USA,English,2024-08-07,True,3,3,4,4,3,1,AliExpress
8854,Jane Trommler,42,Xiaomi,Redmi Note 13,417.26,,EUR,0.93,3.0,Positive,Germany,German,2024-05-16,True,3,3,1,2,2,1,AliExpress
17364,Dr. Brayan Pinto,25,Apple,iPhone SE,1374.48,R$7834.54,BRL,5.7,3.0,Positive,Brazil,Portuguese,2023-01-21,True,4,2,3,3,4,4,eBay
4581,Kathleen Baker,29,Samsung,Galaxy Note 20,1112.37,"$1,112.37 ",USD,1.0,3.0,Positive,USA,English,2025-06-05,False,5,2,1,4,1,8,Amazon
47304,Jessica Harris,34,Google,Pixel 8,722.73,$722.73 ,USD,1.0,3.0,Neutral,USA,English,2025-03-16,True,2,2,1,2,3,0,AliExpress
44680,Dra. Maria Sophia Ribeiro,26,Motorola,Razr 40,351.79,R$2005.2,BRL,5.7,2.0,Neutral,Brazil,Portuguese,2024-07-14,True,2,4,2,2,2,1,eBay
15193,Dipl.-Ing. Klemens Gröttner,18,Realme,Realme Narzo 70,329.89,€306.8,EUR,0.93,1.0,Neutral,Germany,German,2024-01-05,True,1,2,1,1,1,0,Flipkart
31448,Arthur Gomes,34,Google,Pixel 6,785.26,R$4475.98,BRL,5.7,4.0,Positive,Brazil,Portuguese,2023-04-15,True,3,4,4,4,3,2,BestBuy
5526,Leandro Aragão,36,Samsung,Galaxy S24,835.49,R$4762.29,BRL,5.7,4.0,Positive,Brazil,Portuguese,2024-02-11,True,4,3,5,4,4,12,Amazon
39228,Tiffany Huber,22,Xiaomi,Redmi Note 13,583.91,A$893.38,AUD,1.53,1.0,Neutral,Australia,English,2025-01-06,False,1,2,1,1,1,0,BestBuy
3468,Amanda Brown,33,Xiaomi,Mi 13 Pro,395.91,C$546.36,CAD,1.38,2.0,Negative,Canada,English,2024-11-06,True,2,2,1,3,2,0,
15074,Rickey Hanson,24,Motorola,Razr 40,511.44,$268.41 ,USD,1.0,3.0,Positive,USA,English,2024-01-15,True,4,2,1,1,1,5,eBay
48706,Matthew Solanki,39,OnePlus,OnePlus Nord 3,553.28,₹45922.24,INR,83.0,1.0,Neutral,India,Hindi,2023-10-25,False,1,1,1,1,1,3,Flipkart
13610,Kala Bhattacharyya,29,Xiaomi,Mi 13 Pro,397.55,₹32996.65,INR,83.0,1.0,Negative,India,Hindi,2022-11-11,True,1,1,1,1,1,4,eBay
18786,Robin Evans,40,Samsung,Galaxy Z Flip,877.19,A$1342.1,AUD,1.53,1.0,Negative,Australia,English,2023-10-16,True,1,1,1,1,2,2,AliExpress
39758,Luan Barbosa,26,Motorola,Edge 50,777.11,R$4429.53,BRL,5.7,5.0,Positive,Brazil,Portuguese,2025-09-12,False,4,4,4,5,3,6,AliExpress
24217,Randall Hamilton,18,Realme,Realme Narzo 70,454.16,$454.16 ,USD,1.0,5.0,Positive,USA,English,2025-06-03,True,5,4,3,5,3,7,Amazon
33986,Shawn Jones,29,Realme,Realme Narzo 70,382.07,A$584.57,AUD,1.53,4.0,Positive,Australia,English,2024-09-26,True,3,4,3,2,5,4,Amazon
11626,Dr. Eugenie Rogge,41,Motorola,Razr 40,663.03,€616.62,EUR,0.93,3.0,Positive,Germany,German,2024-09-14,True,1,1,2,3,1,2,BestBuy
12137,Valerie Martinez,26,Google,Pixel 7a,570.73,د.إ2094.58,AED,3.67,3.0,Positive,UAE,English,2022-10-25,True,1,3,1,1,2,5,Flipkart
12629,Donna Bennett,32,Xiaomi,Mi 13 Pro,335.01,$335.01 ,USD,1.0,3.0,Positive,USA,English,2025-04-11,True,2,4,3,2,1,6,Amazon
28348,Michael Foster,40,Apple,iPhone 15 Pro,1380.27,"$1,380.27 ",USD,1.0,4.0,Positive,USA,English,2024-10-19,True,3,4,3,3,4,5,Amazon
43512,Ravy Montenegro,30,Google,Pixel 6,1066.33,R$6078.08,BRL,5.7,2.0,Neutral,Brazil,Portuguese,2025-06-26,True,3,1,1,3,1,1,BestBuy
5873,Phillip Norris,34,OnePlus,OnePlus Nord 3,602.95,C$832.07,CAD,1.38,2.0,Negative,Canada,English,2022-12-26,True,1,1,1,1,1,2,BestBuy
48244,Sra. Lorena Pacheco,27,Google,Pixel 8,873.3,R$4977.81,BRL,5.7,5.0,Positive,Brazil,Portuguese,2024-01-09,True,5,4,4,5,4,2,Amazon
33982,Cory Garcia Jr.,31,OnePlus,OnePlus 12,432.68,A$662.0,AUD,1.53,3.0,Neutral,Australia,English,2025-01-16,True,2,1,2,1,1,4,AliExpress
31261,Asta Wilmsen,54,Samsung,Galaxy S24,1302.88,€1211.68,EUR,0.93,2.0,Neutral,Germany,German,2025-08-15,True,1,1,1,1,1,5,Amazon
12293,Marten Beier,25,Xiaomi,Poco X6,296.58,€275.82,EUR,0.93,4.0,Neutral,Germany,German,2024-04-01,True,3,3,2,4,3,4,eBay
42287,Aaron Wilson,22,Samsung,Galaxy Z Flip,535.49,C$738.98,CAD,1.38,5.0,Positive,Canada,English,2024-12-31,False,5,5,5,5,5,6,Amazon
13665,Andree Trubin,18,Motorola,Moto G Power,729.02,€677.99,EUR,0.93,2.0,Negative,Germany,German,2024-05-03,True,2,2,1,1,1,5,
12951,Molly Kirk,18,Xiaomi,Mi 13 Pro,562.82,د.إ2065.55,AED,3.67,3.098367697594502,Positive,UAE,English,2022-12-12,True,4,4,4,5,5,1,AliExpress
31757,Brian Armstrong,18,Apple,iPhone SE,1370.11,د.إ5028.3,AED,3.67,3.0,Neutral,UAE,English,2023-11-13,True,3,2,2,2,5,3,Flipkart
14514,Ekiya Sundaram,29,Google,Pixel 8,507.71,₹42139.93,INR,83.0,3.0,Positive,India,Hindi,2023-02-25,True,3,3,1,3,3,5,Flipkart
20458,Scott Callahan,40,Apple,iPhone 13,983.42,C$1357.12,CAD,1.38,2.0,Neutral,Canada,English,2024-06-19,True,1,1,1,3,1,3,BestBuy
41547,Larissa Rocha,25,Xiaomi,Redmi Note 13,271.01,R$1544.76,BRL,5.7,3.0,Positive,Brazil,Portuguese,2023-08-17,True,5,2,1,1,2,10,AliExpress
851,Candace Jones,29,Realme,Realme Narzo 70,387.19,A$592.4,AUD,1.53,4.0,Positive,Australia,English,2023-03-15,False,3,3,5,4,5,5,Flipkart
34768,Maria Liz Sousa,42,Xiaomi,Mi 13 Pro,343.67,R$1958.92,BRL,5.7,2.0,Neutral,Brazil,Portuguese,2022-12-22,True,3,1,2,4,1,2,Flipkart
24913,Janet Moreno,32,Xiaomi,Mi 13 Pro,673.11,C$928.89,CAD,1.38,2.0,Positive,Canada,English,2023-07-21,False,1,3,3,2,2,3,AliExpress
17970,Lilli Schönland,33,Motorola,Razr 40,210.66,€195.91,EUR,0.93,3.0,Positive,Germany,German,2023-01-24,True,3,1,2,3,3,7,eBay
28377,Shirley Brown,18,Samsung,Galaxy A55,476.97,£372.04,GBP,0.78,2.0,Neutral,UK,English,2024-04-05,True,3,1,1,1,3,1,Amazon
9890,Brett Gonzalez,39,Realme,Realme Narzo 70,498.47,,USD,1.0,3.0,Positive,USA,English,2023-10-27,True,4,2,2,3,5,4,BestBuy
46456,Teresa Hammond,39,Realme,Realme Narzo 70,354.73,د.إ1301.86,AED,3.67,2.0,Positive,UAE,English,2023-07-15,True,1,1,1,2,1,6,eBay
38500,Arthur Jones,37,Samsung,Galaxy A55,1282.03,£999.98,GBP,0.78,4.0,Neutral,UK,English,2025-03-30,True,5,5,3,2,4,1,eBay
16248,Duncan Robinson,35,Google,Pixel 8,1021.65,£796.89,GBP,0.78,3.0,Neutral,UK,English,2025-01-30,True,4,2,1,3,2,3,AliExpress
8787,Joann Ross,18,Google,Pixel 6,804.47,د.إ2952.4,AED,3.67,3.0,Negative,UAE,English,2025-08-21,True,4,1,2,3,3,5,BestBuy
35430,Andrew Ross,38,Xiaomi,Redmi Note 13,685.83,$685.83 ,USD,1.0,1.0,Negative,USA,English,2024-03-24,True,1,1,1,2,1,3,AliExpress
19104,Sara Robinson,28,Google,Pixel 8,899.64,$899.64 ,USD,1.0,2.0,Negative,USA,English,2024-06-11,True,1,2,5,2,1,2,Flipkart
44143,João Cirino,33,Samsung,Galaxy Note 20,1241.84,R$7078.49,BRL,5.7,5.0,Positive,Brazil,Portuguese,2024-10-07,False,4,5,5,5,1,12,AliExpress
14787,Laura Davis,34,Xiaomi,Poco X6,672.08,$672.08 ,USD,1.0,4.0,Positive,USA,English,2025-04-22,True,4,4,3,5,3,3,Amazon
18217,Maureen Wall,28,Samsung,Galaxy S24,1006.61,£785.16,GBP,0.78,1.0,Negative,UK,English,2025-05-03,True,1,1,1,1,1,0,BestBuy
29737,Oscar Yates,37,Google,Pixel 8,681.25,C$940.12,CAD,1.38,3.0,Positive,Canada,English,2024-10-05,True,2,2,3,1,3,9,Amazon
18195,Edhitha Tella,20,Xiaomi,Mi 13 Pro,205.79,₹17080.57,INR,83.0,2.0,Neutral,India,Hindi,2025-01-27,True,2,1,3,1,1,3,Flipkart
42356,Ridhi Dhaliwal,44,Samsung,Galaxy A55,807.36,₹67010.88,INR,83.0,2.0,Negative,India,Hindi,2024-10-25,True,2,2,1,2,2,2,Flipkart
20186,Ryan Peterson,21,Google,Pixel 6,1018.71,A$1558.63,AUD,1.53,5.0,Positive,Australia,English,2025-08-03,True,5,5,5,5,4,2,Flipkart
38611,Jordan Bell,18,OnePlus,OnePlus Nord 3,444.15,C$612.93,CAD,1.38,3.0,Positive,Canada,English,2025-04-30,True,3,4,4,1,1,2,Amazon
22656,Mandy Stevens,35,Xiaomi,Mi 13 Pro,443.83,£221.56,GBP,0.78,5.0,Positive,UK,English,2025-02-12,True,4,5,5,4,4,8,AliExpress
31786,Jacob Baker,18,Xiaomi,Mi 13 Pro,417.45,A$638.7,AUD,1.53,2.0,Negative,Australia,English,2025-09-10,True,3,2,1,3,1,2,BestBuy
36667,Jessica Sherman,42,Realme,Realme 12 Pro,528.99,د.إ1941.39,AED,3.67,5.0,Positive,UAE,English,2022-12-13,True,3,3,5,4,4,5,Flipkart
44905,Mrs Jade Johnson,39,Realme,Realme Narzo 70,511.87,£399.26,GBP,0.78,3.1264233576642337,Positive,UK,English,2023-04-01,True,5,4,3,5,5,6,
6080,Stacy Cervantes,20,Motorola,Edge 50,367.08,د.إ1347.18,AED,3.67,4.0,Positive,UAE,English,2022-11-13,False,5,4,2,2,3,5,AliExpress
15556,Sharon Velez,18,Realme,Realme 12 Pro,495.49,C$683.78,CAD,1.38,3.0,Positive,Canada,English,2025-10-16,True,2,1,3,3,1,6,eBay
48062,Kyle Sullivan,44,Google,Pixel 8,788.89,$788.89 ,USD,1.0,5.0,Positive,USA,English,2024-09-27,True,5,4,5,5,5,6,Amazon
24408,Sra. Vitória Rodrigues,29,Motorola,Razr 40,707.34,R$4031.84,BRL,5.7,3.0,Positive,Brazil,Portuguese,2025-01-25,True,4,2,3,3,1,5,Amazon
44889,Samuel Boyd,18,Realme,Realme 12 Pro,191.44,C$264.19,CAD,1.38,5.0,Positive,Canada,English,2024-03-24,True,4,5,3,4,5,6,AliExpress
6425,Neel Dey,29,Google,Pixel 6,961.41,₹79797.03,INR,83.0,3.1190370040124837,Negative,India,Hindi,2023-10-13,True,1,2,3,1,1,3,Flipkart
46203,Shelby Juarez,32,Realme,Realme 12 Pro,348.1,C$480.38,CAD,1.38,3.0,Neutral,Canada,English,2024-04-24,True,2,2,3,3,2,2,BestBuy
42285,Jessica Hall,18,Google,Pixel 7a,710.88,C$981.01,CAD,1.38,4.0,Positive,Canada,English,2025-03-13,True,3,3,4,4,3,5,BestBuy
45699,Julia Cavalcanti,55,Apple,iPhone 14,733.31,R$4179.87,BRL,5.7,3.0,Negative,Brazil,Portuguese,2025-03-17,True,3,3,4,1,2,5,Flipkart
41461,Matthew Diaz,34,OnePlus,OnePlus 12,507.79,C$700.75,CAD,1.38,1.0,Negative,Canada,English,2025-03-06,True,1,1,1,1,1,1,Amazon
28418,Camila Oliveira,18,Samsung,Galaxy Z Flip,987.74,R$5630.12,BRL,5.7,4.0,Positive,Brazil,Portuguese,2022-11-28,False,4,3,3,5,2,4,Amazon
18151,John Murphy,21,OnePlus,OnePlus Nord 3,840.07,د.إ3083.06,AED,3.67,2.0,Negative,UAE,English,2023-06-07,False,1,3,2,1,3,5,eBay
30624,Ana Liz da Mata,29,Apple,iPhone 15 Pro,944.68,R$5384.68,BRL,5.7,1.0,Negative,Brazil,Portuguese,2024-07-03,True,1,1,2,1,1,1,eBay
3151,Jeremy Murray,18,OnePlus,OnePlus 11R,516.75,$516.75 ,USD,1.0,4.0,Positive,USA,English,2024-12-05,True,1,5,3,2,3,7,AliExpress
18185,Nicole Schwartz,21,Apple,iPhone 15 Pro,1211.33,A$1853.33,AUD,1.53,4.0,Positive,Australia,English,2023-12-16,True,5,5,5,3,4,7,eBay
26731,Kiara Stevenson,27,Samsung,Galaxy Z Flip,778.73,A$1191.46,AUD,1.53,3.0,Positive,Australia,English,2023-02-23,False,2,3,2,4,3,3,AliExpress
12515,Sr. João Felipe Pereira,37,Apple,iPhone 15 Pro,702.02,R$4001.51,BRL,5.7,4.0,Positive,Brazil,Portuguese,2024-11-25,True,4,3,3,3,3,4,Amazon
36056,Mary Flores,31,Google,Pixel 7a,824.6,د.إ3026.28,AED,3.67,4.0,Positive,UAE,English,2024-06-17,True,3,4,5,3,3,5,eBay
40833,Dr Brandon Fisher,18,OnePlus,OnePlus 12,978.39,£763.14,GBP,0.78,4.0,Positive,UK,English,2024-02-10,True,2,5,3,5,3,5,BestBuy
34374,Ashley Jones,32,Apple,iPhone 14,1104.34,C$1523.99,CAD,1.38,3.0,Negative,Canada,English,2025-03-28,True,2,2,4,1,1,1,eBay
45453,Warhi Sharma,25,Apple,iPhone 14,1128.67,₹93679.61,INR,83.0,5.0,Positive,India,Hindi,2023-12-17,True,1,3,3,4,5,4,Amazon
34308,Dana Schneider,28,Google,Pixel 7a,809.44,د.إ2969.54,AED,3.67,3.0,Negative,UAE,English,2024-04-13,True,3,2,4,1,3,4,eBay
46162,Aylla Ribeiro,33,Xiaomi,Mi 13 Pro,215.5,R$1228.35,BRL,5.7,2.0,Neutral,Brazil,Portuguese,2025-10-14,True,1,1,1,1,1,0,eBay
37976,Gabi Hendriks-Meyer,29,Xiaomi,Redmi Note 13,261.18,€242.9,EUR,0.93,3.1197273114614403,Neutral,Germany,German,2025-01-13,True,1,3,1,2,1,2,AliExpress
21233,Igor da Mota,23,OnePlus,OnePlus 12,479.07,R$2730.7,BRL,5.7,2.0,Negative,Brazil,Portuguese,2023-05-23,True,1,4,1,2,1,2,AliExpress
20327,Mrs Paula Rees,29,Apple,iPhone 14,726.83,£566.93,GBP,0.78,3.0,Positive,UK,English,2023-12-04,True,1,3,4,3,3,7,Amazon
27005,Heidelore Gehringer-Schmidt,18,Motorola,Razr 40,675.79,€628.48,EUR,0.93,4.0,Neutral,Germany,German,2024-05-11,False,3,4,4,3,3,2,Amazon
45594,Ishaan Venkatesh,31,Google,Pixel 7a,874.18,₹72556.94,INR,83.0,5.0,Positive,India,Hindi,2024-05-10,True,5,5,3,5,3,7,Flipkart
25848,Jonathan Bishop,29,Samsung,Galaxy Note 20,1060.36,د.إ3891.52,AED,3.67,3.0,Negative,UAE,English,2023-07-31,True,1,2,3,2,1,1,eBay
7440,Debra Perry,26,Samsung,Galaxy Note 20,906.14,د.إ3325.53,AED,3.67,4.0,Positive,UAE,English,2024-10-15,True,3,4,5,4,4,5,Flipkart
37341,Lipika Singhal,18,Apple,iPhone 15 Pro,1200.18,₹99614.94,INR,83.0,1.0,Neutral,India,Hindi,2025-01-17,True,1,1,1,1,1,2,BestBuy
10027,Upma Kata,19,Xiaomi,Poco X6,369.98,₹30708.34,INR,83.0,4.0,Positive,India,Hindi,2025-03-22,True,3,3,5,3,3,7,AliExpress
20966,Tracy Banks,30,OnePlus,OnePlus Nord 3,389.23,A$595.52,AUD,1.53,3.0,Positive,Australia,English,2023-06-08,True,5,3,1,2,2,7,BestBuy
7285,Priya Sur,40,Samsung,Galaxy A55,735.95,₹61083.85,INR,83.0,5.0,Positive,India,Hindi,2023-10-30,True,5,5,5,4,5,5,Flipkart
30275,Richard Woodward,18,Google,Pixel 6,832.41,$832.41 ,USD,1.0,1.0,Neutral,USA,English,2025-08-07,True,1,1,1,2,1,3,Amazon
49968,Ana Beatriz Pastor,46,Samsung,Galaxy A55,1364.44,R$7777.31,BRL,5.7,4.0,Positive,Brazil,Portuguese,2025-10-13,True,3,3,4,3,3,5,eBay
31159,Jamie Davis,32,Apple,iPhone SE,1402.39,"$1,402.39 ",USD,1.0,3.0,Positive,USA,English,2022-11-05,False,2,4,1,4,3,5,BestBuy
15618,Lydia Oliver,18,Motorola,Razr 40,496.21,£387.04,GBP,0.78,3.108496732026144,Negative,UK,English,2024-08-10,True,2,1,1,1,1,0,AliExpress
9619,Atharv Thakur,37,Samsung,Galaxy Note 20,1336.56,,INR,83.0,3.0,Positive,India,Hindi,2023-03-13,True,2,1,3,2,3,9,AliExpress
28873,Mr Wayne Whitehead,19,OnePlus,OnePlus Nord 3,829.29,,GBP,0.78,3.0,Neutral,UK,English,2024-06-03,True,3,2,4,2,2,0,AliExpress
37268,Joseph Jones,27,OnePlus,OnePlus 12,476.04,,AED,3.67,4.0,Positive,UAE,English,2023-11-12,False,2,2,4,1,5,6,Flipkart
18811,Hannah Thompson,33,Google,Pixel 6,905.31,د.إ3322.49,AED,3.67,5.0,Positive,UAE,English,2025-09-22,True,5,4,4,4,4,6,Amazon
32954,Mackenzie Edwards,25,Motorola,Moto G Power,466.59,د.إ1712.39,AED,3.67,2.0,Neutral,UAE,English,2024-07-22,True,2,1,2,1,1,4,Amazon
29894,Mr. Benjamin Castillo,47,Realme,Realme Narzo 70,538.69,C$743.39,CAD,1.38,1.0,Neutral,Canada,English,2024-10-26,True,1,2,1,1,1,2,eBay
32505,Frank Haas,26,Samsung,Galaxy S24,1036.82,"$1,036.82 ",USD,1.0,5.0,Positive,USA,English,2024-01-05,True,5,4,3,4,4,4,AliExpress
27732,Prisha Sant,44,Xiaomi,Redmi Note 13,450.8,₹53584.8,INR,83.0,3.0,Positive,India,Hindi,2024-04-03,True,2,1,2,2,2,6,BestBuy
31314,Shawn Cameron,36,OnePlus,OnePlus 12,480.8,,AUD,1.53,5.0,Positive,Australia,English,2023-02-23,True,4,5,4,5,5,6,BestBuy
31845,Senta Kaul,28,Xiaomi,Redmi Note 13,286.28,€266.24,EUR,0.93,5.0,Positive,Germany,German,2023-11-17,True,3,5,5,4,3,3,AliExpress
4274,Brandon Anderson,37,Google,Pixel 6,518.67,A$793.57,AUD,1.53,1.0,Negative,Australia,English,2024-02-22,True,1,1,1,1,1,1,AliExpress
47404,Beverly Wolf,33,Realme,Realme 12 Pro,250.3,د.إ918.6,AED,3.67,2.0,Neutral,UAE,English,2025-04-15,True,1,2,1,1,2,1,BestBuy
23362,Sabina Killer B.Sc.,42,Realme,Realme Narzo 70,524.07,€487.39,EUR,0.93,5.0,Positive,Germany,German,2023-01-25,True,5,3,5,5,4,6,BestBuy
2323,Dr. Daniel Brock,25,Apple,iPhone 13,1111.61,"$1,111.61 ",USD,1.0,2.0,Neutral,USA,English,2023-08-21,True,1,3,2,1,1,2,BestBuy
14973,Dr. Wolf Mülichen,32,Motorola,Moto G Power,280.34,€260.72,EUR,0.93,4.0,Positive,Germany,German,2023-07-11,True,2,5,5,2,5,5,AliExpress
16452,Beata Ullrich,34,OnePlus,OnePlus 11R,775.3,€721.03,EUR,0.93,5.0,Positive,Germany,German,2023-10-10,True,5,4,5,4,5,7,Flipkart
14546,Andrea Blanchard,18,Samsung,Galaxy S24,1047.98,A$1603.41,AUD,1.53,4.0,Positive,Australia,English,2024-07-29,True,2,1,2,5,4,7,Amazon
19314,Steven Benjamin,25,Xiaomi,Mi 13 Pro,614.28,$614.28 ,USD,1.0,1.0,Negative,USA,English,2022-12-13,False,1,1,2,3,1,5,Amazon
23671,Paul Fischer,28,OnePlus,OnePlus Nord 3,667.13,A$1020.71,AUD,1.53,2.0,Negative,Australia,English,2024-11-13,True,1,3,3,1,2,5,eBay
37050,Igor Pires,33,Apple,iPhone SE,1413.02,R$8054.21,BRL,5.7,1.0,Negative,Brazil,Portuguese,2024-05-10,False,1,1,3,2,1,1,eBay
45913,Amanda Wallace,20,OnePlus,OnePlus Nord 3,404.84,د.إ1485.76,AED,3.67,4.0,Positive,UAE,English,2023-11-08,True,4,3,4,2,5,4,eBay
26320,Raquel Mendes,24,Google,Pixel 6,937.42,R$5343.29,BRL,5.7,3.0,Neutral,Brazil,Portuguese,2025-08-18,True,2,4,4,3,2,4,Amazon
33922,Ing. Irmingard Pärtzelt B.Eng.,19,Motorola,Edge 50,514.92,€609.45,EUR,0.93,4.0,Positive,Germany,German,2024-10-23,True,2,3,4,4,3,1,
6323,John Riddle,46,Motorola,Razr 40,414.11,A$633.59,AUD,1.53,3.0,Neutral,Australia,English,2023-09-27,True,3,3,1,3,3,4,BestBuy
466,Derek Wright,22,Apple,iPhone 15 Pro,990.07,$990.07 ,USD,1.0,3.0,Positive,USA,English,2023-03-21,True,4,1,5,2,3,3,
3254,Gustavo Henrique Ribeiro,29,Xiaomi,Poco X6,212.3,R$1210.11,BRL,5.7,2.0,Negative,Brazil,Portuguese,2023-11-23,True,1,1,3,2,2,2,eBay
10987,Lambert van der Dussen,21,Xiaomi,Redmi Note 13,289.16,€268.92,EUR,0.93,5.0,Positive,Germany,German,2023-06-26,True,5,4,4,5,5,6,Amazon
14751,Abigail Blackburn,19,Realme,Realme Narzo 70,523.72,د.إ1922.05,AED,3.67,4.0,Positive,UAE,English,2025-03-25,False,3,4,2,4,2,4,eBay
14785,Brad Chavez,38,Google,Pixel 7a,570.41,A$872.73,AUD,1.53,4.0,Positive,Australia,English,2024-02-08,True,3,3,4,2,4,4,Amazon
565,Jacob Henry,26,Xiaomi,Redmi Note 13,544.91,£425.03,GBP,0.78,4.0,Positive,UK,English,2025-04-03,True,4,3,4,5,4,2,eBay
43127,Donna Franco,40,Apple,iPhone 15 Pro,727.58,,AED,3.67,4.0,Positive,UAE,English,2022-11-17,False,4,5,5,2,3,4,eBay
12725,Bianca Charles,25,Samsung,Galaxy S24,804.88,$804.88 ,USD,1.0,4.0,Positive,USA,English,2023-05-30,True,1,4,3,3,2,7,eBay
33808,Kaitlin Lee,25,Samsung,Galaxy Z Flip,1049.02,C$1447.65,CAD,1.38,3.0,Neutral,Canada,English,2024-06-13,False,4,2,3,3,2,0,Flipkart
7299,Valerie Cooper,18,Samsung,Galaxy S24,870.72,C$1201.59,CAD,1.38,4.0,Positive,Canada,English,2025-08-26,True,4,3,3,5,3,4,Flipkart
25389,Shawn Hamilton,41,Apple,iPhone 15 Pro,924.99,A$1415.23,AUD,1.53,4.0,Positive,Australia,English,2022-10-25,True,3,4,4,4,4,7,BestBuy
19686,Ing. Till Budig MBA.,30,Apple,iPhone 14,1280.35,€1190.73,EUR,0.93,2.0,Neutral,Germany,German,2023-05-27,True,1,1,2,2,2,4,Flipkart
34489,Maria Isis Sampaio,35,OnePlus,OnePlus 11R,667.0250000000001,R$5010.7,BRL,5.7,2.0,Positive,Brazil,Portuguese,2024-11-12,True,1,1,2,1,1,8,Flipkart
37828,Michael Green,45,Google,Pixel 7a,636.57,A$973.95,AUD,1.53,5.0,Positive,Australia,English,2024-01-24,False,5,5,5,4,3,6,BestBuy
3594,Fariq Goda,37,Google,Pixel 7a,644.78,₹53516.74,INR,83.0,1.0,Neutral,India,Hindi,2023-08-25,True,1,1,1,1,2,1,Amazon
12401,Damini Bal,32,OnePlus,OnePlus 11R,943.0,₹78269.0,INR,83.0,1.0,Negative,India,Hindi,2023-01-23,True,1,1,1,1,1,0,Flipkart
29940,Zachary Griffith,41,Apple,iPhone SE,1057.5,A$1617.98,AUD,1.53,2.0,Positive,Australia,English,2022-11-28,True,2,2,1,1,2,7,Flipkart
24855,Donna Price,35,Realme,Realme Narzo 70,476.16,C$657.1,CAD,1.38,4.0,Positive,Canada,English,2023-07-05,True,4,2,4,3,4,5,Flipkart
21776,Jamie Thomas,38,Apple,iPhone 15 Pro,1357.34,£1058.73,GBP,0.78,4.0,Positive,UK,English,2025-06-08,True,3,3,4,4,4,7,Flipkart
38919,Kim Lawrence,18,Xiaomi,Mi 13 Pro,369.79,د.إ1357.13,AED,3.67,5.0,Positive,UAE,English,2025-03-30,True,4,4,4,5,4,8,eBay
7526,Magret Thanel,18,Apple,iPhone 14,1206.92,€1122.44,EUR,0.93,3.0,Neutral,Germany,German,2023-01-11,True,2,3,3,3,1,6,Amazon
8902,Miranda Perry,18,OnePlus,OnePlus 11R,854.76,A$1307.78,AUD,1.53,3.0,Positive,Australia,English,2024-10-25,True,3,2,2,4,3,1,Flipkart
24779,Jerome Evans,47,OnePlus,OnePlus 12,668.0899999999999,A$772.73,AUD,1.53,5.0,Positive,Australia,English,2023-01-07,True,4,4,4,5,4,6,eBay
40304,Michael Holland,31,Motorola,Razr 40,701.82,,CAD,1.38,4.0,Positive,Canada,English,2025-09-22,True,3,5,4,4,4,2,eBay
39666,Mr Ross Palmer,22,OnePlus,OnePlus Nord 3,861.89,£672.27,GBP,0.78,3.0,Positive,UK,English,2025-01-13,True,3,3,4,1,3,4,Amazon
31513,Bayram Heidrich,54,Samsung,Galaxy A55,803.86,€747.59,EUR,0.93,4.0,Positive,Germany,German,2023-08-22,True,3,3,4,1,5,4,BestBuy
26723,Stella da Mota,22,Xiaomi,Poco X6,288.59,R$1644.96,BRL,5.7,3.1261384335154827,Positive,Brazil,Portuguese,2023-03-09,True,5,5,5,5,5,4,AliExpress
11905,Matteo Cardoso,38,Apple,iPhone SE,890.13,R$5073.74,BRL,5.7,2.0,Neutral,Brazil,Portuguese,2025-09-17,True,2,1,1,3,2,0,eBay
32150,Dr. Samuel Pacheco,35,Google,Pixel 7a,776.13,R$4423.94,BRL,5.7,2.0,Negative,Brazil,Portuguese,2024-08-05,True,1,2,1,2,1,3,AliExpress
48832,Annette Duffy,18,Motorola,Moto G Power,349.12,£272.31,GBP,0.78,4.0,Positive,UK,English,2024-06-28,True,4,4,3,4,4,8,BestBuy
21258,Melissa Robinson,23,Motorola,Moto G Power,725.69,A$1110.31,AUD,1.53,5.0,Positive,Australia,English,2024-09-06,True,5,3,5,5,5,6,eBay
43773,Ekavir Ram,29,Samsung,Galaxy S24,417.97,₹34691.51,INR,83.0,5.0,Positive,India,Hindi,2022-11-15,False,4,5,4,5,5,10,AliExpress
42847,Sai Oza,36,Xiaomi,Mi 13 Pro,361.15,₹29975.45,INR,83.0,3.0,Neutral,India,Hindi,2025-08-06,True,3,1,3,5,4,5,eBay
32749,Thomas Manning,25,Samsung,Galaxy Note 20,914.71,C$1262.3,CAD,1.38,3.0,Positive,Canada,English,2024-05-29,True,3,4,3,3,4,2,BestBuy
34536,Mesut Säuberlich B.Sc.,18,Xiaomi,Poco X6,410.43,€381.7,EUR,0.93,3.0,Negative,Germany,German,2023-01-07,True,3,4,5,2,3,0,AliExpress
31921,Yashvi Suresh,43,Xiaomi,Mi 13 Pro,223.16,₹18522.28,INR,83.0,3.0,Positive,India,Hindi,2025-02-17,True,2,2,3,4,3,8,Amazon
34537,Muzaffer Schuchhardt-Wilms,29,OnePlus,OnePlus 11R,981.16,€912.48,EUR,0.93,5.0,Positive,Germany,German,2025-05-27,False,5,4,4,5,5,6,Amazon
9074,Joshua Patel,24,OnePlus,OnePlus Nord 3,749.58,A$1146.86,AUD,1.53,4.0,Positive,Australia,English,2025-07-14,False,3,5,5,3,1,6,BestBuy
2339,Dr. Elizabeth Martinez MD,25,OnePlus,OnePlus 12,403.25,A$616.97,AUD,1.53,3.0,Positive,Australia,English,2025-02-02,True,4,2,2,4,2,4,Flipkart
17027,Janani Sandal,37,Samsung,Galaxy A55,650.28,₹53973.24,INR,83.0,5.0,Positive,India,Hindi,2023-09-08,True,5,5,5,4,4,6,Amazon
20215,Reece Cooper,32,Xiaomi,Redmi Note 13,450.8,£362.86,GBP,0.78,1.0,Negative,UK,English,2024-07-01,True,1,1,1,1,2,4,eBay
10993,Lara Viana,31,Motorola,Razr 40,416.36,R$2373.25,BRL,5.7,5.0,Positive,Brazil,Portuguese,2025-09-24,True,2,5,3,5,5,0,eBay
16340,Brian Francis,38,Samsung,Galaxy S24,840.8,,AUD,1.53,1.0,Negative,Australia,English,2023-12-07,True,1,1,1,1,2,2,Amazon
49127,Isaque Sampaio,19,Motorola,Razr 40,794.58,R$4529.11,BRL,5.7,4.0,Positive,Brazil,Portuguese,2024-07-02,True,4,2,4,3,3,4,eBay
42628,David Cooper,22,Apple,iPhone 14,1070.44,"$1,070.44 ",USD,1.0,2.0,Negative,USA,English,2023-07-02,False,2,2,2,3,2,3,Flipkart
43377,Carmine Adolph,31,Samsung,Galaxy S24,807.04,€750.55,EUR,0.93,3.0,Positive,Germany,German,2022-11-03,True,2,1,4,3,1,9,AliExpress
7271,Ikshita Nagarajan,37,Google,Pixel 6,899.04,₹74620.32,INR,83.0,2.0,Neutral,India,Hindi,2025-03-28,True,2,1,2,1,2,2,eBay
26458,Leslie Russell,18,Google,Pixel 8,634.53,$634.53 ,USD,1.0,5.0,Positive,USA,English,2023-11-24,True,3,5,5,5,5,10,Flipkart
16282,Luis Norman,49,OnePlus,OnePlus Nord 3,816.0,C$1126.08,CAD,1.38,1.0,Neutral,Canada,English,2022-12-06,False,1,1,2,2,1,1,eBay
8727,Ing. Toni Becker B.A.,36,Apple,iPhone SE,1141.72,€1061.8,EUR,0.93,2.0,Negative,Germany,German,2024-09-20,True,2,1,2,2,2,3,Amazon
24193,Anthony Wallace,34,Apple,iPhone SE,1169.12,C$1613.39,CAD,1.38,3.0,Positive,Canada,English,2024-01-02,True,2,3,1,2,2,4,eBay
29728,Thomas Shah,18,Google,Pixel 7a,561.26,د.إ2059.82,AED,3.67,2.0,Neutral,UAE,English,2023-12-31,True,1,1,2,1,1,2,eBay
1567,Michael Sawyer,43,Apple,iPhone SE,1052.7,C$1452.73,CAD,1.38,3.0,Neutral,Canada,English,2023-06-10,True,3,2,2,2,3,3,BestBuy
43977,Brian Myers,33,Motorola,Edge 50,673.53,$673.53 ,USD,1.0,3.092575618698442,Positive,USA,English,2023-06-26,True,4,3,4,2,2,4,eBay
11754,Prof. Herta Davids,36,Google,Pixel 6,939.14,€873.4,EUR,0.93,4.0,Positive,Germany,German,2025-07-30,False,2,2,5,5,3,5,Amazon
37023,Dominic Bryan,21,Realme,Realme 12 Pro,437.06,$437.06 ,USD,1.0,4.0,Positive,USA,English,2023-06-29,True,2,4,3,3,4,6,Flipkart
34921,João Cunha,54,OnePlus,OnePlus Nord 3,669.4,R$4732.6,BRL,5.7,2.0,Neutral,Brazil,Portuguese,2025-03-25,True,2,1,1,1,1,4,Flipkart
13366,Pedro Lucas Sousa,39,Google,Pixel 7a,627.65,R$3577.61,BRL,5.7,4.0,Positive,Brazil,Portuguese,2023-10-30,True,5,4,2,2,3,2,eBay
37399,Johnathan Pope,41,Google,Pixel 8,1044.35,C$1441.2,CAD,1.38,1.0,Neutral,Canada,English,2025-06-04,True,1,2,1,1,1,0,AliExpress
36169,Jon Martin,40,Xiaomi,Redmi Note 13,432.45,A$661.65,AUD,1.53,1.0,Negative,Australia,English,2024-02-01,True,1,1,1,1,1,3,Flipkart
12426,Matthew Wong,38,Xiaomi,Poco X6,688.1,$688.10 ,USD,1.0,3.1261384335154827,Neutral,USA,English,2023-12-10,True,4,1,4,2,2,3,BestBuy
645,Marilyn McLean,24,Samsung,Galaxy Z Flip,661.2,£515.74,GBP,0.78,3.0,Neutral,UK,English,2024-07-01,True,2,4,3,2,3,1,BestBuy
1040,Julia Cardoso,48,OnePlus,OnePlus 12,447.08,R$2548.36,BRL,5.7,5.0,Positive,Brazil,Portuguese,2023-06-28,False,3,4,4,2,5,9,eBay
28077,Karen Rios,29,Google,Pixel 8,799.52,A$933.91,AUD,1.53,1.0,Negative,Australia,English,2025-10-08,True,1,1,1,2,1,2,AliExpress
11215,Matthew Smith,34,Motorola,Edge 50,408.82,A$625.49,AUD,1.53,3.0,Positive,Australia,English,2024-07-07,True,1,2,3,5,2,5,AliExpress
333,Yasmin Santos,18,Motorola,Razr 40,783.11,R$4463.73,BRL,5.7,3.108496732026144,Positive,Brazil,Portuguese,2023-10-14,True,3,4,3,3,4,3,eBay
6484,Chakrika Dugar,35,Apple,iPhone 14,948.53,₹78727.99,INR,83.0,3.0,Neutral,India,Hindi,2025-05-11,True,2,2,1,4,3,2,eBay
45639,Christina Jäkel,32,Xiaomi,Redmi Note 13,265.16,€246.6,EUR,0.93,2.0,Positive,Germany,German,2023-02-25,True,1,2,2,2,1,3,AliExpress
32733,Margitta Pohl,24,Xiaomi,Redmi Note 13,465.43,€432.85,EUR,0.93,1.0,Neutral,Germany,German,2023-06-21,True,1,1,1,1,1,4,
8179,Dra. Evelyn Pinto,32,Motorola,Moto G Power,222.96,R$1270.87,BRL,5.7,4.0,Positive,Brazil,Portuguese,2025-07-29,True,2,3,4,4,3,7,eBay
16759,Geraldine Nicholson,27,Motorola,Moto G Power,320.25,£249.8,GBP,0.78,5.0,Positive,UK,English,2025-01-04,True,4,4,5,5,4,4,AliExpress
47722,Hadassa Barros,18,Realme,Realme Narzo 70,392.8200000000001,R$3101.43,BRL,5.7,5.0,Positive,Brazil,Portuguese,2024-08-23,True,5,4,4,5,4,9,Amazon
33288,Richard Dunn,24,Samsung,Galaxy S24,469.26,A$717.97,AUD,1.53,1.0,Negative,Australia,English,2022-12-25,False,1,2,1,1,3,2,
45683,Karoline Steinberg MBA.,37,Google,Pixel 6,802.85,€746.65,EUR,0.93,3.0,Positive,Germany,German,2024-10-24,True,2,2,2,2,2,8,AliExpress
47934,Craig Cameron,37,Apple,iPhone 15 Pro,1089.11,"$1,089.11 ",USD,1.0,4.0,Positive,USA,English,2023-09-28,True,5,3,3,2,3,6,Amazon
35573,Erin Butler,18,OnePlus,OnePlus Nord 3,808.31,A$1236.71,AUD,1.53,5.0,Positive,Australia,English,2023-02-15,False,4,5,5,3,5,1,Amazon
28810,Dr. Brianna Turner MD,31,Apple,iPhone SE,1060.39,"$1,060.39 ",USD,1.0,4.0,Positive,USA,English,2023-07-08,True,2,2,4,3,4,6,BestBuy
20362,Timothy Peters,26,OnePlus,OnePlus 12,392.02,$392.02 ,USD,1.0,4.0,Positive,USA,English,2023-07-14,True,2,4,4,5,1,3,Amazon
4450,Natália Jesus,29,Google,Pixel 7a,984.51,R$5611.71,BRL,5.7,3.0,Neutral,Brazil,Portuguese,2024-10-15,True,2,3,3,4,1,1,AliExpress
47535,Julia Winters,38,Samsung,Galaxy Note 20,1116.84,د.إ4098.8,AED,3.67,1.0,Negative,UAE,English,2024-04-21,True,1,1,1,1,1,1,eBay
18204,Dra. Alana Lima,38,Google,Pixel 8,998.72,R$5692.7,BRL,5.7,2.0,Neutral,Brazil,Portuguese,2025-09-27,False,4,2,2,2,3,3,BestBuy
18727,Maria Luísa Casa Grande,24,Google,Pixel 8,1073.28,R$6117.7,BRL,5.7,3.129131776112825,Negative,Brazil,Portuguese,2025-02-12,False,1,1,2,2,1,0,AliExpress
28132,Russell Brown,37,Google,Pixel 8,551.29,C$760.78,CAD,1.38,4.0,Positive,Canada,English,2024-03-04,True,2,4,3,4,4,4,Flipkart
12916,Abbie Graham,27,Realme,Realme Narzo 70,433.69,£338.28,GBP,0.78,4.0,Positive,UK,English,2025-08-04,False,5,4,4,3,3,3,Amazon
46304,Mary Bruce,30,Samsung,Galaxy A55,654.03,C$902.56,CAD,1.38,3.0,Positive,Canada,English,2025-02-08,True,2,1,3,1,2,3,Amazon
39062,Debbie Thompson,26,Google,Pixel 8,671.98,A$1028.13,AUD,1.53,4.0,Positive,Australia,English,2023-10-12,True,2,4,5,3,4,5,eBay
15510,Michael Hall,37,Xiaomi,Redmi Note 13,395.67,$395.67 ,USD,1.0,4.0,Positive,USA,English,2024-01-13,False,3,4,2,4,2,3,
16422,Danielle Gardner,26,Samsung,Galaxy A55,974.96,د.إ3578.1,AED,3.67,4.0,Positive,UAE,English,2024-10-03,False,3,4,3,3,4,2,Flipkart
2575,Patricia Brown PhD,20,Motorola,Edge 50,343.29,د.إ1259.87,AED,3.67,4.0,Positive,UAE,English,2024-08-20,False,4,4,3,2,3,2,Flipkart
38351,Lucas Sanders,21,Xiaomi,Mi 13 Pro,480.25,د.إ1762.52,AED,3.67,3.0,Positive,UAE,English,2024-01-03,True,3,4,1,2,2,6,BestBuy
34003,Caleb Bala,19,Samsung,Galaxy S24,1125.51,₹93417.33,INR,83.0,5.0,Positive,India,Hindi,2022-11-12,True,5,3,4,5,4,9,eBay
10601,Giovanna Barbosa,26,Realme,Realme 12 Pro,228.56,R$1302.79,BRL,5.7,5.0,Positive,Brazil,Portuguese,2024-06-15,True,3,5,4,4,5,6,eBay
6937,Esther Farias,41,Motorola,Edge 50,518.13,R$2953.34,BRL,5.7,2.0,Negative,Brazil,Portuguese,2025-07-29,True,2,1,3,1,2,1,Flipkart
34097,Deborah Knight,36,Xiaomi,Mi 13 Pro,491.96,A$752.7,AUD,1.53,4.0,Positive,Australia,English,2024-08-28,True,2,4,4,4,4,6,eBay
38823,Kritika Kadakia,35,Motorola,Razr 40,200.28,₹16623.24,INR,83.0,3.0,Neutral,India,Hindi,2023-12-11,True,2,2,1,2,4,1,Flipkart
30889,Hamsini Walla,31,Google,Pixel 6,758.04,₹62917.32,INR,83.0,5.0,Positive,India,Hindi,2025-02-02,True,5,5,5,5,4,3,Amazon
1499,Christos Vollbrecht,19,Realme,Realme Narzo 70,578.12,€537.65,EUR,0.93,5.0,Positive,Germany,German,2025-01-16,False,4,5,5,5,4,4,Flipkart
29446,Kevin Lee,38,OnePlus,OnePlus 12,355.17,$355.17 ,USD,1.0,4.0,Positive,USA,English,2024-07-24,True,4,3,5,2,3,3,eBay
29518,Enrico Pereira,29,Google,Pixel 8,807.58,R$4603.21,BRL,5.7,2.0,Neutral,Brazil,Portuguese,2022-12-23,True,1,2,1,1,1,2,Amazon
32132,Paula Johnson,18,Apple,iPhone 15 Pro,1165.84,د.إ4278.63,AED,3.67,3.0,Neutral,UAE,English,2023-09-10,True,5,2,1,1,4,2,eBay
31915,Dra. Raquel Pires,33,Apple,iPhone 13,1400.01,R$7980.06,BRL,5.7,5.0,Positive,Brazil,Portuguese,2024-05-19,True,4,4,5,5,5,2,Amazon
20538,Erhard Gröttner-Höfig,18,Samsung,Galaxy Z Flip,1131.39,€1052.19,EUR,0.93,2.0,Negative,Germany,German,2023-12-15,True,2,1,1,2,2,1,AliExpress
31680,Manuel Brooks,27,Samsung,Galaxy Z Flip,905.38,A$775.21,AUD,1.53,5.0,Positive,Australia,English,2024-09-16,True,5,5,3,5,4,3,BestBuy
28407,Clive Bailey,31,Realme,Realme 12 Pro,237.14,£184.97,GBP,0.78,4.0,Positive,UK,English,2022-12-25,False,4,4,4,4,5,6,Flipkart
49271,Ingmar Weiß,25,Apple,iPhone 15 Pro,1420.63,€1321.19,EUR,0.93,5.0,Positive,Germany,German,2023-01-07,False,3,3,3,3,5,2,AliExpress
47069,Dr. Nils Karge B.Eng.,29,Xiaomi,Mi 13 Pro,304.29,€282.99,EUR,0.93,2.0,Negative,Germany,German,2023-06-22,True,1,1,3,3,1,4,Amazon
28692,Makayla Jacobs,30,Realme,Realme Narzo 70,210.1,$210.10 ,USD,1.0,3.0,Positive,USA,English,2025-07-25,True,2,5,3,3,4,3,Amazon
48330,Eileen Wong,18,Motorola,Razr 40,710.99,,AED,3.67,1.0,Negative,UAE,English,2024-05-11,True,1,1,2,1,1,2,Amazon
41821,Gaurika Jayaraman,34,Apple,iPhone 14,962.33,₹79873.39,INR,83.0,2.0,Negative,India,Hindi,2024-04-18,False,3,4,1,2,1,0,AliExpress
13535,Amy Thomas,34,OnePlus,OnePlus 11R,969.79,$969.79 ,USD,1.0,3.0,Neutral,USA,English,2024-02-25,True,4,3,1,1,2,1,eBay
35459,Calvin Garza,25,OnePlus,OnePlus Nord 3,614.89,C$848.55,CAD,1.38,1.0,Negative,Canada,English,2025-09-21,True,3,1,2,2,1,0,AliExpress
4860,Nachiket Bhargava,29,Xiaomi,Poco X6,384.09,₹31879.47,INR,83.0,2.0,Neutral,India,Hindi,2023-11-17,True,1,2,2,3,2,1,BestBuy
30932,Suzanne Owen,39,Google,Pixel 6,1053.12,,GBP,0.78,5.0,Positive,UK,English,2024-12-15,True,5,5,4,4,5,3,AliExpress
14075,Riya Varty,32,Realme,Realme 12 Pro,561.62,,INR,83.0,1.0,Negative,India,Hindi,2025-04-28,True,1,3,1,1,1,3,eBay
39012,Lohit Gaba,22,Apple,iPhone 13,985.72,₹81814.76,INR,83.0,2.0,Positive,India,Hindi,2024-03-11,True,1,2,1,1,1,5,BestBuy
15445,Katherine Pollard,27,Realme,Realme Narzo 70,282.6,A$432.38,AUD,1.53,5.0,Positive,Australia,English,2024-11-18,True,5,5,5,5,4,7,
42645,Brenda da Costa,19,OnePlus,OnePlus 12,861.11,,BRL,5.7,5.0,Positive,Brazil,Portuguese,2024-06-30,True,5,4,5,5,5,6,eBay
42825,Christin Davids,33,Apple,iPhone SE,1001.54,€931.43,EUR,0.93,3.101813926272674,Neutral,Germany,German,2023-08-04,True,1,4,2,3,2,1,Amazon
485,Falak Nagar,46,Motorola,Edge 50,464.26,₹38533.58,INR,83.0,1.0,Negative,India,Hindi,2023-07-01,False,1,1,1,1,1,0,eBay
40140,John Carter,41,Apple,iPhone 13,992.2,A$1518.07,AUD,1.53,5.0,Positive,Australia,English,2025-10-02,True,3,5,4,5,5,1,Flipkart
35249,Carol Parks,51,Realme,Realme 12 Pro,257.37,$257.37 ,USD,1.0,3.0,Positive,USA,English,2024-06-25,True,3,2,2,1,3,3,Amazon
47553,Frances Yates,25,OnePlus,OnePlus 11R,728.54,د.إ2673.74,AED,3.67,1.0,Negative,UAE,English,2023-04-15,True,1,4,3,1,1,1,Flipkart
35752,Connie Smith,45,Motorola,Edge 50,440.26,د.إ1615.75,AED,3.67,3.0,Neutral,UAE,English,2023-07-19,True,2,3,4,2,3,3,Flipkart
31135,Kevin Yang,18,Realme,Realme Narzo 70,274.52,C$378.84,CAD,1.38,4.0,Positive,Canada,English,2025-03-11,True,4,3,3,4,3,5,Amazon
19233,Amanda Anderson,24,Samsung,Galaxy S24,1192.96,د.إ4378.16,AED,3.67,3.0,Neutral,UAE,English,2024-02-29,True,3,2,2,1,3,0,Flipkart
14476,Monica Dalton,18,Apple,iPhone 15 Pro,1040.97,C$1436.54,CAD,1.38,2.0,Negative,Canada,English,2025-03-09,True,3,1,4,1,2,2,BestBuy
29801,Mariana Guerra,29,Apple,iPhone 15 Pro,827.33,R$4715.78,BRL,5.7,3.0,Neutral,Brazil,Portuguese,2023-05-23,False,2,3,2,2,2,0,Amazon
31802,Natasha Roberts,20,Xiaomi,Mi 13 Pro,208.77,A$319.42,AUD,1.53,4.0,Neutral,Australia,English,2025-01-31,True,5,5,4,1,4,2,AliExpress
24676,Linda Walker,28,Samsung,Galaxy S24,683.4,A$1045.6,AUD,1.53,2.0,Positive,Australia,English,2025-05-19,False,2,3,1,2,2,2,Amazon
5237,Jennifer Glenn,37,Realme,Realme 12 Pro,227.99,د.إ836.72,AED,3.67,5.0,Positive,UAE,English,2022-11-13,True,5,5,4,5,4,3,eBay
28202,Ethan Vasquez,27,OnePlus,OnePlus Nord 3,401.17,$401.17 ,USD,1.0,4.0,Positive,USA,English,2023-05-03,True,3,3,3,4,2,7,eBay
8043,Hayden Nguyen,42,Apple,iPhone 13,1352.75,"$1,352.75 ",USD,1.0,4.0,Positive,USA,English,2024-01-25,False,3,4,3,3,3,6,AliExpress
3768,Marion Randall-Oliver,18,Apple,iPhone SE,949.45,£740.57,GBP,0.78,4.0,Neutral,UK,English,2023-01-31,False,4,4,3,3,2,3,Amazon
31210,Chaaya Sinha,25,Xiaomi,Redmi Note 13,354.59,₹29430.97,INR,83.0,4.0,Positive,India,Hindi,2022-11-16,True,3,5,3,2,4,4,Flipkart
22330,Meagan Hanna,36,OnePlus,OnePlus 11R,400.97,$400.97 ,USD,1.0,2.0,Neutral,USA,English,2025-06-07,True,2,2,3,1,3,1,Flipkart
37278,Karen Hooper,38,Samsung,Galaxy A55,700.92,C$967.27,CAD,1.38,3.0,Positive,Canada,English,2024-03-29,True,2,2,5,1,2,0,AliExpress
29833,João Vitor da Conceição,21,Realme,Realme 12 Pro,322.63,R$1838.99,BRL,5.7,1.0,Negative,Brazil,Portuguese,2023-05-29,True,1,1,1,1,1,1,BestBuy
7525,Scott Brown,29,Google,Pixel 8,775.03,C$1069.54,CAD,1.38,3.129131776112825,Negative,Canada,English,2025-04-22,True,2,2,1,2,3,3,Amazon
6808,Yuvraj Sarin,27,Apple,iPhone 14,1417.54,₹117655.82,INR,83.0,1.0,Neutral,India,Hindi,2025-06-03,True,1,1,2,1,1,3,BestBuy
11099,Deborah Hardy,39,Apple,iPhone 14,940.49,$940.49 ,USD,1.0,4.0,Positive,USA,English,2025-06-07,True,3,4,4,4,3,2,eBay
4730,Shivani Bera,18,OnePlus,OnePlus 11R,821.84,₹68212.72,INR,83.0,3.0,Neutral,India,Hindi,2023-12-06,True,3,1,4,3,2,1,eBay
6770,Allen Chaney,27,Samsung,Galaxy Z Flip,404.77,C$558.58,CAD,1.38,1.0,Negative,Canada,English,2023-07-08,True,1,1,1,1,2,2,BestBuy
23258,Claudia Gieß,31,Google,Pixel 6,520.01,€483.61,EUR,0.93,4.0,Positive,Germany,German,2022-12-23,True,3,4,4,4,2,4,AliExpress
9554,Yasmin Alves,29,Apple,iPhone 15 Pro,1363.1,R$7769.67,BRL,5.7,5.0,Positive,Brazil,Portuguese,2023-02-12,True,4,5,5,5,5,4,Flipkart
11911,Ruth Martin-Smith,19,Xiaomi,Redmi Note 13,464.24,£362.11,GBP,0.78,3.0,Positive,UK,English,2024-08-27,True,3,2,2,1,3,1,BestBuy
25134,Francis Watts-Thompson,47,Samsung,Galaxy A55,801.62,£625.26,GBP,0.78,2.0,Positive,UK,English,2025-03-05,False,2,1,1,4,3,7,BestBuy
19367,Kathy Hood,47,Motorola,Razr 40,600.92,$600.92 ,USD,1.0,5.0,Positive,USA,English,2025-03-01,False,5,3,5,5,4,6,eBay
16003,Matthäus Oestrovsky MBA.,33,Apple,iPhone SE,949.93,€883.43,EUR,0.93,3.0,Neutral,Germany,German,2024-11-08,False,3,3,2,2,3,1,BestBuy
1645,Osha Sawhney,35,OnePlus,OnePlus 12,906.16,₹75211.28,INR,83.0,4.0,Positive,India,Hindi,2025-07-19,False,3,3,4,5,5,4,Amazon
45781,Wahab Bains,41,Google,Pixel 8,991.76,₹82316.08,INR,83.0,1.0,Negative,India,Hindi,2023-05-17,True,1,3,2,1,1,0,Amazon
20135,Mr Sean Mitchell,35,Motorola,Edge 50,368.26,£287.24,GBP,0.78,4.0,Neutral,UK,English,2025-06-25,True,5,4,3,4,4,2,BestBuy
28822,Clive Bibi,32,OnePlus,OnePlus Nord 3,802.29,£625.79,GBP,0.78,5.0,Positive,UK,English,2024-11-09,False,5,3,5,5,5,6,Flipkart
27637,Lindsey Holland-Stevenson,39,Google,Pixel 7a,514.65,£401.43,GBP,0.78,3.0,Positive,UK,English,2024-10-16,True,2,4,4,2,2,3,BestBuy
40658,Hildburg Kruschwitz,35,Motorola,Edge 50,723.97,€673.29,EUR,0.93,3.0,Negative,Germany,German,2023-03-31,True,3,4,3,3,4,3,
3280,Jordan Simpson,27,OnePlus,OnePlus 11R,491.3,£383.21,GBP,0.78,3.0,Neutral,UK,English,2023-04-14,True,3,1,2,1,2,4,Amazon
43954,Stephanie Thomas,24,Samsung,Galaxy Note 20,1062.42,"$1,062.42 ",USD,1.0,4.0,Positive,USA,English,2023-11-25,True,5,3,3,4,4,7,
39538,Gaurav Kurian,24,Xiaomi,Poco X6,532.05,₹44160.15,INR,83.0,2.0,Negative,India,Hindi,2022-11-19,True,2,3,3,2,1,3,BestBuy
44981,Lucca Castro,42,Motorola,Moto G Power,286.75,R$1634.48,BRL,5.7,3.128399465002229,Negative,Brazil,Portuguese,2024-09-25,False,4,2,2,4,4,4,AliExpress
22666,Jade Cirino,31,Xiaomi,Mi 13 Pro,563.85,R$3213.95,BRL,5.7,4.0,Positive,Brazil,Portuguese,2023-05-11,True,3,4,5,5,4,4,
8249,Saksham Kala,18,Motorola,Edge 50,694.19,₹57617.77,INR,83.0,5.0,Positive,India,Hindi,2024-11-10,True,3,4,4,4,4,2,BestBuy
16167,Paula Russell,28,Xiaomi,Mi 13 Pro,315.99,£246.47,GBP,0.78,3.0,Neutral,UK,English,2024-09-07,True,4,2,1,3,3,0,Flipkart
31709,Kelly Warner,20,Google,Pixel 8,632.38,$632.38 ,USD,1.0,2.0,Neutral,USA,English,2025-04-26,True,1,2,1,1,2,2,eBay
37418,Jennifer Mcdowell,30,Realme,Realme 12 Pro,429.85,د.إ1577.55,AED,3.67,1.0,Negative,UAE,English,2025-01-21,True,1,1,1,1,1,1,BestBuy
38543,Vitória Vieira,44,Realme,Realme 12 Pro,360.33,R$2053.88,BRL,5.7,2.0,Neutral,Brazil,Portuguese,2023-11-17,False,2,2,1,3,2,2,Flipkart
38706,Andre Christian,33,Xiaomi,Mi 13 Pro,517.2,A$791.32,AUD,1.53,5.0,Positive,Australia,English,2024-10-15,True,4,4,3,5,4,3,Flipkart
40565,Amber Herrera,44,Realme,Realme 12 Pro,568.81,$568.81 ,USD,1.0,2.0,Neutral,USA,English,2025-06-02,True,4,1,3,2,1,1,Flipkart
26085,Bethany Dyer-Haynes,27,Realme,Realme Narzo 70,260.95,£203.54,GBP,0.78,3.0,Negative,UK,English,2024-12-14,False,1,2,2,3,3,2,AliExpress
17005,Ronald Williamson,32,Motorola,Edge 50,682.35,C$941.64,CAD,1.38,1.0,Neutral,Canada,English,2024-08-28,False,1,1,1,1,1,1,BestBuy
42437,Hritik Koshy,18,Apple,iPhone 14,1356.84,₹112617.72,INR,83.0,4.0,Positive,India,Hindi,2023-01-27,True,4,4,3,3,5,9,BestBuy
6706,Chelsea Hawkins,21,OnePlus,OnePlus 12,663.55,د.إ2435.23,AED,3.67,3.0,Positive,UAE,English,2025-01-25,True,2,3,2,2,3,4,AliExpress
10173,Julie Riehl,35,OnePlus,OnePlus 12,851.5,€791.9,EUR,0.93,3.1356009070294784,Negative,Germany,German,2025-04-29,True,1,1,1,1,1,2,AliExpress
22086,Darren Rodriguez,50,Motorola,Moto G Power,742.83,A$1136.53,AUD,1.53,4.0,Neutral,Australia,English,2023-06-18,True,3,1,3,5,4,1,BestBuy
48744,Ryan Roberts-Elliott,28,Apple,iPhone SE,1284.77,£1002.12,GBP,0.78,5.0,Positive,UK,English,2023-12-08,True,3,5,3,3,4,7,BestBuy
5153,Judith Spieß,32,Apple,iPhone 15 Pro,1405.44,€1307.06,EUR,0.93,3.0,Neutral,Germany,German,2023-04-14,True,2,1,1,2,2,3,Flipkart
13060,Chad Rodriguez,25,Google,Pixel 8,958.75,C$1323.07,CAD,1.38,2.0,Negative,Canada,English,2023-05-16,True,1,3,1,1,3,3,AliExpress
17722,Geoffrey Ward,28,Motorola,Razr 40,316.07,$316.07 ,USD,1.0,4.0,Positive,USA,English,2024-05-19,True,4,5,5,3,4,8,BestBuy
42214,Robert Wilson,23,Apple,iPhone 14,1201.58,د.إ4409.8,AED,3.67,4.0,Positive,UAE,English,2025-07-09,True,3,2,2,3,4,2,Amazon
24802,Dana Salinas,37,OnePlus,OnePlus 12,986.65,A$1509.57,AUD,1.53,5.0,Positive,Australia,English,2023-01-10,True,4,5,4,4,5,4,eBay
20156,Miranda Lucas,22,Google,Pixel 6,1073.37,"$1,073.37 ",USD,1.0,3.0,Neutral,USA,English,2024-08-13,True,2,2,1,4,3,5,BestBuy
5147,Mark Staude,36,Motorola,Moto G Power,307.88,€286.33,EUR,0.93,5.0,Positive,Germany,German,2025-02-24,True,5,5,5,5,4,3,eBay
32730,Sr. Levi Azevedo,40,Google,Pixel 6,814.56,R$4642.99,BRL,5.7,4.0,Negative,Brazil,Portuguese,2023-02-23,False,4,5,3,4,3,1,Flipkart
49253,Savannah Allen,31,Xiaomi,Mi 13 Pro,622.62,A$952.61,AUD,1.53,4.0,Positive,Australia,English,2023-11-23,False,3,5,4,3,3,3,AliExpress
49477,Kevin Mcdaniel,30,Xiaomi,Mi 13 Pro,605.26,C$835.26,CAD,1.38,4.0,Positive,Canada,English,2024-10-11,True,3,5,2,4,3,3,Amazon
39443,Michael Marshall,18,Realme,Realme 12 Pro,444.05,د.إ1629.66,AED,3.67,3.0,Positive,UAE,English,2023-08-25,True,3,2,5,2,3,6,AliExpress
43121,Katrina Davis,18,Xiaomi,Mi 13 Pro,474.11,د.إ1739.98,AED,3.67,4.0,Neutral,UAE,English,2025-02-18,True,5,4,2,2,4,1,Amazon
18577,Christopher Rout,39,Google,Pixel 8,733.92,₹60915.36,INR,83.0,4.0,Neutral,India,Hindi,2022-11-24,True,5,3,3,5,4,2,BestBuy
41585,Laura Fritz,39,Motorola,Edge 50,781.94,د.إ2869.72,AED,3.67,5.0,Positive,UAE,English,2024-08-27,True,5,3,5,4,5,6,AliExpress
35109,Mrs Kayleigh Holland,35,Realme,Realme Narzo 70,374.53,£292.13,GBP,0.78,4.0,Positive,UK,English,2023-04-10,True,5,3,3,4,2,8,Flipkart
36718,Lorenzo Pimenta,31,Realme,Realme Narzo 70,294.24,R$1677.17,BRL,5.7,4.0,Positive,Brazil,Portuguese,2025-01-04,True,5,3,3,3,2,5,Flipkart
20617,Alice Perry-Holmes,24,Realme,Realme Narzo 70,524.56,£409.16,GBP,0.78,2.0,Neutral,UK,English,2024-08-02,True,2,4,3,1,2,3,BestBuy
17769,Sachi Mukherjee,18,Realme,Realme 12 Pro,396.41,₹14948.3,INR,83.0,4.0,Positive,India,Hindi,2023-08-01,True,5,4,4,5,4,4,
16398,Maria Helena Sampaio,23,Google,Pixel 7a,737.05,R$4201.18,BRL,5.7,2.0,Neutral,Brazil,Portuguese,2024-06-16,True,1,1,1,1,1,0,eBay
1233,Linda Robles,37,Realme,Realme Narzo 70,346.55,د.إ1271.84,AED,3.67,4.0,Positive,UAE,English,2025-02-19,True,3,3,4,3,5,11,Amazon
40280,Dr Catherine Watson,29,Samsung,Galaxy S24,1291.59,£1007.44,GBP,0.78,1.0,Negative,UK,English,2023-09-13,True,1,1,1,1,2,0,Flipkart
11070,Christopher Summers,41,Samsung,Galaxy S24,795.33,A$1216.85,AUD,1.53,2.0,Negative,Australia,English,2023-10-30,True,1,2,1,1,2,2,Amazon
32394,Univ.Prof. Andrey Jacobi Jäckel B.Sc.,23,Motorola,Razr 40,604.73,€562.4,EUR,0.93,2.0,Negative,Germany,German,2025-08-02,True,1,3,1,1,3,3,Amazon
9431,Wiebke Misicher,29,Samsung,Galaxy A55,474.39,€441.18,EUR,0.93,4.0,Positive,Germany,German,2025-08-03,True,3,2,4,4,3,2,Amazon
17864,Megan Allen,31,Apple,iPhone 14,708.58,د.إ2600.49,AED,3.67,5.0,Positive,UAE,English,2022-12-19,True,5,5,4,3,3,7,Amazon
34418,Natália Moraes,37,Motorola,Moto G Power,363.75,R$2073.38,BRL,5.7,3.0,Neutral,Brazil,Portuguese,2025-02-11,True,2,3,2,2,2,4,AliExpress
44845,Sr. Yan Albuquerque,43,Apple,iPhone 13,1017.77,R$5801.29,BRL,5.7,2.0,Neutral,Brazil,Portuguese,2025-10-06,True,3,2,1,4,1,2,Flipkart
27617,Nurten Finke-Meister,22,OnePlus,OnePlus 11R,962.87,€895.47,EUR,0.93,2.0,Negative,Germany,German,2024-07-14,False,1,1,1,1,1,0,BestBuy
13035,Patrick Washington,18,Xiaomi,Redmi Note 13,366.41,د.إ1344.72,AED,3.67,4.0,Positive,UAE,English,2025-06-05,True,4,3,4,4,3,5,eBay
1604,Amy Graham,21,Google,Pixel 8,542.56,A$830.12,AUD,1.53,4.0,Positive,Australia,English,2023-09-22,True,4,2,4,4,3,5,eBay
25037,Daniel Moreno,34,Realme,Realme 12 Pro,396.41,C$581.99,CAD,1.38,3.147565320665083,Positive,Canada,English,2023-03-12,True,5,5,5,4,5,6,AliExpress
43369,Pamela Wood PhD,23,Realme,Realme 12 Pro,351.91,د.إ1291.51,AED,3.67,3.0,Positive,UAE,English,2024-07-20,True,3,3,1,2,5,10,eBay
8538,Yutika Datta,25,Motorola,Moto G Power,468.8,₹38910.4,INR,83.0,3.0,Positive,India,Hindi,2024-11-22,True,3,2,1,2,3,5,BestBuy
28602,Ucchal Varty,42,Google,Pixel 6,748.77,₹62147.91,INR,83.0,4.0,Positive,India,Hindi,2025-10-21,True,5,3,3,3,3,8,Flipkart
30645,Iain Thornton,45,Apple,iPhone 13,1144.39,£892.62,GBP,0.78,3.0,Positive,UK,English,2024-09-05,True,3,1,4,3,4,6,Amazon
37322,Irmtrud Baum,23,OnePlus,OnePlus Nord 3,636.73,€592.16,EUR,0.93,2.0,Neutral,Germany,German,2023-06-20,True,2,3,1,1,2,1,Flipkart
17285,Asafe Nunes,18,Motorola,Edge 50,217.27,R$1238.44,BRL,5.7,1.0,Negative,Brazil,Portuguese,2024-04-16,True,2,1,1,1,2,1,BestBuy
8376,Lynda Curtis,36,Samsung,Galaxy S24,923.72,£720.5,GBP,0.78,4.0,Positive,UK,English,2022-12-07,False,3,3,3,2,4,6,BestBuy
32583,Vamakshi Dubey,32,Realme,Realme Narzo 70,345.27,₹28657.41,INR,83.0,3.0,Negative,India,Hindi,2025-02-26,True,2,3,1,3,2,0,
49233,Augusto Casa Grande,26,Apple,iPhone 14,954.27,R$5439.34,BRL,5.7,4.0,Positive,Brazil,Portuguese,2025-06-02,True,4,4,4,3,4,7,Flipkart
15351,Lindsey Stanley,40,Motorola,Razr 40,778.12,د.إ2855.7,AED,3.67,5.0,Positive,UAE,English,2023-06-13,True,4,5,5,4,5,7,AliExpress
42886,Amelia Sinclair,34,Apple,iPhone 15 Pro,1102.27,£627.92,GBP,0.78,3.0839243498817965,Negative,UK,English,2023-01-27,True,1,2,1,1,2,1,Amazon
33627,Siegrun Scholz B.A.,34,Xiaomi,Poco X6,377.54,€351.11,EUR,0.93,1.0,Negative,Germany,German,2025-04-11,True,3,1,1,1,1,1,AliExpress
1537,Tracy Kemp,27,Realme,Realme 12 Pro,404.44,$404.44 ,USD,1.0,1.0,Negative,USA,English,2025-10-06,True,1,1,1,1,1,0,BestBuy
42912,Charles Burns,18,OnePlus,OnePlus Nord 3,669.4,د.إ2487.49,AED,3.67,3.0,Neutral,UAE,English,2024-11-26,True,4,3,3,3,2,2,Flipkart
21191,Sandy Smith,18,Apple,iPhone 15 Pro,939.21,$939.21 ,USD,1.0,3.0,Neutral,USA,English,2023-04-26,True,3,2,2,3,4,3,AliExpress
1182,Blake Sosa,33,Google,Pixel 8,864.63,A$1322.88,AUD,1.53,1.0,Neutral,Australia,English,2024-11-25,True,1,1,3,1,1,3,eBay
6584,Ekansh Bhat,40,Xiaomi,Poco X6,237.69,₹19728.27,INR,83.0,2.0,Negative,India,Hindi,2024-01-02,True,3,1,4,3,1,1,Amazon
11500,Mary Barker-Holmes,32,OnePlus,OnePlus 11R,651.99,£508.55,GBP,0.78,3.0,Positive,UK,English,2025-04-30,True,2,1,4,3,2,3,Flipkart
30781,Karen Nelson,25,Apple,iPhone 15 Pro,904.82,د.إ3320.69,AED,3.67,2.0,Neutral,UAE,English,2025-10-13,True,1,3,3,2,2,5,Flipkart
10127,Michael Pitts,36,OnePlus,OnePlus 11R,684.84,د.إ2513.36,AED,3.67,2.0,Negative,UAE,English,2024-10-23,True,1,1,1,3,3,1,Flipkart
13023,Rhavi Fogaça,42,Motorola,Razr 40,753.25,,BRL,5.7,2.0,Neutral,Brazil,Portuguese,2025-03-20,False,3,1,1,1,1,2,Flipkart
34213,Samuel Murphy,30,OnePlus,OnePlus 12,976.39,د.إ3583.35,AED,3.67,3.0,Neutral,UAE,English,2024-07-24,True,3,4,3,2,2,0,BestBuy
48908,Julie Hopkins,18,Apple,iPhone 14,1312.76,C$1811.61,CAD,1.38,3.0,Neutral,Canada,English,2024-03-31,True,3,2,3,3,3,1,Flipkart
21229,Nicholas Mclaughlin,42,Motorola,Razr 40,403.27,$403.27 ,USD,1.0,4.0,Positive,USA,English,2022-11-27,True,2,4,3,4,3,6,AliExpress
4456,Christina Dean,50,Xiaomi,Redmi Note 13,308.76,A$472.4,AUD,1.53,2.0,Negative,Australia,English,2023-09-19,True,1,4,1,1,1,4,eBay
8441,Lee Baker,34,Realme,Realme Narzo 70,259.67,£202.54,GBP,0.78,2.0,Positive,UK,English,2025-04-14,True,2,2,1,2,2,4,BestBuy
5713,Unnati Date,23,Samsung,Galaxy Note 20,1053.02,₹87400.66,INR,83.0,1.0,Negative,India,Hindi,2024-05-25,True,1,1,1,1,1,0,eBay
27663,Melissa da Mata,23,Apple,iPhone 15 Pro,998.62,R$5692.13,BRL,5.7,3.0,Neutral,Brazil,Portuguese,2025-04-04,False,2,3,2,3,2,6,Amazon
19825,Heather Peacock-Smith,38,Apple,iPhone SE,1080.01,£842.41,GBP,0.78,2.0,Neutral,UK,English,2022-10-22,True,1,2,1,1,3,1,Flipkart
31176,Murilo Andrade,21,Apple,iPhone SE,1243.35,R$7087.09,BRL,5.7,3.0,Positive,Brazil,Portuguese,2022-11-12,False,4,2,4,2,4,4,AliExpress
11710,Prof. Liselotte Säuberlich,37,Samsung,Galaxy A55,459.37,€427.21,EUR,0.93,4.0,Positive,Germany,German,2024-06-20,False,5,3,4,5,3,5,AliExpress
15720,Jeffrey Reyes,50,Motorola,Moto G Power,781.14,A$1195.14,AUD,1.53,3.0,Neutral,Australia,English,2024-07-03,True,2,4,2,1,2,0,Flipkart
20476,Hannah Cooke,21,Xiaomi,Redmi Note 13,455.08,£354.96,GBP,0.78,5.0,Positive,UK,English,2024-09-16,True,4,5,5,5,2,3,AliExpress
18425,Carrie Gonzalez,18,Google,Pixel 7a,570.45,د.إ2093.55,AED,3.67,2.0,Neutral,UAE,English,2024-06-13,True,2,3,1,2,3,0,Amazon
9550,Branko Stumpf,28,Realme,Realme 12 Pro,449.1,€417.66,EUR,0.93,3.0,Positive,Germany,German,2025-02-17,True,3,2,2,4,2,7,AliExpress
43966,Arthur Evans,25,Samsung,Galaxy A55,1198.27,د.إ4397.65,AED,3.67,1.0,Negative,UAE,English,2025-02-27,True,1,1,1,1,1,3,AliExpress
31207,Orinder Raja,31,Samsung,Galaxy A55,976.33,₹81035.39,INR,83.0,1.0,Negative,India,Hindi,2025-06-27,True,1,1,1,1,2,1,AliExpress
12968,Mr Denis Watson,29,Samsung,Galaxy A55,1071.92,£836.1,GBP,0.78,3.092765460910152,Negative,UK,English,2024-06-18,True,2,1,1,1,4,4,Amazon
41471,Agastya Ravel,20,Google,Pixel 6,1063.81,₹88296.23,INR,83.0,3.0,Neutral,India,Hindi,2024-10-25,False,1,3,2,2,1,0,Amazon
46711,Craig Matthews,35,Motorola,Razr 40,437.7,£341.41,GBP,0.78,1.0,Neutral,UK,English,2024-05-28,True,2,3,1,1,1,0,AliExpress
9294,Misty Smith,39,Apple,iPhone 13,995.53,C$1373.83,CAD,1.38,4.0,Positive,Canada,English,2024-03-23,True,5,2,4,2,3,9,Amazon
38336,Jesse Carroll,20,Apple,iPhone 15 Pro,1099.01,د.إ4033.37,AED,3.67,3.0,Neutral,UAE,English,2022-12-18,False,3,1,4,3,4,3,AliExpress
18615,Derek Browne-Thomson,38,Xiaomi,Poco X6,381.51,£297.58,GBP,0.78,5.0,Positive,UK,English,2022-12-06,True,4,5,3,5,3,2,Flipkart
38275,Ayaan Garde,18,Google,Pixel 8,620.32,₹51486.56,INR,83.0,2.0,Negative,India,Hindi,2023-02-01,False,2,1,1,1,2,2,Flipkart
4520,Jennifer Obrien,29,Samsung,Galaxy Note 20,1195.45,A$1829.04,AUD,1.53,5.0,Positive,Australia,English,2024-11-25,True,3,4,5,4,3,9,BestBuy
22110,Jennifer Jensen,27,OnePlus,OnePlus 11R,391.49,$391.49 ,USD,1.0,3.1173688736027514,Neutral,USA,English,2023-08-29,True,4,3,1,3,4,2,Flipkart
42243,Deborah Parker,24,Apple,iPhone SE,1417.05,£1105.3,GBP,0.78,4.0,Positive,UK,English,2025-10-17,True,3,3,3,5,4,5,Flipkart
18223,Bernardo Machado,22,OnePlus,OnePlus 11R,550.11,,BRL,5.7,2.0,Neutral,Brazil,Portuguese,2023-09-09,False,2,1,2,2,2,1,AliExpress
45396,Rachel Porter,32,Xiaomi,Mi 13 Pro,332.52,د.إ1220.35,AED,3.67,3.0,Neutral,UAE,English,2023-06-24,True,3,3,4,3,3,3,BestBuy
4885,Bryan Oliveira,39,Google,Pixel 8,1005.15,,BRL,5.7,4.0,Positive,Brazil,Portuguese,2024-12-25,True,5,3,3,3,5,8,Amazon
4507,Ilse Fischer-Budig,44,Samsung,Galaxy Note 20,1178.84,€1096.32,EUR,0.93,3.0,Positive,Germany,German,2024-04-22,False,3,2,3,2,1,2,Flipkart
42664,Dr Lewis Stephens,38,Samsung,Galaxy A55,779.32,£607.87,GBP,0.78,4.0,Positive,UK,English,2024-03-29,True,4,3,2,4,3,6,Amazon
25812,Tammy Collins,37,Google,Pixel 8,597.05,C$823.93,CAD,1.38,3.0,Neutral,Canada,English,2023-01-29,True,3,1,1,3,2,1,Flipkart
11125,Evelyn Cole,18,Apple,iPhone SE,1288.23,"$1,288.23 ",USD,1.0,5.0,Positive,USA,English,2024-07-14,True,5,5,5,3,4,5,
665,Diego Ferreira,18,Google,Pixel 7a,750.96,R$4280.47,BRL,5.7,2.0,Neutral,Brazil,Portuguese,2024-02-18,True,1,2,2,2,2,0,BestBuy
19131,Galina Kruschwitz,25,Samsung,Galaxy A55,563.35,€523.92,EUR,0.93,5.0,Positive,Germany,German,2023-02-05,True,5,5,3,5,4,5,
40411,Serge Drub,39,Samsung,Galaxy Z Flip,490.66,€456.31,EUR,0.93,4.0,Positive,Germany,German,2023-10-16,True,4,4,5,4,3,6,AliExpress
18300,Charles Carter,42,Samsung,Galaxy A55,791.04,د.إ2903.12,AED,3.67,5.0,Positive,UAE,English,2025-06-25,False,3,5,4,5,5,4,AliExpress
6685,Jonathan Irwin,23,Google,Pixel 7a,809.44,C$1118.78,CAD,1.38,1.0,Negative,Canada,English,2023-03-18,False,2,2,1,1,1,2,AliExpress
502,David Grant,18,Realme,Realme Narzo 70,525.51,$525.51 ,USD,1.0,4.0,Positive,USA,English,2023-10-06,True,3,2,3,5,4,8,Flipkart
28099,Joshua Lewis,48,Xiaomi,Poco X6,632.98,C$873.51,CAD,1.38,4.0,Positive,Canada,English,2024-10-09,True,4,4,4,5,4,4,eBay
44872,Univ.Prof. Darko Bohlander,28,Samsung,Galaxy Note 20,728.28,€677.3,EUR,0.93,2.0,Neutral,Germany,German,2024-10-24,False,2,2,1,3,1,0,BestBuy
32651,Timothy Parker,22,Samsung,Galaxy A55,994.8,د.إ3650.92,AED,3.67,5.0,Positive,UAE,English,2025-03-27,True,4,5,5,5,3,10,AliExpress
41289,Vivaan Chadha,30,Google,Pixel 6,808.53,₹55016.55,INR,83.0,5.0,Positive,India,Hindi,2024-08-02,True,4,3,5,4,5,4,Amazon
33571,Misty Wallace,21,Samsung,Galaxy Z Flip,915.5,,AED,3.67,2.0,Neutral,UAE,English,2023-10-29,True,2,1,1,1,1,2,AliExpress
31893,Dr. Wolf Rogge,27,Apple,iPhone 15 Pro,969.58,€901.71,EUR,0.93,1.0,Negative,Germany,German,2024-03-06,False,1,1,1,1,1,1,Amazon
49651,Diana Davies,38,Xiaomi,Poco X6,438.47,£342.01,GBP,0.78,2.0,Neutral,UK,English,2022-12-18,False,1,1,3,2,2,3,BestBuy
48952,Curtis Armstrong,39,Samsung,Galaxy Z Flip,613.67,$613.67 ,USD,1.0,3.0,Positive,USA,English,2025-07-27,True,4,1,3,2,3,8,BestBuy
18088,Kelly Martin,41,OnePlus,OnePlus Nord 3,647.8,$647.80 ,USD,1.0,2.0,Negative,USA,English,2023-06-05,True,1,2,2,2,1,4,Flipkart
11179,Igor Almeida,25,Motorola,Edge 50,774.85,R$4416.65,BRL,5.7,3.092575618698442,Negative,Brazil,Portuguese,2025-08-10,False,1,2,1,1,1,6,BestBuy
19603,Zoltan Drub MBA.,29,Realme,Realme Narzo 70,330.08,€306.97,EUR,0.93,3.0,Neutral,Germany,German,2025-04-26,True,3,3,1,3,4,3,eBay
13252,Azad Raju,18,Motorola,Edge 50,569.22,₹47245.26,INR,83.0,2.0,Negative,India,Hindi,2024-07-31,True,2,3,2,2,1,4,eBay
16417,Linda Olson,38,Motorola,Edge 50,301.63,C$416.25,CAD,1.38,3.0,Neutral,Canada,English,2023-05-07,True,2,2,3,2,3,2,eBay
23207,Paul Harris,28,OnePlus,OnePlus 12,880.32,$880.32 ,USD,1.0,4.0,Positive,USA,English,2025-03-15,True,5,4,5,4,4,6,BestBuy
39881,Harry Harris,48,Google,Pixel 8,833.38,£650.04,GBP,0.78,3.0,Neutral,UK,English,2023-03-18,True,2,4,2,2,1,1,AliExpress
39376,Arunima Barman,30,OnePlus,OnePlus 12,934.21,₹77539.43,INR,83.0,4.0,Positive,India,Hindi,2024-03-12,True,3,2,3,3,4,6,BestBuy
11437,Allison Robinson,22,OnePlus,OnePlus 12,961.19,C$1326.44,CAD,1.38,3.1356009070294784,Positive,Canada,English,2023-12-02,True,5,4,5,3,4,4,Amazon
45270,Jagrati Bandi,49,Apple,iPhone 13,1168.28,₹96967.24,INR,83.0,2.0,Neutral,India,Hindi,2023-03-10,True,2,2,1,3,1,2,Flipkart
29464,Julie Ruiz,25,Apple,iPhone SE,1069.72,A$1636.67,AUD,1.53,4.0,Neutral,Australia,English,2025-01-07,False,4,2,4,4,4,2,BestBuy
6737,Mateus Rezende,37,Samsung,Galaxy A55,672.92,R$3835.64,BRL,5.7,3.0,Neutral,Brazil,Portuguese,2024-08-18,True,3,2,4,2,1,3,Amazon
20687,Jennifer Koch,24,Google,Pixel 7a,964.32,A$1475.41,AUD,1.53,4.0,Positive,Australia,English,2023-01-22,True,4,3,4,3,3,4,BestBuy
17050,Kamya Seshadri,45,Apple,iPhone SE,1223.21,₹101526.43,INR,83.0,3.101813926272674,Positive,India,Hindi,2022-12-08,True,3,4,5,5,5,4,BestBuy
45512,Robert Gonzalez PhD,45,Motorola,Moto G Power,638.28,د.إ2342.49,AED,3.67,2.0,Negative,UAE,English,2023-04-07,True,2,1,1,1,1,5,AliExpress
4845,Mr Elliot Allen,36,Xiaomi,Mi 13 Pro,623.21,£486.1,GBP,0.78,3.0,Positive,UK,English,2024-11-19,True,2,4,2,2,3,3,Flipkart
3273,Mike Tlustek B.Eng.,36,Realme,Realme 12 Pro,535.3,€497.83,EUR,0.93,5.0,Positive,Germany,German,2023-11-22,True,5,3,5,5,4,3,
32714,Dr. Davi Luiz Abreu,24,OnePlus,OnePlus 12,483.88,R$2758.12,BRL,5.7,3.0,Neutral,Brazil,Portuguese,2023-06-17,True,3,3,3,1,3,1,BestBuy
33178,Rachel Shah,21,Xiaomi,Redmi Note 13,647.22,£504.83,GBP,0.78,2.0,Positive,UK,English,2023-12-14,True,2,1,1,1,1,3,Flipkart
49771,Elaine Gordon-Little,23,Motorola,Razr 40,663.6,£517.61,GBP,0.78,3.0,Neutral,UK,English,2024-05-09,True,3,3,2,2,2,1,
31808,Oliver Pearson,25,Realme,Realme 12 Pro,588.64,£459.14,GBP,0.78,3.0,Positive,UK,English,2023-04-19,False,4,1,4,4,4,3,Amazon
33270,Heinz-Joachim Aumann,49,Motorola,Razr 40,511.44,€252.48,EUR,0.93,1.0,Negative,Germany,German,2024-08-18,True,1,1,1,1,1,4,Flipkart
16096,Johnny Wu,25,Apple,iPhone 14,727.73,د.إ2670.77,AED,3.67,3.1857311320754715,Positive,UAE,English,2023-10-22,True,5,4,2,3,5,1,Flipkart
8905,Terri Campbell,36,Apple,iPhone 13,995.13,د.إ3652.13,AED,3.67,2.0,Positive,UAE,English,2024-09-21,True,3,2,3,2,2,6,AliExpress
8407,Ing. Ruben Klapp,18,Google,Pixel 6,808.53,€988.7,EUR,0.93,4.0,Positive,Germany,German,2024-10-14,True,2,2,4,2,3,5,AliExpress
5013,Troy Powers,23,Xiaomi,Mi 13 Pro,260.07,د.إ954.46,AED,3.67,3.0,Neutral,UAE,English,2025-04-07,False,4,1,3,3,3,3,AliExpress
4244,Hansjörg Schäfer-Wiek,23,OnePlus,OnePlus 12,648.33,€602.95,EUR,0.93,1.0,Neutral,Germany,German,2024-05-01,False,2,1,1,1,1,1,eBay
15419,Austin Olsen,29,Motorola,Moto G Power,620.71,د.إ2278.01,AED,3.67,3.0,Neutral,UAE,English,2025-06-03,True,3,3,2,2,3,3,BestBuy
41124,Gabrielly Mendonça,42,Motorola,Moto G Power,403.37,R$2299.21,BRL,5.7,4.0,Positive,Brazil,Portuguese,2024-10-09,True,4,3,3,4,4,5,BestBuy
29756,Yochana Natt,39,Apple,iPhone 15 Pro,900.87,₹74772.21,INR,83.0,5.0,Positive,India,Hindi,2023-02-07,True,3,5,3,5,4,5,Amazon
32164,Gerold Hiller-Stroh,25,OnePlus,OnePlus 11R,393.27,€365.74,EUR,0.93,1.0,Negative,Germany,German,2023-06-11,False,1,1,1,2,1,4,BestBuy
31980,Billy Finch,25,Google,Pixel 6,776.57,£605.72,GBP,0.78,3.0,Neutral,UK,English,2024-09-29,True,2,3,3,2,4,2,Flipkart
36444,Becky Torres,48,Xiaomi,Redmi Note 13,538.55,C$743.2,CAD,1.38,2.0,Negative,Canada,English,2023-11-07,True,1,1,2,1,3,0,Amazon
16482,Martyn Abbott,27,Motorola,Edge 50,599.38,£467.52,GBP,0.78,4.0,Positive,UK,English,2025-03-10,True,3,3,4,4,3,9,AliExpress
1115,Mason Lewis,27,OnePlus,OnePlus 12,572.65,C$790.26,CAD,1.38,5.0,Positive,Canada,English,2023-08-08,False,4,5,5,5,4,7,AliExpress
14876,Alexandra Lewis,28,Samsung,Galaxy Z Flip,403.56,C$556.91,CAD,1.38,1.0,Negative,Canada,English,2024-02-04,True,1,1,1,1,1,2,BestBuy
6267,William Paul,33,OnePlus,OnePlus 11R,600.22,د.إ2202.81,AED,3.67,5.0,Positive,UAE,English,2024-03-24,True,4,5,4,5,4,5,AliExpress
39209,Tony Duran,18,Samsung,Galaxy S24,655.41,C$904.47,CAD,1.38,5.0,Positive,Canada,English,2024-02-01,True,5,5,4,5,4,6,BestBuy
32427,Carrie Cohen,27,OnePlus,OnePlus Nord 3,659.6,C$910.25,CAD,1.38,3.0,Positive,Canada,English,2023-09-07,True,3,2,2,3,2,8,
11918,Derek Clarke,24,Google,Pixel 7a,676.4,£527.59,GBP,0.78,2.0,Neutral,UK,English,2025-07-12,True,1,2,1,2,2,4,BestBuy
23181,Anmol Prabhakar,60,Xiaomi,Poco X6,419.07,₹34782.81,INR,83.0,1.0,Negative,India,Hindi,2024-12-16,True,1,1,1,1,1,1,Flipkart
41354,Mathew Barlow-Clarke,21,Samsung,Galaxy A55,567.01,£442.27,GBP,0.78,4.0,Positive,UK,English,2023-10-19,False,4,5,2,4,4,6,Flipkart
35149,Shawn Mccarthy,30,Motorola,Moto G Power,579.09,A$886.01,AUD,1.53,2.0,Neutral,Australia,English,2022-12-12,False,3,1,1,1,2,4,Flipkart
30573,Jeremy Chambers,32,Motorola,Moto G Power,256.5,C$353.97,CAD,1.38,5.0,Positive,Canada,English,2023-11-12,True,4,4,4,5,5,4,AliExpress
47807,Ana Luiza Albuquerque,52,OnePlus,OnePlus 12,967.7,R$5515.89,BRL,5.7,3.0,Neutral,Brazil,Portuguese,2023-08-09,True,2,2,3,2,4,3,Amazon
45286,Micheal Colon,21,Realme,Realme 12 Pro,347.45,A$531.6,AUD,1.53,3.0,Neutral,Australia,English,2025-01-06,False,1,2,2,2,2,1,
42791,Kenneth Arias,18,Samsung,Galaxy S24,663.83,A$1015.66,AUD,1.53,3.075313807531381,Negative,Australia,English,2023-04-18,True,1,1,1,1,1,1,Flipkart
20997,Brenda Oconnor,41,OnePlus,OnePlus Nord 3,543.68,د.إ1995.31,AED,3.67,4.0,Positive,UAE,English,2024-01-19,True,3,4,4,3,3,9,Amazon
34299,Sra. Clarice Fernandes,36,Motorola,Moto G Power,526.27,R$2999.74,BRL,5.7,1.0,Neutral,Brazil,Portuguese,2023-08-03,True,1,1,1,1,1,3,eBay
22049,Prof. Elsbeth Peukert B.A.,32,Google,Pixel 7a,625.85,€582.04,EUR,0.93,2.0,Negative,Germany,German,2025-03-22,True,1,1,1,1,1,2,
2529,Anthony Long,38,Apple,iPhone SE,1471.48,"$1,471.48 ",USD,1.0,5.0,Positive,USA,English,2025-03-08,True,5,5,4,5,5,4,BestBuy
30519,Frau Marion Holzapfel B.A.,45,OnePlus,OnePlus 11R,400.75,€372.7,EUR,0.93,2.0,Negative,Germany,German,2025-07-20,True,1,2,1,1,3,3,eBay
29541,Silvia Eberth,50,OnePlus,OnePlus 12,925.57,€860.78,EUR,0.93,4.0,Positive,Germany,German,2025-06-24,True,5,5,2,4,4,3,eBay
27441,Sophia Pace,24,Xiaomi,Redmi Note 13,278.52,$278.52 ,USD,1.0,2.0,Neutral,USA,English,2025-07-29,True,3,1,2,2,2,2,
43855,Jose Chapman,30,Xiaomi,Poco X6,224.56,A$343.58,AUD,1.53,5.0,Positive,Australia,English,2024-06-01,False,5,5,5,4,5,5,BestBuy
26939,Brittney Baker,19,OnePlus,OnePlus 12,430.22,C$593.7,CAD,1.38,2.0,Negative,Canada,English,2024-12-22,False,2,1,2,1,2,3,Amazon
2985,Krisha Manne,41,Google,Pixel 8,821.69,,INR,83.0,4.0,Positive,India,Hindi,2024-08-19,False,5,3,4,4,5,3,Flipkart
14774,Elaine Frost-Lambert,18,Apple,iPhone 15 Pro,1295.5,£1010.49,GBP,0.78,4.0,Positive,UK,English,2023-04-16,True,2,3,4,2,3,4,Amazon
27928,Nicholas Kane,18,OnePlus,OnePlus 11R,479.53,C$661.75,CAD,1.38,3.0,Positive,Canada,English,2023-11-16,True,3,1,3,3,2,2,Flipkart
22426,Michele Walker,30,OnePlus,OnePlus 11R,422.07,C$582.46,CAD,1.38,4.0,Neutral,Canada,English,2025-09-28,True,3,4,3,5,2,2,BestBuy
26390,Maria Luísa Fernandes,18,Realme,Realme 12 Pro,396.41,R$1386.58,BRL,5.7,4.0,Positive,Brazil,Portuguese,2023-11-21,True,4,1,3,4,4,5,eBay
42169,Chakradev Jha,28,Xiaomi,Poco X6,302.61,₹25116.63,INR,83.0,2.0,Negative,India,Hindi,2023-06-28,True,1,1,2,1,1,3,Flipkart
45903,Luan Moraes,33,Realme,Realme Narzo 70,544.65,R$3104.51,BRL,5.7,3.0,Negative,Brazil,Portuguese,2025-08-10,False,3,2,3,2,2,2,Flipkart
19186,Mr. James Wagner MD,25,Xiaomi,Redmi Note 13,474.19,C$654.38,CAD,1.38,4.0,Positive,Canada,English,2022-11-23,False,2,2,4,4,1,4,Flipkart
18987,Ana Clara Lima,36,Google,Pixel 7a,591.77,R$3373.09,BRL,5.7,3.0,Neutral,Brazil,Portuguese,2025-02-25,True,2,2,3,1,3,5,Amazon
29621,Michael Olson,36,Samsung,Galaxy Note 20,1129.54,C$1558.77,CAD,1.38,4.0,Positive,Canada,English,2023-06-19,True,2,3,3,4,5,15,Amazon
20561,Rachel Payne-Coleman,23,Apple,iPhone 15 Pro,1102.27,,GBP,0.78,2.0,Positive,UK,English,2022-11-25,True,1,1,1,3,3,4,Flipkart
35150,Carlos Brooks,30,Realme,Realme Narzo 70,381.14,$381.14 ,USD,1.0,1.0,Negative,USA,English,2023-06-15,False,1,1,1,1,2,3,eBay
24235,Nancy Cook,43,Samsung,Galaxy Note 20,859.62,C$1186.28,CAD,1.38,4.0,Positive,Canada,English,2024-04-18,True,3,5,5,4,3,8,Flipkart
15434,Imaran Sastry,39,Samsung,Galaxy Z Flip,1284.37,₹106602.71,INR,83.0,3.0,Neutral,India,Hindi,2023-11-01,False,2,4,2,3,2,6,Amazon
2864,Laura Nascimento,34,Google,Pixel 8,795.51,R$4534.41,BRL,5.7,4.0,Positive,Brazil,Portuguese,2024-10-11,True,4,2,3,4,4,8,BestBuy
23220,Christian Espinoza,18,Apple,iPhone 14,1430.8,"$1,430.80 ",USD,1.0,1.0,Neutral,USA,English,2023-04-04,True,1,3,1,1,1,6,eBay
16663,Gordon Gardiner,39,Xiaomi,Redmi Note 13,250.74,£195.58,GBP,0.78,5.0,Positive,UK,English,2025-01-15,True,3,4,5,4,5,2,eBay
15768,Yashasvi Borah,24,Samsung,Galaxy Note 20,1080.9,₹89714.7,INR,83.0,5.0,Positive,India,Hindi,2025-04-14,True,4,4,4,4,5,2,BestBuy
14479,Stephanie Jackson,28,Apple,iPhone 15 Pro,846.19,$846.19 ,USD,1.0,1.0,Neutral,USA,English,2022-12-16,True,1,1,1,1,1,4,AliExpress
9956,Rebecca Brown,18,Realme,Realme 12 Pro,336.29,د.إ1234.18,AED,3.67,5.0,Positive,UAE,English,2024-08-01,True,5,5,5,2,5,2,AliExpress
31403,Natalie James,33,Realme,Realme 12 Pro,368.84,£287.7,GBP,0.78,4.0,Positive,UK,English,2023-11-08,False,3,4,3,4,5,1,eBay
21050,Andrew Gould,45,Realme,Realme 12 Pro,392.67,£306.28,GBP,0.78,4.0,Positive,UK,English,2023-04-15,True,2,3,3,3,5,4,BestBuy
34970,Charles Woods,26,Apple,iPhone 13,872.59,$872.59 ,USD,1.0,2.0,Positive,USA,English,2024-02-07,True,3,4,1,2,2,4,AliExpress
24269,Lars Reinhardt,24,Realme,Realme 12 Pro,315.68,€293.58,EUR,0.93,4.0,Positive,Germany,German,2024-06-15,True,4,4,5,3,3,3,Flipkart
23205,Annamaria Liebelt,18,Google,Pixel 7a,636.94,€592.35,EUR,0.93,3.0,Positive,Germany,German,2024-04-13,True,3,2,1,2,3,5,BestBuy
3378,Michael Reynolds Jr.,33,Xiaomi,Redmi Note 13,450.8,,AUD,1.53,3.0,Neutral,Australia,English,2023-04-03,True,3,2,2,2,2,5,eBay
1600,Cristian Rhodes,23,OnePlus,OnePlus Nord 3,742.72,C$1024.95,CAD,1.38,1.0,Negative,Canada,English,2024-03-10,False,1,1,1,1,1,3,eBay
477,James Hudson,19,Samsung,Galaxy A55,472.57,$472.57 ,USD,1.0,3.092765460910152,Negative,USA,English,2023-08-20,True,3,2,2,2,1,4,eBay
10799,Brenda Campbell,27,Xiaomi,Poco X6,658.15,C$908.25,CAD,1.38,5.0,Positive,Canada,English,2024-08-12,False,4,2,4,3,5,10,BestBuy
8640,Robert Brown,34,OnePlus,OnePlus Nord 3,400.38,A$612.58,AUD,1.53,4.0,Positive,Australia,English,2023-03-08,False,2,3,5,5,3,2,Flipkart
22143,Carolyn Manning,18,Motorola,Razr 40,559.1,A$855.42,AUD,1.53,3.0,Positive,Australia,English,2023-06-22,True,2,3,4,1,3,7,eBay
22183,Nathan Correia,26,Xiaomi,Redmi Note 13,346.83,,BRL,5.7,1.0,Negative,Brazil,Portuguese,2023-06-12,True,1,1,1,1,1,3,Amazon
9933,Hinrich Cichorius-Kostolzin,30,Google,Pixel 6,630.85,€586.69,EUR,0.93,4.0,Positive,Germany,German,2023-04-11,False,3,4,5,4,3,2,Flipkart
21047,Destiny Mooney,23,Apple,iPhone 13,833.1,A$1274.64,AUD,1.53,1.0,Neutral,Australia,English,2022-11-30,True,2,1,1,1,1,3,Amazon
45443,Alexander Pham,32,Realme,Realme 12 Pro,344.59,د.إ1264.65,AED,3.67,3.0,Positive,UAE,English,2024-06-18,False,3,4,1,5,3,8,Flipkart
36232,Dawn Johnson,27,Realme,Realme Narzo 70,223.26,A$341.59,AUD,1.53,3.0,Neutral,Australia,English,2024-04-27,True,5,2,2,1,3,1,eBay
43953,Tracy Griffiths,35,Samsung,Galaxy A55,747.84,£583.32,GBP,0.78,3.0,Positive,UK,English,2025-01-28,True,2,2,3,1,2,6,BestBuy
38327,Brenda Alexander,24,Samsung,Galaxy Note 20,1383.32,A$2116.48,AUD,1.53,5.0,Positive,Australia,English,2023-10-26,False,5,3,4,4,4,3,BestBuy
38593,Maria Helena Cirino,20,Realme,Realme Narzo 70,304.86,R$1737.7,BRL,5.7,3.0,Neutral,Brazil,Portuguese,2022-11-27,True,1,2,2,3,2,0,eBay
17782,Luis Garcia,36,OnePlus,OnePlus 12,454.3,C$626.93,CAD,1.38,3.0,Neutral,Canada,English,2024-02-20,True,2,3,3,3,4,4,eBay
29876,Bento Gonçalves,33,Realme,Realme 12 Pro,392.37,R$2236.51,BRL,5.7,3.0,Positive,Brazil,Portuguese,2025-06-15,True,4,2,3,3,2,7,Flipkart
31071,Olivia Stewart,39,Realme,Realme 12 Pro,515.26,,GBP,0.78,4.0,Positive,UK,English,2022-12-23,True,4,4,5,2,4,4,Amazon
22257,Lucia Schleich,28,Samsung,Galaxy S24,1234.76,€1148.33,EUR,0.93,2.0,Neutral,Germany,German,2023-07-05,True,2,3,2,1,1,4,BestBuy
9460,Dr Nigel Gibbs,35,OnePlus,OnePlus 11R,864.6,£674.39,GBP,0.78,3.0,Positive,UK,English,2025-02-15,True,2,1,2,3,3,1,BestBuy
10666,Michael Lewis,29,Apple,iPhone SE,1425.92,"$1,425.92 ",USD,1.0,3.0,Neutral,USA,English,2025-08-01,True,4,1,3,3,3,2,
8332,Garry Taylor,32,OnePlus,OnePlus 12,602.25,£469.75,GBP,0.78,2.0,Negative,UK,English,2025-09-08,True,1,1,2,1,2,3,BestBuy
25866,Ana Liz Machado,23,OnePlus,OnePlus 12,625.35,R$3564.5,BRL,5.7,4.0,Positive,Brazil,Portuguese,2025-08-13,False,3,5,2,3,2,5,Amazon
48002,Magnus Matthäi,41,Apple,iPhone SE,997.96,€928.1,EUR,0.93,2.0,Positive,Germany,German,2025-05-17,True,1,2,2,1,2,9,eBay
17555,Maria Flor Cassiano,21,Samsung,Galaxy A55,491.26,R$2800.18,BRL,5.7,5.0,Positive,Brazil,Portuguese,2023-08-22,True,5,5,4,3,5,4,Amazon
38887,Hannah Strong,27,OnePlus,OnePlus 11R,911.24,A$1394.2,AUD,1.53,3.0,Neutral,Australia,English,2025-09-17,True,4,3,2,3,1,1,Flipkart
28591,Mrs Elaine Hanson,19,OnePlus,OnePlus Nord 3,469.98,£366.58,GBP,0.78,3.1430457746478875,Negative,UK,English,2025-07-07,False,2,2,5,1,1,0,Amazon
15303,Lorraine Sullivan,34,Realme,Realme 12 Pro,507.95,$507.95 ,USD,1.0,4.0,Positive,USA,English,2022-12-29,True,4,4,4,3,4,5,Flipkart
27981,Anthony Carvalho,37,Xiaomi,Poco X6,690.12,R$3933.68,BRL,5.7,4.0,Positive,Brazil,Portuguese,2023-09-27,False,2,5,3,4,5,7,BestBuy
19594,Garima Ravi,39,Xiaomi,Redmi Note 13,491.85,₹40823.55,INR,83.0,2.0,Negative,India,Hindi,2025-10-06,True,3,2,3,1,1,4,AliExpress
11840,John Lewis,40,Motorola,Moto G Power,754.95,C$1041.83,CAD,1.38,2.0,Negative,Canada,English,2024-02-01,True,3,1,1,1,1,1,Flipkart
19063,Dr. Isaque Lima,18,Samsung,Galaxy S24,1314.86,R$7494.7,BRL,5.7,5.0,Positive,Brazil,Portuguese,2025-03-02,True,5,2,2,4,5,9,Flipkart
26701,Vicki Long,29,Samsung,Galaxy S24,781.22,C$1078.08,CAD,1.38,3.0,Neutral,Canada,English,2024-07-27,False,2,3,3,2,1,4,Flipkart
39869,Jennifer Scott,35,Samsung,Galaxy Z Flip,1188.62,£927.12,GBP,0.78,4.0,Positive,UK,English,2024-02-01,True,5,1,4,4,4,3,
18827,Christopher Thomas,33,Motorola,Razr 40,323.54,A$495.02,AUD,1.53,4.0,Positive,Australia,English,2024-11-24,True,5,3,3,5,5,5,
44783,Mugdha Jain,34,Google,Pixel 8,833.31,₹69164.73,INR,83.0,2.0,Neutral,India,Hindi,2023-01-22,True,1,2,3,1,2,4,eBay
13474,Saumya Sabharwal,35,Apple,iPhone 14,985.71,₹81813.93,INR,83.0,2.0,Negative,India,Hindi,2024-11-22,True,2,1,2,1,1,1,Flipkart
1812,Mark Haynes,26,Realme,Realme Narzo 70,529.71,A$810.46,AUD,1.53,1.0,Negative,Australia,English,2025-09-20,True,1,2,1,1,1,3,Flipkart
5577,Melanie Kelly,44,Xiaomi,Mi 13 Pro,250.57,$250.57 ,USD,1.0,5.0,Positive,USA,English,2024-08-30,True,4,5,5,4,3,5,AliExpress
13605,Chelsey Solis,27,OnePlus,OnePlus 12,729.0,C$1006.02,CAD,1.38,3.0,Negative,Canada,English,2025-03-28,False,2,2,1,3,1,2,eBay
45815,Miss Rosie Burns,27,Realme,Realme 12 Pro,387.76,£302.45,GBP,0.78,5.0,Positive,UK,English,2025-02-13,True,5,5,5,4,4,4,eBay
19288,Brayan Sampaio,26,Samsung,Galaxy S24,1279.5,R$7293.15,BRL,5.7,2.0,Neutral,Brazil,Portuguese,2025-02-18,True,3,4,1,1,1,4,BestBuy
45445,Ian Nunes,45,Realme,Realme 12 Pro,313.71,R$1788.15,BRL,5.7,3.0,Positive,Brazil,Portuguese,2025-01-24,True,2,3,2,2,3,4,AliExpress
2214,Saksham Doshi,30,Xiaomi,Redmi Note 13,568.6,₹47193.8,INR,83.0,3.0,Positive,India,Hindi,2024-05-27,False,4,4,2,3,2,3,Flipkart
27631,Diya Kalita,41,OnePlus,OnePlus 12,547.17,₹45415.11,INR,83.0,1.0,Neutral,India,Hindi,2025-04-05,False,1,1,1,1,1,2,Amazon
43905,Kelly Pittman,37,Motorola,Razr 40,573.48,C$791.4,CAD,1.38,4.0,Positive,Canada,English,2024-11-20,True,4,3,4,4,3,3,AliExpress
30732,Dra. Antonella Novais,37,Samsung,Galaxy S24,1206.66,R$6877.96,BRL,5.7,3.0,Neutral,Brazil,Portuguese,2022-12-31,True,3,3,4,2,4,0,AliExpress
21256,Avni Sami,22,Realme,Realme Narzo 70,293.88,₹24392.04,INR,83.0,5.0,Positive,India,Hindi,2024-01-02,True,5,3,5,4,4,7,BestBuy
22983,Jade Sampaio,21,Google,Pixel 7a,605.12,R$3449.18,BRL,5.7,3.126014523707817,Positive,Brazil,Portuguese,2023-02-04,True,3,3,4,4,3,8,AliExpress
16040,Sean Andrews,45,Samsung,Galaxy S24,878.8,C$1212.74,CAD,1.38,4.0,Positive,Canada,English,2025-08-24,True,4,3,5,4,4,8,AliExpress
2673,Emmy Junck,19,Samsung,Galaxy S24,1288.02,€1197.86,EUR,0.93,3.075313807531381,Positive,Germany,German,2024-04-11,False,3,4,4,3,3,4,
29364,Herr Jaroslav Schomber B.A.,22,Motorola,Moto G Power,493.31,€458.78,EUR,0.93,4.0,Positive,Germany,German,2023-05-29,True,5,2,2,2,4,8,eBay
2609,Katie Adams,24,Samsung,Galaxy Z Flip,1394.15,د.إ5116.53,AED,3.67,3.0,Positive,UAE,English,2025-08-10,True,1,2,3,3,2,8,AliExpress
20497,Christian Warner,25,Xiaomi,Mi 13 Pro,644.86,د.إ2366.64,AED,3.67,1.0,Neutral,UAE,English,2024-10-24,True,1,1,1,1,1,3,Amazon
47609,Dr Scott Richardson,22,Apple,iPhone 13,1438.99,£1122.41,GBP,0.78,5.0,Positive,UK,English,2024-12-07,True,4,5,4,5,5,8,
5160,Valentina Mendes,22,Xiaomi,Redmi Note 13,630.35,R$3593.0,BRL,5.7,2.0,Neutral,Brazil,Portuguese,2023-11-05,True,3,2,1,1,3,1,Amazon
39382,Julian Mullins,32,Google,Pixel 8,1074.56,"$1,074.56 ",USD,1.0,3.0,Negative,USA,English,2025-08-06,True,5,2,2,2,3,4,eBay
35577,Naomi Poole-Freeman,43,Samsung,Galaxy Z Flip,815.37,,GBP,0.78,5.0,Positive,UK,English,2023-10-10,False,4,5,5,5,5,3,Flipkart
34235,Sr. Matteo Souza,25,Google,Pixel 8,1099.71,R$6268.35,BRL,5.7,4.0,Positive,Brazil,Portuguese,2023-06-21,True,3,1,2,3,3,11,eBay
32778,Laura Richards,40,Apple,iPhone 14,1309.35,"$1,309.35 ",USD,1.0,1.0,Negative,USA,English,2024-02-01,True,1,1,1,1,1,1,AliExpress
11402,Andrea Thomas,37,Realme,Realme Narzo 70,441.09,د.إ1618.8,AED,3.67,4.0,Neutral,UAE,English,2025-04-13,True,3,3,5,4,4,1,BestBuy
10505,Kurt Washington,28,Samsung,Galaxy A55,908.74,C$748.75,CAD,1.38,4.0,Positive,Canada,English,2024-08-17,True,3,5,4,3,5,10,BestBuy
33527,Michelle Nguyen,43,Google,Pixel 8,910.09,C$1255.92,CAD,1.38,5.0,Positive,Canada,English,2025-06-26,True,4,5,5,5,5,2,
41590,Mrs. Kimberly Clark,30,Xiaomi,Redmi Note 13,278.24,C$383.97,CAD,1.38,3.0,Positive,Canada,English,2023-10-05,True,2,3,3,3,3,4,BestBuy
5755,Ubika Ghose,18,Motorola,Moto G Power,621.59,₹51591.97,INR,83.0,5.0,Positive,India,Hindi,2023-08-28,True,3,5,5,5,5,5,AliExpress
44771,Austin Martin,24,Samsung,Galaxy Z Flip,902.33,A$1380.56,AUD,1.53,4.0,Positive,Australia,English,2023-05-17,True,4,3,4,3,3,4,AliExpress
22012,Kenneth Rose,18,Apple,iPhone 13,1153.17,C$1591.37,CAD,1.38,5.0,Positive,Canada,English,2024-07-08,False,5,4,5,5,4,3,Amazon
45389,Ayla da Luz,33,Motorola,Moto G Power,278.13,R$1585.34,BRL,5.7,4.0,Positive,Brazil,Portuguese,2024-02-08,True,3,3,4,4,1,2,AliExpress
20938,Friederike Grein Groth-Davids,39,OnePlus,OnePlus 11R,677.89,€630.44,EUR,0.93,5.0,Positive,Germany,German,2023-05-10,True,5,5,5,4,5,3,AliExpress
21935,Laís Leão,18,Xiaomi,Redmi Note 13,378.92,R$2159.84,BRL,5.7,2.0,Neutral,Brazil,Portuguese,2024-01-23,False,1,1,1,2,1,2,Flipkart
8035,Susan Jones,23,Realme,Realme 12 Pro,529.37,د.إ1942.79,AED,3.67,3.0,Positive,UAE,English,2024-07-25,True,1,3,3,2,2,6,AliExpress
7127,Becky Nichols,18,Apple,iPhone 13,1286.22,A$1967.92,AUD,1.53,4.0,Positive,Australia,English,2024-07-31,True,3,3,4,2,4,6,Flipkart
47616,Lauren Baker,28,Apple,iPhone 13,1250.3,د.إ4588.6,AED,3.67,4.0,Positive,UAE,English,2023-02-20,True,5,5,3,3,3,4,Amazon
47791,Kara Hunt,22,Realme,Realme 12 Pro,476.85,د.إ1750.04,AED,3.67,4.0,Positive,UAE,English,2023-02-08,True,5,4,2,4,4,1,Amazon
46123,Jennifer Haney,41,Samsung,Galaxy Note 20,672.69,C$928.31,CAD,1.38,2.0,Neutral,Canada,English,2023-10-19,True,1,3,1,3,2,3,Amazon
35847,Arya Borah,41,Xiaomi,Mi 13 Pro,576.08,₹47814.64,INR,83.0,2.0,Negative,India,Hindi,2023-10-30,True,2,4,2,1,2,6,Amazon
34583,Mark Smith,27,Google,Pixel 8,762.14,A$1166.07,AUD,1.53,4.0,Positive,Australia,English,2022-11-22,True,2,3,3,2,5,2,AliExpress
13083,Laís Cassiano,27,Samsung,Galaxy Note 20,1159.9,R$6611.43,BRL,5.7,3.0,Positive,Brazil,Portuguese,2023-02-17,True,1,2,4,1,3,4,AliExpress
40647,Ms Lisa Tucker,35,Samsung,Galaxy S24,667.76,£520.85,GBP,0.78,5.0,Positive,UK,English,2024-01-13,False,4,4,5,4,5,8,Amazon
21906,Melissa Robinson,25,Apple,iPhone 13,1227.27,C$1693.63,CAD,1.38,5.0,Positive,Canada,English,2024-08-19,True,4,4,5,5,3,8,eBay
25239,Kevin Spencer,22,Apple,iPhone 13,1395.47,£1088.47,GBP,0.78,2.0,Negative,UK,English,2022-12-05,True,3,3,1,1,1,2,BestBuy
35976,Ishita Srinivasan,18,Motorola,Moto G Power,505.34,₹25444.48,INR,83.0,3.0,Neutral,India,Hindi,2024-11-03,False,3,3,3,3,2,1,Amazon
6497,Mark Akhtar,34,OnePlus,OnePlus Nord 3,557.82,£435.1,GBP,0.78,4.0,Positive,UK,English,2025-04-12,True,4,3,5,4,5,6,AliExpress
43694,Hemang Ramakrishnan,37,Xiaomi,Poco X6,255.55,₹21210.65,INR,83.0,2.0,Negative,India,Hindi,2024-12-20,True,2,1,1,2,4,1,eBay
33525,Eckhart Zobel,42,OnePlus,OnePlus 11R,580.48,€539.85,EUR,0.93,2.0,Neutral,Germany,German,2023-09-21,True,1,2,1,1,2,2,BestBuy
20702,Lewis Hobbs,23,Realme,Realme Narzo 70,369.24,£288.01,GBP,0.78,4.0,Positive,UK,English,2024-10-18,True,5,2,4,4,3,4,BestBuy
13313,Frank Smith,27,Samsung,Galaxy Note 20,1030.18,£803.54,GBP,0.78,5.0,Positive,UK,English,2025-03-06,True,5,5,4,3,3,7,Flipkart
10037,Rajata Varughese,26,Realme,Realme Narzo 70,262.14,₹21757.62,INR,83.0,3.1264233576642337,Positive,India,Hindi,2025-05-02,True,4,3,2,2,4,2,eBay
14165,Joshua Kay,20,Xiaomi,Mi 13 Pro,263.74,£205.72,GBP,0.78,2.0,Negative,UK,English,2025-08-16,True,1,1,2,2,2,3,BestBuy
31155,Kritika Khosla,18,Apple,iPhone SE,1110.8,₹92196.4,INR,83.0,2.0,Neutral,India,Hindi,2024-02-24,True,1,2,2,1,2,1,eBay
24949,Dominic Stephenson,18,Samsung,Galaxy Note 20,905.775,,GBP,0.78,3.0,Positive,UK,English,2024-11-21,True,4,2,2,1,3,4,Flipkart
35309,Ian Perry,41,Realme,Realme 12 Pro,274.83,د.إ1008.63,AED,3.67,3.0,Neutral,UAE,English,2023-02-06,True,2,3,3,4,2,6,eBay
47764,Christina Parker,44,Google,Pixel 8,716.55,C$988.84,CAD,1.38,3.0,Positive,Canada,English,2024-04-07,True,3,3,2,2,2,6,Amazon
32908,Theresa Hopkins,25,Samsung,Galaxy Note 20,858.34,A$1313.26,AUD,1.53,3.150789012273524,Positive,Australia,English,2025-03-27,True,1,4,3,4,2,5,eBay
45610,Sophia Hendriks B.Sc.,38,Realme,Realme 12 Pro,437.54,€406.91,EUR,0.93,5.0,Positive,Germany,German,2024-11-16,True,3,5,3,4,5,4,Amazon
5254,Krishna Dhar,29,Motorola,Razr 40,392.25,₹32556.75,INR,83.0,3.108496732026144,Positive,India,Hindi,2023-05-05,True,3,4,4,4,5,2,Amazon
19105,Dawn Myers,44,Google,Pixel 7a,641.2,د.إ2353.2,AED,3.67,3.0,Positive,UAE,English,2022-11-08,False,3,2,3,3,1,3,eBay
32806,Sandra Thompson,36,Samsung,Galaxy S24,1242.89,"$1,242.89 ",USD,1.0,4.0,Positive,USA,English,2025-08-11,True,3,3,4,2,4,0,AliExpress
40517,Maria Cecília Cardoso,38,Xiaomi,Mi 13 Pro,598.44,,BRL,5.7,4.0,Positive,Brazil,Portuguese,2025-05-04,True,3,5,3,3,1,3,Amazon
3883,Marten Jacobi Jäckel-Kroker,36,Motorola,Moto G Power,390.56,€363.22,EUR,0.93,3.0,Positive,Germany,German,2023-11-05,True,2,2,2,2,3,5,AliExpress
22989,Michael Floyd,40,Samsung,Galaxy A55,982.43,A$1503.12,AUD,1.53,4.0,Positive,Australia,English,2025-04-29,False,5,4,3,4,3,4,Flipkart
31225,Hans-Friedrich Köhler-Krein,36,Realme,Realme Narzo 70,335.92,€312.41,EUR,0.93,3.0,Neutral,Germany,German,2025-07-04,True,1,3,5,3,3,5,BestBuy
3419,Gerald Carroll,56,Motorola,Edge 50,219.99,£171.59,GBP,0.78,2.0,Negative,UK,English,2025-02-24,True,1,1,2,1,3,1,Amazon
38930,Sarah Brady,34,Apple,iPhone 15 Pro,1044.86,A$1598.64,AUD,1.53,2.0,Positive,Australia,English,2025-03-17,True,3,2,1,2,1,4,AliExpress
23542,Amber Meyers,27,OnePlus,OnePlus Nord 3,467.26,A$714.91,AUD,1.53,3.0,Neutral,Australia,English,2023-03-10,True,4,3,4,4,2,0,eBay
26355,Advik Hans,21,Google,Pixel 8,591.69,₹49110.27,INR,83.0,5.0,Positive,India,Hindi,2024-07-04,True,4,4,3,5,4,5,AliExpress
19772,Lorenzo Johann,43,OnePlus,OnePlus 12,454.69,€422.86,EUR,0.93,3.0,Neutral,Germany,German,2024-01-06,True,5,1,3,4,3,3,BestBuy
10190,David Miller,33,Realme,Realme Narzo 70,517.74,$517.74 ,USD,1.0,5.0,Positive,USA,English,2023-11-29,True,5,5,4,5,5,5,Amazon
44563,Anthony Patterson,36,Google,Pixel 6,568.47,$568.47 ,USD,1.0,2.0,Neutral,USA,English,2023-12-17,True,3,1,4,2,1,2,eBay
44561,Jeevika Basak,42,Google,Pixel 6,1023.96,₹84988.68,INR,83.0,4.0,Positive,India,Hindi,2024-01-16,True,4,2,4,5,3,4,eBay
44945,Elenore Kabus,40,Motorola,Moto G Power,472.89,€439.79,EUR,0.93,5.0,Positive,Germany,German,2025-08-11,True,5,3,5,4,3,4,AliExpress
5196,Troy Olson,28,Xiaomi,Poco X6,582.32,A$890.95,AUD,1.53,2.0,Negative,Australia,English,2024-06-12,True,2,2,2,2,3,2,Flipkart
37256,Lavínia Cirino,18,Xiaomi,Poco X6,494.98,R$2821.39,BRL,5.7,4.0,Positive,Brazil,Portuguese,2023-01-23,True,2,4,4,2,4,8,BestBuy
31611,Seth Lee,28,Google,Pixel 6,783.01,C$1080.55,CAD,1.38,4.0,Positive,Canada,English,2025-04-24,True,3,3,5,4,4,3,eBay
2192,Christina Smith,34,Motorola,Moto G Power,505.34,C$953.65,CAD,1.38,4.0,Positive,Canada,English,2022-12-04,True,4,4,3,4,3,4,AliExpress
31040,Rosie Walton,37,Xiaomi,Mi 13 Pro,637.89,£497.55,GBP,0.78,3.0,Neutral,UK,English,2023-06-11,True,2,3,3,4,3,1,Amazon
46777,Kimberly Wade,21,Google,Pixel 6,1093.19,C$1508.6,CAD,1.38,3.0,Positive,Canada,English,2022-12-13,True,1,3,2,3,2,0,Flipkart
7786,Silvester Römer-Becker,21,Google,Pixel 7a,595.2,€553.54,EUR,0.93,1.0,Negative,Germany,German,2025-05-20,True,1,1,1,1,1,0,BestBuy
46173,Isabelly Pires,43,Motorola,Edge 50,666.43,R$3798.65,BRL,5.7,5.0,Positive,Brazil,Portuguese,2022-11-06,True,5,4,4,5,5,6,Amazon
42979,Jennifer Myers,23,Samsung,Galaxy S24,920.03,د.إ3376.51,AED,3.67,3.0,Positive,UAE,English,2024-11-22,True,3,2,2,3,2,5,eBay
48127,Raghav Wason,23,Xiaomi,Poco X6,530.36,₹44019.88,INR,83.0,5.0,Positive,India,Hindi,2025-02-14,True,4,5,4,5,4,4,AliExpress
3155,Kendra Torres,18,Apple,iPhone 14,936.44,C$1292.29,CAD,1.38,1.0,Negative,Canada,English,2024-02-23,True,1,1,1,1,1,2,eBay
22796,Thomas Schwartz,18,Apple,iPhone 14,1293.42,"$1,293.42 ",USD,1.0,3.0,Positive,USA,English,2025-08-24,True,3,1,2,3,1,3,AliExpress
29896,Annette Harrison,41,Realme,Realme 12 Pro,221.9,$221.90 ,USD,1.0,5.0,Positive,USA,English,2024-11-27,True,5,5,4,4,4,2,eBay
16913,Liz Macedo,51,Apple,iPhone 13,1450.21,R$8266.2,BRL,5.7,3.0,Positive,Brazil,Portuguese,2025-01-24,False,2,2,4,2,3,6,AliExpress
41043,Dillon Williams MD,32,Motorola,Moto G Power,413.38,د.إ1517.1,AED,3.67,2.0,Negative,UAE,English,2023-10-13,False,1,2,2,3,4,0,AliExpress
42716,Pamela Perez,32,Xiaomi,Redmi Note 13,223.54,C$308.49,CAD,1.38,3.1197273114614403,Neutral,Canada,English,2025-08-25,False,3,3,3,3,2,2,Amazon
7442,Nathan Rodrigues,28,Motorola,Razr 40,797.08,R$4543.36,BRL,5.7,5.0,Positive,Brazil,Portuguese,2025-09-13,True,3,5,3,3,3,5,eBay
12849,Melissa Nelson,30,OnePlus,OnePlus Nord 3,415.95,C$574.01,CAD,1.38,4.0,Positive,Canada,English,2024-11-17,True,4,5,3,5,4,5,AliExpress
12620,Olivia das Neves,51,Realme,Realme 12 Pro,265.81,R$1515.12,BRL,5.7,3.147565320665083,Negative,Brazil,Portuguese,2025-09-09,True,1,1,2,2,1,2,
19747,Sr. Lucas Gabriel Cavalcanti,29,Google,Pixel 6,836.41,R$4767.54,BRL,5.7,2.0,Neutral,Brazil,Portuguese,2023-05-20,True,2,1,3,1,3,0,eBay
1423,Shane Chadwick,18,Realme,Realme 12 Pro,598.79,£467.06,GBP,0.78,4.0,Neutral,UK,English,2022-12-16,True,4,3,5,3,4,3,BestBuy
26895,Ana Cecília Sampaio,32,Xiaomi,Poco X6,389.37,R$2219.41,BRL,5.7,5.0,Positive,Brazil,Portuguese,2025-03-20,True,5,3,5,5,5,4,AliExpress
6066,Univ.Prof. Fadime Vogt B.Sc.,19,OnePlus,OnePlus 11R,595.9,€554.19,EUR,0.93,1.0,Neutral,Germany,German,2023-05-15,True,1,1,1,1,1,2,BestBuy
37617,Harriet Davies-Davidson,25,Apple,iPhone 14,1108.72,£864.8,GBP,0.78,5.0,Positive,UK,English,2025-09-14,True,5,5,5,5,4,4,AliExpress
37029,Sandra Jensen,30,Motorola,Moto G Power,689.52,A$1054.97,AUD,1.53,4.0,Positive,Australia,English,2024-09-17,True,4,3,4,4,4,4,AliExpress
43198,Trevor Smith,22,Samsung,Galaxy Z Flip,636.3,$636.30 ,USD,1.0,2.0,Negative,USA,English,2023-06-18,False,1,2,1,2,2,1,AliExpress
29229,Sarah Carrillo,31,Google,Pixel 6,1024.35,,AUD,1.53,2.0,Neutral,Australia,English,2024-11-18,True,4,1,1,3,3,2,BestBuy
29836,Karen Quinn,28,Google,Pixel 7a,1030.14,"$1,030.14 ",USD,1.0,5.0,Positive,USA,English,2024-08-14,True,5,5,4,5,5,5,Flipkart
22686,Kristen Brown,44,Realme,Realme 12 Pro,476.88,C$658.09,CAD,1.38,2.0,Negative,Canada,English,2024-09-05,True,2,3,2,1,4,3,eBay
22342,Dana Douglas,21,Motorola,Moto G Power,214.09,A$327.56,AUD,1.53,5.0,Positive,Australia,English,2024-10-07,True,4,3,5,3,5,5,Flipkart
45714,Eckhart Seidel,21,Google,Pixel 7a,951.51,€884.9,EUR,0.93,4.0,Positive,Germany,German,2024-08-29,True,4,5,3,4,4,3,eBay
34760,Robert Jackson,33,Xiaomi,Poco X6,392.95,A$601.21,AUD,1.53,4.0,Positive,Australia,English,2023-01-29,True,4,4,3,2,4,2,BestBuy
5216,Jennifer Smith,23,Motorola,Edge 50,444.46,C$613.35,CAD,1.38,3.092575618698442,Neutral,Canada,English,2022-10-27,True,3,1,2,3,1,2,Amazon
48813,Björn Häring-Fiebig,24,Realme,Realme Narzo 70,230.66,€214.51,EUR,0.93,4.0,Positive,Germany,German,2023-05-21,True,5,4,4,3,3,4,AliExpress
44918,Finn Dube,35,Google,Pixel 6,808.53,₹69015.33,INR,83.0,5.0,Positive,India,Hindi,2023-11-14,True,4,5,4,5,5,6,Flipkart
39365,Nathan Klein,23,Apple,iPhone 15 Pro,1487.63,C$2052.93,CAD,1.38,2.0,Neutral,Canada,English,2025-01-01,True,1,2,1,1,1,2,Amazon
47379,Bhavika Nayar,24,OnePlus,OnePlus 11R,423.89,₹35182.87,INR,83.0,3.0,Neutral,India,Hindi,2023-09-25,True,1,4,2,2,3,4,AliExpress
2900,Tamanna Murty,36,OnePlus,OnePlus Nord 3,669.4,₹58133.2,INR,83.0,4.0,Positive,India,Hindi,2023-04-19,True,4,1,3,4,3,4,
13308,Diana Gonzalez,21,Google,Pixel 8,580.81,A$888.64,AUD,1.53,4.0,Positive,Australia,English,2023-08-31,True,4,5,4,4,2,1,BestBuy
18862,Rael Pereira,21,Xiaomi,Poco X6,671.49,R$3827.49,BRL,5.7,4.0,Positive,Brazil,Portuguese,2023-08-06,True,2,4,3,3,2,7,Amazon
14161,Amanda Hubbard,44,Xiaomi,Redmi Note 13,699.92,د.إ2568.71,AED,3.67,3.1197273114614403,Negative,UAE,English,2025-01-27,True,3,1,2,2,3,3,BestBuy
15154,Adam Miller,29,Apple,iPhone 15 Pro,1100.29,د.إ4038.06,AED,3.67,4.0,Positive,UAE,English,2023-08-07,True,1,4,4,3,2,8,Amazon
2562,Luara Freitas,25,Apple,iPhone 15 Pro,1029.86,R$5870.2,BRL,5.7,3.0,Neutral,Brazil,Portuguese,2023-02-28,False,3,4,2,3,2,1,Flipkart
7309,Peter Flores,50,Apple,iPhone 13,1082.86,A$1656.78,AUD,1.53,3.0,Positive,Australia,English,2023-12-06,True,3,2,4,3,2,4,Flipkart
19224,Ester Casa Grande,37,OnePlus,OnePlus 12,628.81,R$3584.22,BRL,5.7,3.0,Neutral,Brazil,Portuguese,2022-11-11,False,4,2,1,2,3,2,Amazon
39544,Dr Stephen Charlton,32,Samsung,Galaxy Note 20,905.775,£483.28,GBP,0.78,4.0,Positive,UK,English,2025-06-20,True,4,3,2,5,4,4,BestBuy
33681,Diane Hughes,24,Motorola,Edge 50,514.92,£388.56,GBP,0.78,3.0,Positive,UK,English,2022-12-24,True,5,1,3,2,3,3,BestBuy
39098,Diogo Brito,29,Samsung,Galaxy S24,847.29,R$4829.55,BRL,5.7,3.0,Positive,Brazil,Portuguese,2023-07-05,True,3,1,3,4,3,5,BestBuy
44841,David Conner,34,OnePlus,OnePlus Nord 3,721.79,C$996.07,CAD,1.38,4.0,Positive,Canada,English,2025-03-13,True,3,3,3,3,3,6,AliExpress
44615,John Rogers,24,Motorola,Razr 40,448.8,A$686.66,AUD,1.53,4.0,Positive,Australia,English,2023-03-03,True,3,3,2,3,3,2,Amazon
27192,Lila Kapur,31,Realme,Realme 12 Pro,570.7,₹47368.1,INR,83.0,5.0,Positive,India,Hindi,2024-12-27,False,4,4,4,5,4,7,Amazon
17477,Darrell Cochran,25,Realme,Realme 12 Pro,552.47,C$762.41,CAD,1.38,3.147565320665083,Negative,Canada,English,2024-11-24,True,1,1,3,1,1,3,Amazon
14804,Kevin Bautista,18,Google,Pixel 6,743.78,د.إ2729.67,AED,3.67,2.0,Positive,UAE,English,2023-01-02,True,1,2,2,2,3,6,
26838,Joe Begum-Hartley,42,Realme,Realme Narzo 70,183.35,£143.01,GBP,0.78,1.0,Negative,UK,English,2023-12-25,True,2,1,1,1,1,2,eBay
10263,Douglas Lewis,37,Apple,iPhone 15 Pro,855.6,C$1180.73,CAD,1.38,3.0,Positive,Canada,English,2024-11-17,True,2,2,3,3,3,6,Flipkart
44191,Martyn Roberts,24,Xiaomi,Mi 13 Pro,221.99,£173.15,GBP,0.78,4.0,Positive,UK,English,2024-07-25,True,4,3,2,4,2,6,Flipkart
43279,Jessica Brown,32,Samsung,Galaxy Note 20,1335.89,"$1,335.89 ",USD,1.0,5.0,Positive,USA,English,2025-04-16,True,4,4,5,5,5,5,AliExpress
30949,Casey Jacobson,34,Realme,Realme Narzo 70,367.98,$367.98 ,USD,1.0,4.0,Positive,USA,English,2023-02-18,True,3,3,5,4,3,4,Amazon
42990,Rhonda Hernandez,18,Google,Pixel 7a,926.62,C$1278.74,CAD,1.38,4.0,Positive,Canada,English,2024-01-21,True,1,3,3,4,3,7,BestBuy
19710,Daniele Junitz,33,Xiaomi,Mi 13 Pro,613.6,€570.65,EUR,0.93,3.0,Positive,Germany,German,2023-12-08,True,2,3,2,3,2,12,Amazon
28469,Michael Chavez,42,Motorola,Moto G Power,451.15,$451.15 ,USD,1.0,5.0,Positive,USA,English,2025-08-14,True,3,3,4,5,5,7,Amazon
544,Garrett Meyer,21,Xiaomi,Redmi Note 13,593.67,د.إ2178.77,AED,3.67,5.0,Positive,UAE,English,2023-04-20,True,4,4,5,5,5,8,
23823,Donald Bowman,45,Realme,Realme 12 Pro,396.41,$319.60 ,USD,1.0,4.0,Neutral,USA,English,2023-10-19,True,5,5,3,3,3,2,BestBuy
28067,Hartwig Ullmann,31,Apple,iPhone 15 Pro,917.85,€853.6,EUR,0.93,5.0,Positive,Germany,German,2023-10-13,True,4,5,5,4,4,4,AliExpress
34416,Finn Cherian,36,Samsung,Galaxy S24,1069.7,₹88785.1,INR,83.0,4.0,Positive,India,Hindi,2023-09-09,True,3,3,5,4,4,6,Amazon
39628,Robert Norman,50,Google,Pixel 7a,543.97,$543.97 ,USD,1.0,4.0,Positive,USA,English,2025-03-19,False,3,2,5,5,5,5,eBay
1164,Victor Hill,33,Samsung,Galaxy Z Flip,720.59,A$1102.5,AUD,1.53,4.0,Neutral,Australia,English,2025-05-20,True,5,3,4,5,4,2,
29747,Jacqueline Ingram,39,Samsung,Galaxy Z Flip,734.65,C$1013.82,CAD,1.38,2.0,Negative,Canada,English,2024-03-11,False,1,4,1,2,2,1,BestBuy
2211,Luis Mosley,36,OnePlus,OnePlus 12,418.15,د.إ1534.61,AED,3.67,3.0,Positive,UAE,English,2024-02-13,True,2,3,1,2,2,6,eBay
23002,Rachel Campbell,37,Google,Pixel 6,1041.61,C$1437.42,CAD,1.38,3.0,Positive,Canada,English,2023-06-06,True,2,2,4,4,1,8,AliExpress
32301,Tanmayi Mani,21,Samsung,Galaxy A55,490.11,₹40679.13,INR,83.0,3.092765460910152,Negative,India,Hindi,2024-02-19,True,1,1,1,1,1,6,Amazon
46321,Wayne Huff,18,Realme,Realme Narzo 70,321.36,د.إ1179.39,AED,3.67,3.0,Positive,UAE,English,2024-08-23,True,3,1,1,4,3,6,Amazon
28828,Patrick Metcalfe-Macdonald,30,Motorola,Moto G Power,447.32,£348.91,GBP,0.78,5.0,Positive,UK,English,2025-04-12,True,5,5,5,5,5,5,Flipkart
44405,Prof. Lilli Reinhardt B.Sc.,26,OnePlus,OnePlus 11R,437.29,€406.68,EUR,0.93,3.1173688736027514,Neutral,Germany,German,2024-11-09,False,1,2,2,2,3,0,
18199,Kathy Martinez,24,Xiaomi,Mi 13 Pro,267.51,د.إ981.76,AED,3.67,2.0,Neutral,UAE,English,2022-11-11,True,1,1,2,3,1,1,Amazon
1902,Luitgard Hettner B.Eng.,42,Realme,Realme Narzo 70,324.18,€301.49,EUR,0.93,5.0,Positive,Germany,German,2023-08-08,True,5,3,5,5,3,6,AliExpress
37461,Louise Dunn,18,Realme,Realme Narzo 70,511.11,£398.67,GBP,0.78,2.0,Negative,UK,English,2025-07-02,False,3,1,1,2,1,2,Flipkart
17693,Terry Noble,34,Samsung,Galaxy Note 20,904.56,C$1248.29,CAD,1.38,1.0,Negative,Canada,English,2023-04-08,False,1,1,1,1,1,1,
28201,Zeynep Stadelmann B.Eng.,18,Xiaomi,Redmi Note 13,396.36,€368.61,EUR,0.93,3.0,Neutral,Germany,German,2022-11-16,True,3,2,1,1,2,2,eBay
24783,Riya Chokshi,53,Realme,Realme 12 Pro,550.02,₹45651.66,INR,83.0,4.0,Positive,India,Hindi,2023-07-31,True,4,2,4,2,4,2,Amazon
28969,Antonella Siqueira,18,Google,Pixel 7a,793.56,R$4523.29,BRL,5.7,4.0,Neutral,Brazil,Portuguese,2025-08-15,True,3,3,2,4,4,2,BestBuy
38889,Brenda Middleton,26,Motorola,Edge 50,281.66,£219.69,GBP,0.78,1.0,Negative,UK,English,2025-01-07,True,1,1,1,1,1,2,Amazon
35969,Jason Gomez,20,Xiaomi,Mi 13 Pro,568.77,$568.77 ,USD,1.0,3.098367697594502,Positive,USA,English,2024-12-06,True,5,3,4,5,4,11,eBay
30876,Dr. William Vaughn,31,Realme,Realme Narzo 70,344.01,$344.01 ,USD,1.0,3.0,Neutral,USA,English,2022-12-28,True,2,2,2,2,4,2,BestBuy
38949,Jonathan Mullen,18,Xiaomi,Poco X6,525.69,C$725.45,CAD,1.38,3.0,Positive,Canada,English,2023-08-03,True,2,3,1,3,3,8,AliExpress
15360,Steve Parker,20,Xiaomi,Mi 13 Pro,220.21,د.إ808.17,AED,3.67,3.098367697594502,Negative,UAE,English,2023-05-02,True,1,1,1,1,1,2,eBay
42752,Grace Townsend,20,Xiaomi,Redmi Note 13,573.29,د.إ2103.97,AED,3.67,1.0,Neutral,UAE,English,2023-03-20,True,1,1,1,1,1,5,BestBuy
44470,Allison Hoffman,28,Apple,iPhone 13,1415.77,A$2166.13,AUD,1.53,2.0,Positive,Australia,English,2024-01-02,True,2,2,1,1,3,9,eBay
19715,Julie Schenk-Geißler,21,Apple,iPhone SE,705.0,€655.65,EUR,0.93,1.0,Negative,Germany,German,2024-07-01,True,1,1,1,1,1,2,AliExpress
11608,Michael Wright,37,OnePlus,OnePlus 11R,915.62,C$1263.56,CAD,1.38,2.0,Negative,Canada,English,2023-03-07,True,1,1,2,1,1,2,eBay
36168,Jhalak Din,29,OnePlus,OnePlus Nord 3,816.74,₹67789.42,INR,83.0,4.0,Positive,India,Hindi,2022-12-21,True,2,3,4,5,3,3,Amazon
35572,Susan Butler,18,Motorola,Razr 40,647.53,$647.53 ,USD,1.0,1.0,Negative,USA,English,2023-02-14,True,1,1,1,1,1,5,Flipkart
30442,Monica Hunt,31,Google,Pixel 6,583.86,$583.86 ,USD,1.0,1.0,Negative,USA,English,2022-10-23,True,1,1,1,1,1,1,Flipkart
39647,Jay Miller,30,OnePlus,OnePlus Nord 3,809.57,$809.57 ,USD,1.0,2.0,Neutral,USA,English,2024-01-20,False,2,2,2,2,3,1,BestBuy
45247,Andrea Hall,18,Google,Pixel 8,1013.3,د.إ3718.81,AED,3.67,3.0,Positive,UAE,English,2024-06-11,True,2,2,2,2,2,3,AliExpress
10435,Isaac Mani,40,Samsung,Galaxy S24,937.73,₹77831.59,INR,83.0,3.075313807531381,Positive,India,Hindi,2025-03-30,True,3,4,3,4,3,5,eBay
45592,Sr. Cauã Teixeira,28,Motorola,Moto G Power,505.34,R$4116.94,BRL,5.7,1.0,Negative,Brazil,Portuguese,2025-06-06,True,1,2,1,1,1,2,Amazon
33541,Alexis Hale DVM,37,Google,Pixel 6,815.63,د.إ2993.36,AED,3.67,2.0,Neutral,UAE,English,2024-06-20,False,3,1,1,1,2,4,eBay
4163,Léo Fernandes,26,Google,Pixel 8,1095.3,R$6243.21,BRL,5.7,4.0,Positive,Brazil,Portuguese,2025-02-12,True,4,3,3,5,4,4,Amazon
24262,Gillian Walker,24,Samsung,Galaxy S24,624.55,£487.15,GBP,0.78,3.075313807531381,Negative,UK,English,2023-06-29,True,1,1,1,1,1,2,AliExpress
27619,Paul Waller,38,Motorola,Razr 40,646.1,,USD,1.0,3.0,Positive,USA,English,2024-07-09,True,3,2,2,1,1,3,Flipkart
17467,Vanessa Lamb,19,Google,Pixel 7a,964.55,£752.35,GBP,0.78,2.0,Neutral,UK,English,2025-09-22,True,2,1,1,2,1,2,Amazon
2442,Werner Ritter,40,Xiaomi,Mi 13 Pro,646.06,€600.84,EUR,0.93,1.0,Negative,Germany,German,2025-06-09,False,1,1,1,1,1,2,
6212,Stephen Hall,21,Realme,Realme 12 Pro,191.72,$191.72 ,USD,1.0,5.0,Positive,USA,English,2024-02-03,True,2,5,5,4,5,5,BestBuy
16369,Joshua Cannon,34,OnePlus,OnePlus 12,744.4,$744.40 ,USD,1.0,4.0,Positive,USA,English,2023-03-12,True,2,3,5,2,3,4,Flipkart
6897,Joshua Ortiz,53,OnePlus,OnePlus 11R,740.54,A$1133.03,AUD,1.53,4.0,Positive,Australia,English,2024-03-26,False,1,4,4,4,2,1,Amazon
27591,Dr. Lucas Gabriel Casa Grande,36,Motorola,Moto G Power,427.11,R$2434.53,BRL,5.7,1.0,Negative,Brazil,Portuguese,2024-04-20,True,1,1,1,2,2,2,AliExpress
27722,Carsten Reising B.Sc.,26,OnePlus,OnePlus Nord 3,669.4,€889.62,EUR,0.93,2.0,Negative,Germany,German,2024-02-17,True,1,1,2,2,2,1,Flipkart
6401,Prof. Elisabet Kaul,21,Xiaomi,Mi 13 Pro,406.73,€378.26,EUR,0.93,4.0,Positive,Germany,German,2024-03-28,True,5,3,3,4,3,6,AliExpress
46283,Dipl.-Ing. Alexej Stadelmann B.Eng.,44,Samsung,Galaxy Z Flip,695.51,€646.82,EUR,0.93,4.0,Positive,Germany,German,2025-07-10,True,1,4,3,4,4,4,Amazon
30128,Cody Cantu,42,Xiaomi,Poco X6,210.16,C$290.02,CAD,1.38,4.0,Neutral,Canada,English,2024-08-01,False,3,4,4,4,3,1,Amazon
19028,George Sandoval,18,Samsung,Galaxy Z Flip,1383.67,د.إ5078.07,AED,3.67,2.0,Neutral,UAE,English,2025-06-04,False,1,1,2,1,2,3,
33822,Kamala Setty,35,Google,Pixel 6,782.23,₹64925.09,INR,83.0,3.1190370040124837,Neutral,India,Hindi,2023-10-08,True,1,2,1,3,4,0,AliExpress
32757,Heloísa Oliveira,34,Apple,iPhone 15 Pro,1102.27,R$7387.03,BRL,5.7,4.0,Positive,Brazil,Portuguese,2024-09-07,True,4,4,3,3,5,5,eBay
47478,Joseph Smith,31,Xiaomi,Redmi Note 13,450.8,د.إ2387.7,AED,3.67,5.0,Positive,UAE,English,2023-08-16,False,3,5,3,4,4,4,AliExpress
31633,Laura Liu,42,Google,Pixel 7a,714.6,A$1093.34,AUD,1.53,4.0,Positive,Australia,English,2024-06-04,True,5,3,4,4,2,3,eBay
18559,Raagini Swaminathan,21,Motorola,Moto G Power,355.2,₹29481.6,INR,83.0,2.0,Neutral,India,Hindi,2025-10-02,False,1,2,2,2,1,0,Flipkart
16626,Mrs Emily Wood,31,Apple,iPhone 15 Pro,836.08,£652.14,GBP,0.78,3.0839243498817965,Positive,UK,English,2025-08-22,True,5,5,5,5,5,3,AliExpress
17532,Anthony Gabriel Moura,35,OnePlus,OnePlus Nord 3,704.1,,BRL,5.7,1.0,Neutral,Brazil,Portuguese,2024-12-12,True,1,1,2,1,2,4,eBay
37648,Angela Acevedo,45,Motorola,Edge 50,507.74,$507.74 ,USD,1.0,5.0,Positive,USA,English,2023-11-18,True,4,5,4,4,5,2,BestBuy
33396,Allan Woodward,42,Google,Pixel 6,700.81,£546.63,GBP,0.78,3.0,Positive,UK,English,2023-06-10,True,3,3,1,2,2,5,Amazon
17828,Dipl.-Ing. Hans-Jürgen Conradi MBA.,23,Realme,Realme Narzo 70,316.31,€294.17,EUR,0.93,4.0,Positive,Germany,German,2024-10-01,True,4,3,3,4,4,6,Amazon
14428,Randy Kent,47,Samsung,Galaxy S24,1333.86,C$1840.73,CAD,1.38,3.0,Positive,Canada,English,2023-09-16,True,1,2,2,3,3,5,BestBuy
1006,Matteo Cunha,32,OnePlus,OnePlus 12,945.94,R$5391.86,BRL,5.7,3.1356009070294784,Neutral,Brazil,Portuguese,2024-09-30,True,2,2,1,2,4,1,BestBuy
5489,Rachael Smith,23,Xiaomi,Redmi Note 13,453.78,£353.95,GBP,0.78,5.0,Positive,UK,English,2024-03-09,True,4,5,5,5,5,7,AliExpress
45616,Hayley Jones,38,Google,Pixel 7a,1077.26,"$1,077.26 ",USD,1.0,3.0,Negative,USA,English,2024-05-31,True,1,2,4,2,3,3,BestBuy
17407,Trevor Roberts,31,OnePlus,OnePlus 11R,749.31,£584.46,GBP,0.78,3.0,Positive,UK,English,2025-10-15,True,2,4,1,4,2,2,BestBuy
455,Geetika Barman,45,Realme,Realme 12 Pro,312.06,₹25900.98,INR,83.0,2.0,Neutral,India,Hindi,2022-12-05,False,3,2,1,2,1,1,Amazon
4245,Bridget Guerrero,18,Xiaomi,Mi 13 Pro,548.9,A$839.82,AUD,1.53,2.0,Negative,Australia,English,2023-03-16,True,2,1,1,1,1,2,BestBuy
39506,Dr. Pietro Campos,26,Realme,Realme Narzo 70,334.58,R$1907.11,BRL,5.7,2.0,Negative,Brazil,Portuguese,2025-04-11,True,1,2,2,2,2,1,AliExpress
43384,Christopher Ball,34,OnePlus,OnePlus 11R,457.31,د.إ1678.33,AED,3.67,2.0,Negative,UAE,English,2024-06-26,True,2,3,1,1,2,2,BestBuy
34293,Robert Kim,18,Samsung,Galaxy Z Flip,459.57,د.إ1686.62,AED,3.67,3.0,Positive,UAE,English,2023-02-11,False,2,3,3,4,2,9,eBay
41414,Erica Green,20,Realme,Realme Narzo 70,578.24,د.إ2122.14,AED,3.67,5.0,Positive,UAE,English,2024-06-19,True,5,3,5,4,5,7,AliExpress
44592,Mr Jordan Griffin,21,Xiaomi,Mi 13 Pro,267.85,£208.92,GBP,0.78,4.0,Positive,UK,English,2023-01-03,False,3,2,4,1,4,4,eBay
31954,Cecília Monteiro,40,Samsung,Galaxy S24,1249.06,R$7119.64,BRL,5.7,3.0,Positive,Brazil,Portuguese,2024-11-07,True,4,2,2,1,3,8,AliExpress
29981,Malik Little,23,OnePlus,OnePlus 12,735.9,C$1015.54,CAD,1.38,4.0,Positive,Canada,English,2023-05-16,False,3,5,2,4,4,5,eBay
9392,Luísa Sampaio,26,Motorola,Moto G Power,220.26,R$1255.48,BRL,5.7,5.0,Positive,Brazil,Portuguese,2025-09-27,True,4,4,5,4,5,12,eBay
22339,Miss Julie Young,18,Apple,iPhone SE,722.18,£563.3,GBP,0.78,4.0,Positive,UK,English,2025-07-28,True,3,3,2,3,2,8,Amazon
11709,Gordon Cooper,24,Samsung,Galaxy Note 20,921.85,£719.04,GBP,0.78,5.0,Positive,UK,English,2023-12-14,True,5,4,5,5,3,4,Flipkart
12967,Ricardo Barker,31,Apple,iPhone 13,893.13,C$1232.52,CAD,1.38,4.0,Positive,Canada,English,2024-07-15,False,2,4,4,5,3,4,BestBuy
45665,Sra. Liz Albuquerque,19,Motorola,Moto G Power,322.48,R$1838.14,BRL,5.7,2.0,Negative,Brazil,Portuguese,2025-07-02,True,1,2,1,3,1,0,BestBuy
12825,Cecília Aragão,25,Samsung,Galaxy Z Flip,653.6,R$3725.52,BRL,5.7,4.0,Positive,Brazil,Portuguese,2023-12-19,True,2,4,3,2,3,5,Amazon
29862,Jay Chapman,22,Samsung,Galaxy S24,845.33,C$1166.56,CAD,1.38,3.0,Neutral,Canada,English,2022-12-04,True,2,3,1,1,2,3,BestBuy
36408,Levi Davis,31,OnePlus,OnePlus Nord 3,669.04,$669.04 ,USD,1.0,3.0,Positive,USA,English,2022-12-01,True,3,4,2,2,2,5,Amazon
19205,Isadora Barbosa,18,Google,Pixel 6,1052.19,R$5997.48,BRL,5.7,4.0,Positive,Brazil,Portuguese,2023-03-19,True,2,4,3,2,3,5,eBay
7777,Dr Owen Clarke,36,OnePlus,OnePlus 11R,375.14,£292.61,GBP,0.78,2.0,Neutral,UK,English,2024-08-18,True,1,2,1,1,1,1,
35973,Eric Holloway-Francis,29,Motorola,Razr 40,724.2,£564.88,GBP,0.78,3.0,Negative,UK,English,2024-08-19,True,1,3,2,1,2,1,eBay
46216,Linda Osborne,36,OnePlus,OnePlus 11R,358.76,$358.76 ,USD,1.0,4.0,Positive,USA,English,2023-12-14,True,3,4,3,4,4,5,Amazon
26543,Darin Abbott,31,Samsung,Galaxy S24,1195.04,C$1649.16,CAD,1.38,4.0,Positive,Canada,English,2023-01-26,True,4,3,3,5,3,1,AliExpress
26717,Gary Mendez,32,Motorola,Moto G Power,517.61,,AED,3.67,1.0,Neutral,UAE,English,2024-07-27,True,1,1,1,1,1,2,
41854,Harrison Buch,27,Google,Pixel 8,653.72,₹54258.76,INR,83.0,4.0,Neutral,India,Hindi,2025-06-06,False,4,3,3,3,2,5,eBay
15470,Mrs Molly Kennedy,18,Samsung,Galaxy S24,1241.16,£968.1,GBP,0.78,5.0,Positive,UK,English,2023-10-13,True,4,5,4,3,4,3,BestBuy
27056,Caroline Pacheco,38,Samsung,Galaxy A55,1117.01,R$6366.96,BRL,5.7,5.0,Positive,Brazil,Portuguese,2023-09-12,False,5,4,5,5,2,4,AliExpress
11063,Stephanie Novak,18,Xiaomi,Poco X6,462.02,A$706.89,AUD,1.53,3.0,Neutral,Australia,English,2025-10-02,True,2,1,3,1,1,1,AliExpress
12111,Hugo Knappe-Schulz,25,Google,Pixel 7a,965.48,€897.9,EUR,0.93,2.0,Negative,Germany,German,2023-07-05,True,2,1,2,2,1,4,Amazon
14519,Robert Orr,44,Google,Pixel 6,708.63,A$1084.2,AUD,1.53,1.0,Positive,Australia,English,2025-06-17,True,2,1,1,1,1,9,
37533,Alison Davies,29,Apple,iPhone 15 Pro,940.65,£733.71,GBP,0.78,4.0,Neutral,UK,English,2024-09-02,True,5,5,3,3,3,2,Flipkart
33613,Brian Tucker,18,OnePlus,OnePlus 11R,655.92,C$905.17,CAD,1.38,1.0,Negative,Canada,English,2025-04-17,True,1,1,1,1,2,0,Amazon
13434,Adya Chahal,25,Motorola,Moto G Power,756.67,₹62803.61,INR,83.0,4.0,Positive,India,Hindi,2022-11-30,False,5,3,3,2,4,9,Amazon
3054,Nathan Leão,27,Google,Pixel 7a,1098.33,,BRL,5.7,4.0,Positive,Brazil,Portuguese,2025-08-24,True,3,4,4,2,4,9,Amazon
17453,Tyler Meyer,25,OnePlus,OnePlus 12,632.77,C$873.22,CAD,1.38,4.0,Positive,Canada,English,2025-05-07,True,1,4,3,3,4,7,Flipkart
27506,Ross Edwards,33,Motorola,Edge 50,650.66,£507.51,GBP,0.78,2.0,Negative,UK,English,2025-03-18,False,1,1,1,1,3,1,Flipkart
48931,Matthew Herman,35,Motorola,Razr 40,602.52,د.إ2211.25,AED,3.67,3.0,Positive,UAE,English,2023-02-28,True,3,3,3,2,1,1,Flipkart
20001,Ms Lindsey Hurst,31,Motorola,Moto G Power,647.73,£505.23,GBP,0.78,5.0,Positive,UK,English,2025-05-13,True,5,5,4,5,4,5,
39080,Jay Reynolds,21,Xiaomi,Redmi Note 13,354.81,£276.75,GBP,0.78,4.0,Positive,UK,English,2024-07-26,False,5,5,5,5,5,7,Flipkart
9274,Clarice Lima,34,Xiaomi,Poco X6,428.72,R$2443.7,BRL,5.7,3.0,Neutral,Brazil,Portuguese,2024-01-15,False,4,1,3,3,2,3,AliExpress
10135,Sra. Ana Sophia Martins,32,Motorola,Edge 50,319.35,R$1820.3,BRL,5.7,3.092575618698442,Neutral,Brazil,Portuguese,2025-02-22,True,2,3,2,1,1,0,AliExpress
2983,Jessica Paul,29,Samsung,Galaxy Note 20,780.07,A$1193.51,AUD,1.53,5.0,Positive,Australia,English,2024-02-03,True,5,5,3,5,5,1,Flipkart
31600,Amanda Shaffer,35,Xiaomi,Redmi Note 13,265.33,A$405.95,AUD,1.53,2.0,Neutral,Australia,English,2024-10-16,True,3,2,1,2,2,0,eBay
47438,Jill Marshall,30,Google,Pixel 8,866.15,$866.15 ,USD,1.0,4.0,Positive,USA,English,2022-12-03,True,4,4,3,3,5,7,eBay
40224,Lacey Welch,32,Realme,Realme Narzo 70,320.4,,CAD,1.38,4.0,Positive,Canada,English,2024-12-18,True,3,3,2,4,3,5,AliExpress
5771,Melissa Brookes,58,Google,Pixel 7a,774.2,,GBP,0.78,4.0,Positive,UK,English,2023-12-11,True,4,3,4,3,4,5,Amazon
34871,Waltraud Johann,28,Google,Pixel 8,1053.17,€979.45,EUR,0.93,2.0,Neutral,Germany,German,2025-09-20,True,3,1,1,1,3,7,AliExpress
29000,Elizabeth Alvarez,22,Apple,iPhone SE,760.68,A$1163.84,AUD,1.53,5.0,Positive,Australia,English,2025-06-13,False,4,5,3,4,3,10,eBay
16321,Caroline da Mota,25,Motorola,Moto G Power,273.56,R$1559.29,BRL,5.7,2.0,Negative,Brazil,Portuguese,2023-11-25,True,2,1,3,2,1,1,Amazon
38545,Igor Dias,27,Realme,Realme Narzo 70,335.11,R$1910.13,BRL,5.7,3.0,Negative,Brazil,Portuguese,2024-01-01,True,3,4,2,2,2,5,AliExpress
14816,Dr Mark Wheeler,18,Samsung,Galaxy A55,420.4,£327.91,GBP,0.78,3.0,Positive,UK,English,2023-05-10,True,2,3,3,5,3,8,BestBuy
17963,Janaki Narayanan,22,Apple,iPhone 14,1097.7,₹91109.1,INR,83.0,1.0,Negative,India,Hindi,2024-06-12,True,1,1,2,1,1,3,Flipkart
23648,Patrick Ford,20,Samsung,Galaxy S24,802.77,$802.77 ,USD,1.0,3.0,Positive,USA,English,2023-08-29,True,1,2,4,1,2,4,Amazon
8480,Abbie Black-Farmer,40,Google,Pixel 7a,535.9,£418.0,GBP,0.78,4.0,Positive,UK,English,2023-07-28,False,4,5,3,4,4,7,eBay
22896,Joel Obrien,38,OnePlus,OnePlus 12,652.61,$652.61 ,USD,1.0,5.0,Positive,USA,English,2025-09-05,True,5,5,4,5,5,3,BestBuy
18854,Omkaar Minhas,18,Google,Pixel 7a,768.03,₹63746.49,INR,83.0,4.0,Positive,India,Hindi,2024-12-15,False,3,4,4,3,3,3,BestBuy
39475,Michelle Williams,25,Motorola,Moto G Power,505.34,A$1039.01,AUD,1.53,3.0,Positive,Australia,English,2024-12-27,True,5,4,1,2,1,4,Flipkart
9354,Erin Novak,18,Samsung,Galaxy Z Flip,849.33,C$1172.08,CAD,1.38,3.0,Positive,Canada,English,2024-08-10,False,3,3,2,3,2,5,eBay
25043,Emily Hebert,29,Motorola,Moto G Power,360.83,A$552.07,AUD,1.53,1.0,Negative,Australia,English,2022-11-30,True,1,1,3,1,1,4,Flipkart
46016,Danny Davies,52,Google,Pixel 6,570.13,£444.7,GBP,0.78,3.1190370040124837,Positive,UK,English,2024-01-24,False,4,4,5,5,4,4,Flipkart
2758,Qadim Prashad,34,Motorola,Razr 40,388.99,₹32286.17,INR,83.0,5.0,Positive,India,Hindi,2024-08-30,False,4,5,5,3,3,10,
12215,Jeremy Kim,34,Samsung,Galaxy Note 20,628.86,$628.86 ,USD,1.0,5.0,Positive,USA,English,2024-10-11,True,5,3,4,5,5,9,AliExpress
23492,Jessica Castro,47,Motorola,Edge 50,616.38,د.إ2262.11,AED,3.67,4.0,Positive,UAE,English,2023-01-12,True,3,5,4,2,3,4,Flipkart
28028,Timothy Jones,32,Apple,iPhone 15 Pro,1478.53,C$2040.37,CAD,1.38,5.0,Positive,Canada,English,2023-02-22,True,5,4,5,5,5,7,Amazon
4129,Chase Gomez,24,OnePlus,OnePlus 11R,954.77,A$1460.8,AUD,1.53,4.0,Positive,Australia,English,2024-06-01,True,2,2,3,3,3,6,Flipkart
30612,Antoinette Ruppert-Hiller,29,Xiaomi,Poco X6,381.32,,EUR,0.93,2.0,Neutral,Germany,German,2024-06-28,True,3,3,1,4,2,4,eBay
7916,Richard Stewart,21,Samsung,Galaxy Note 20,820.82,$820.82 ,USD,1.0,3.0,Negative,USA,English,2025-06-11,True,3,5,1,2,2,1,Amazon
27688,Yatan Rattan,30,Apple,iPhone 14,1094.51,₹83809.25,INR,83.0,5.0,Positive,India,Hindi,2025-10-12,False,5,5,4,4,5,6,Flipkart
25573,Dipl.-Ing. Cosimo Ortmann B.Sc.,32,Xiaomi,Mi 13 Pro,248.22,€230.84,EUR,0.93,2.0,Neutral,Germany,German,2023-11-25,True,1,1,3,1,3,3,Flipkart
2183,Herr Laurenz Ditschlerin,18,Xiaomi,Redmi Note 13,678.79,€631.27,EUR,0.93,3.1197273114614403,Negative,Germany,German,2023-07-24,True,1,2,1,1,1,4,eBay
29966,Haley Morgan,54,Motorola,Razr 40,477.66,A$730.82,AUD,1.53,3.0,Neutral,Australia,English,2025-06-11,True,4,3,2,3,1,1,BestBuy
26217,Dr John Stephens,21,Xiaomi,Redmi Note 13,257.27,,GBP,0.78,3.0,Neutral,UK,English,2024-11-02,True,3,2,3,3,2,1,eBay
4823,Jade Cirino,41,Realme,Realme 12 Pro,563.86,R$3214.0,BRL,5.7,5.0,Positive,Brazil,Portuguese,2025-04-13,False,5,3,3,5,5,0,eBay
2111,Herr Ralf-Dieter Schmiedt B.A.,28,OnePlus,OnePlus 11R,499.53,€464.56,EUR,0.93,4.0,Positive,Germany,German,2025-01-30,True,4,2,3,5,2,4,Amazon
20932,Gabrielle Smith,20,Xiaomi,Mi 13 Pro,312.98,C$431.91,CAD,1.38,5.0,Positive,Canada,English,2025-04-02,False,5,4,5,4,4,8,eBay
25271,Mary Watson,35,Motorola,Edge 50,418.74,A$640.67,AUD,1.53,4.0,Positive,Australia,English,2024-06-12,True,3,4,3,4,3,6,eBay
177,Rehaan Kalita,30,Google,Pixel 7a,975.56,₹80971.48,INR,83.0,2.0,Negative,India,Hindi,2024-11-12,True,1,2,3,1,2,1,eBay
5684,Jade Davis,18,Samsung,Galaxy A55,986.09,£769.15,GBP,0.78,3.0,Positive,UK,English,2025-04-11,True,4,2,1,4,2,3,Flipkart
47938,Angelica Strickland,18,OnePlus,OnePlus 12,851.4,,USD,1.0,3.0,Positive,USA,English,2025-08-04,True,2,3,3,2,1,12,Flipkart
32859,Ranbir Sathe,32,Xiaomi,Redmi Note 13,339.62,,INR,83.0,4.0,Positive,India,Hindi,2023-01-19,True,4,2,2,2,4,8,eBay
28222,Maximilian Kroker,23,Motorola,Razr 40,420.33,€390.91,EUR,0.93,2.0,Negative,Germany,German,2023-08-07,False,1,2,3,2,2,1,eBay
28531,Isabelly Rios,29,Realme,Realme Narzo 70,392.8200000000001,R$2180.99,BRL,5.7,4.0,Positive,Brazil,Portuguese,2025-06-01,True,4,4,5,2,4,4,AliExpress
15850,Jennifer Castillo,44,Xiaomi,Poco X6,667.95,A$1021.96,AUD,1.53,4.0,Positive,Australia,English,2024-09-27,True,3,3,4,4,5,4,Flipkart
23745,Daniel Jordan,32,Xiaomi,Redmi Note 13,327.54,A$501.14,AUD,1.53,4.0,Positive,Australia,English,2023-11-26,True,2,4,4,4,3,3,Amazon
43284,Janani Sane,21,Motorola,Edge 50,252.47,₹20955.01,INR,83.0,4.0,Positive,India,Hindi,2024-12-07,True,3,2,4,4,3,10,Amazon
20614,Nancy Hoover,37,Motorola,Razr 40,689.8,$689.80 ,USD,1.0,3.0,Neutral,USA,English,2025-06-28,True,2,2,3,4,2,3,eBay
27820,Gertraut Kensy,19,OnePlus,OnePlus Nord 3,632.54,€588.26,EUR,0.93,4.0,Positive,Germany,German,2024-08-06,True,3,4,4,3,4,5,Flipkart
38873,Bryan Ashley,22,OnePlus,OnePlus 11R,738.44,A$1129.81,AUD,1.53,4.0,Positive,Australia,English,2025-07-14,False,4,4,2,4,3,1,Flipkart
27588,Matthew Martinez,37,Xiaomi,Redmi Note 13,525.26,$525.26 ,USD,1.0,3.0,Neutral,USA,English,2023-11-19,True,2,2,1,4,2,1,Flipkart
41890,Lisa Hall,36,OnePlus,OnePlus 11R,898.53,C$1239.97,CAD,1.38,4.0,Positive,Canada,English,2024-04-24,True,3,4,4,3,4,4,BestBuy
23873,Susan Leon,35,Motorola,Edge 50,797.49,$797.49 ,USD,1.0,5.0,Positive,USA,English,2023-01-22,True,4,5,4,3,5,2,Amazon
10916,Anthony Marques,22,OnePlus,OnePlus 12,518.52,R$2955.56,BRL,5.7,4.0,Positive,Brazil,Portuguese,2023-03-29,False,4,2,5,4,4,8,BestBuy
22990,Richard Chambers,31,Samsung,Galaxy Z Flip,606.04,د.إ2224.17,AED,3.67,4.0,Positive,UAE,English,2025-06-21,True,4,4,3,3,4,5,Amazon
47402,Vasatika Brar,18,Google,Pixel 6,924.19,₹76707.77,INR,83.0,1.0,Negative,India,Hindi,2025-09-04,True,1,1,1,1,1,4,eBay
20375,Alex Adams,22,Samsung,Galaxy A55,1291.91,"$1,291.91 ",USD,1.0,1.0,Negative,USA,English,2025-04-28,True,1,1,1,2,1,1,Amazon
24684,Urmi Rattan,22,Samsung,Galaxy Z Flip,905.38,₹100298.86,INR,83.0,5.0,Positive,India,Hindi,2025-05-02,True,4,4,5,4,5,3,eBay
8054,Nicholas Hancock,18,Samsung,Galaxy A55,765.86,$765.86 ,USD,1.0,4.0,Positive,USA,English,2023-09-12,False,2,5,2,2,3,4,AliExpress
1742,Dr. Nathan Mendonça,53,Realme,Realme 12 Pro,585.54,R$3337.58,BRL,5.7,4.0,Positive,Brazil,Portuguese,2024-12-24,False,3,3,3,3,3,5,Flipkart
25117,Victor Hughes,29,Motorola,Razr 40,309.7,A$473.84,AUD,1.53,2.0,Negative,Australia,English,2023-06-05,True,1,1,2,2,1,0,AliExpress
24185,Ivan Aguilar,27,Google,Pixel 8,657.06,$657.06 ,USD,1.0,4.0,Positive,USA,English,2024-11-16,False,2,3,5,3,5,4,BestBuy
13632,Mohini Rai,36,Samsung,Galaxy S24,1184.41,₹98306.03,INR,83.0,1.0,Negative,India,Hindi,2023-06-16,True,1,1,1,1,1,1,BestBuy
4304,Frado Garg,18,Apple,iPhone SE,1344.57,₹111599.31,INR,83.0,3.0,Positive,India,Hindi,2023-07-29,True,2,3,3,2,2,3,
21988,Mrs Frances Chapman,46,Realme,Realme 12 Pro,396.41,£153.87,GBP,0.78,2.0,Positive,UK,English,2025-07-02,True,1,1,1,1,1,2,BestBuy
35720,Teresa Sandoval,18,Samsung,Galaxy Note 20,483.71,د.إ1775.22,AED,3.67,3.0,Positive,UAE,English,2024-06-08,True,4,1,2,2,3,1,Flipkart
23461,Gottlob Bender,31,Xiaomi,Redmi Note 13,243.48,€226.44,EUR,0.93,3.0,Positive,Germany,German,2023-12-28,True,3,1,2,2,1,8,eBay
10445,Dr. Gregory Kelly,19,Apple,iPhone 14,818.21,C$1129.13,CAD,1.38,2.0,Neutral,Canada,English,2023-11-04,True,1,1,1,1,2,2,eBay
42407,Srta. Eloah da Rocha,29,Realme,Realme 12 Pro,520.8,R$2968.56,BRL,5.7,3.147565320665083,Neutral,Brazil,Portuguese,2024-08-07,False,2,2,1,2,1,1,AliExpress
15710,Madison Rogers,35,Apple,iPhone SE,1092.49,د.إ4009.44,AED,3.67,3.0,Neutral,UAE,English,2023-03-19,True,1,2,2,3,3,6,BestBuy
33010,Leslie Kirby,22,Samsung,Galaxy Z Flip,1226.71,A$1876.87,AUD,1.53,3.0,Positive,Australia,English,2023-11-08,True,2,1,3,3,1,2,AliExpress
10280,Miss Lindsey Slater,18,Motorola,Razr 40,372.02,£290.18,GBP,0.78,4.0,Positive,UK,English,2025-06-09,False,3,3,4,2,4,5,Flipkart
20946,Bernward Seifert,44,OnePlus,OnePlus Nord 3,380.39,€353.76,EUR,0.93,1.0,Negative,Germany,German,2024-12-21,True,1,1,1,1,1,0,Flipkart
5654,Craig Lopez,42,Google,Pixel 6,881.92,A$1349.34,AUD,1.53,3.0,Neutral,Australia,English,2024-10-03,False,3,3,1,2,3,1,eBay
4817,Sofia Hecker,30,Xiaomi,Poco X6,211.78,€196.96,EUR,0.93,3.0,Negative,Germany,German,2022-11-22,True,2,2,3,3,5,2,eBay
36891,Dr. Siegmar Juncken B.Sc.,31,Motorola,Moto G Power,513.2,€477.28,EUR,0.93,4.0,Positive,Germany,German,2024-01-31,False,3,4,4,3,3,9,BestBuy
39174,Mark Jenkins,24,Motorola,Razr 40,582.34,A$890.98,AUD,1.53,5.0,Positive,Australia,English,2024-08-09,True,5,5,5,4,5,9,Flipkart
15057,Joshua Gates,48,Samsung,Galaxy Z Flip,841.14,C$1160.77,CAD,1.38,4.0,Positive,Canada,English,2023-09-01,True,3,2,5,5,4,7,Amazon
13944,Jean Kim DDS,35,OnePlus,OnePlus Nord 3,791.33,$791.33 ,USD,1.0,2.0,Negative,USA,English,2023-06-21,True,1,1,4,1,2,1,BestBuy
21682,Justin Reynolds,33,Xiaomi,Poco X6,694.95,A$1063.27,AUD,1.53,1.0,Neutral,Australia,English,2025-07-29,True,1,1,1,1,1,3,Flipkart
35500,Jordan Whitaker MD,44,Samsung,Galaxy A55,889.41,A$1360.8,AUD,1.53,1.0,Neutral,Australia,English,2023-06-12,True,1,1,1,1,1,1,eBay
11029,Dipl.-Ing. Heini Hesse,55,Xiaomi,Mi 13 Pro,582.21,€541.46,EUR,0.93,4.0,Positive,Germany,German,2024-05-16,True,2,2,3,5,4,4,Amazon
4449,Sarthak Dugar,30,Motorola,Edge 50,326.8,₹27124.4,INR,83.0,1.0,Negative,India,Hindi,2023-04-23,False,1,1,1,1,1,1,eBay
39839,Janani Agarwal,41,Samsung,Galaxy Z Flip,422.89,₹35099.87,INR,83.0,4.0,Positive,India,Hindi,2024-12-22,True,2,5,4,3,3,5,BestBuy
42197,Irya Kohli,54,Xiaomi,Redmi Note 13,294.97,₹24482.51,INR,83.0,3.0,Neutral,India,Hindi,2024-02-09,True,3,3,3,2,1,2,BestBuy
32526,Ruthild Losekann MBA.,25,Google,Pixel 6,553.31,€514.58,EUR,0.93,2.0,Negative,Germany,German,2024-01-12,True,1,2,4,2,1,1,AliExpress
30353,Michael Owens MD,18,OnePlus,OnePlus 12,824.6,$824.60 ,USD,1.0,3.0,Positive,USA,English,2024-05-07,True,2,2,2,4,1,6,AliExpress
27615,Benjamin Alexander,23,Realme,Realme 12 Pro,391.07,$391.07 ,USD,1.0,3.0,Neutral,USA,English,2025-04-28,False,2,2,2,3,2,6,eBay
20950,Manuela Vargas,24,Motorola,Edge 50,392.09,R$2234.91,BRL,5.7,2.0,Neutral,Brazil,Portuguese,2025-07-20,True,2,2,1,1,1,1,Amazon
45485,Gaurika Pathak,32,Xiaomi,Poco X6,284.55,₹23617.65,INR,83.0,5.0,Positive,India,Hindi,2025-01-16,True,3,5,5,5,5,3,AliExpress
38588,Daniel Barnes,25,Realme,Realme Narzo 70,442.91,$442.91 ,USD,1.0,2.0,Negative,USA,English,2024-02-29,False,2,2,2,2,1,2,AliExpress
17250,Alyssa Vincent,24,Xiaomi,Poco X6,556.57,$556.57 ,USD,1.0,2.0,Negative,USA,English,2025-10-15,True,3,1,2,1,1,7,Flipkart
3432,Karen Mccarthy,39,Xiaomi,Redmi Note 13,298.23,$298.23 ,USD,1.0,5.0,Positive,USA,English,2023-01-29,True,5,5,5,5,4,2,BestBuy
46131,George Burke,35,Samsung,Galaxy S24,1265.81,د.إ4645.52,AED,3.67,4.0,Positive,UAE,English,2024-05-13,False,2,4,5,2,4,6,Flipkart
1793,Amanda Moore,24,Apple,iPhone SE,1023.01,"$1,023.01 ",USD,1.0,1.0,Negative,USA,English,2023-05-21,True,2,1,1,1,1,3,BestBuy
4866,Manthan Kanda,46,OnePlus,OnePlus 12,563.73,₹46789.59,INR,83.0,4.0,Positive,India,Hindi,2023-05-13,False,4,4,3,4,3,5,Amazon
27416,Laurie Sanchez,26,OnePlus,OnePlus 11R,504.74,C$696.54,CAD,1.38,4.0,Positive,Canada,English,2025-08-19,True,3,5,3,4,3,2,BestBuy
17915,Regina Ryan,22,Motorola,Edge 50,274.74,,CAD,1.38,3.0,Positive,Canada,English,2025-03-17,True,2,2,3,1,4,4,BestBuy
37333,Adam Horn,32,OnePlus,OnePlus 11R,673.17,A$1029.95,AUD,1.53,2.0,Neutral,Australia,English,2024-02-08,True,1,1,2,2,2,1,BestBuy
7593,Ms Cheryl Parkes,26,OnePlus,OnePlus 11R,531.86,,GBP,0.78,2.0,Neutral,UK,English,2023-10-08,True,2,1,2,1,2,4,BestBuy
47135,Aylla Fonseca,30,Motorola,Moto G Power,317.74,R$1811.12,BRL,5.7,5.0,Positive,Brazil,Portuguese,2024-09-23,False,4,4,4,5,4,5,eBay
44991,Francisco Leão,33,Google,Pixel 8,994.1,R$5666.37,BRL,5.7,3.0,Positive,Brazil,Portuguese,2023-06-02,True,4,2,2,2,3,4,Amazon
40269,Tripti Lal,45,Xiaomi,Mi 13 Pro,336.12,₹27897.96,INR,83.0,2.0,Negative,India,Hindi,2024-09-29,False,3,3,4,1,1,1,AliExpress
5170,Daniela Teixeira,18,Google,Pixel 6,693.4,R$3952.38,BRL,5.7,3.0,Positive,Brazil,Portuguese,2024-07-14,False,3,4,5,3,2,3,AliExpress
35152,Eduarda Melo,18,Google,Pixel 7a,536.35,R$3057.2,BRL,5.7,2.0,Negative,Brazil,Portuguese,2023-03-07,True,3,1,1,1,1,1,eBay
46636,Dra. Mariane Novais,35,Xiaomi,Redmi Note 13,561.88,R$3202.72,BRL,5.7,4.0,Positive,Brazil,Portuguese,2024-03-22,False,4,3,5,1,3,9,
32958,Donald Carter,29,Samsung,Galaxy Note 20,452.49,£352.94,GBP,0.78,4.0,Positive,UK,English,2023-03-09,True,4,5,4,3,4,6,Amazon
40262,Théo Costa,38,OnePlus,OnePlus Nord 3,350.15,R$1995.86,BRL,5.7,5.0,Positive,Brazil,Portuguese,2023-03-26,True,4,5,5,4,5,4,Flipkart
11808,Stephany da Rocha,29,Motorola,Edge 50,200.45,R$1142.57,BRL,5.7,4.0,Positive,Brazil,Portuguese,2024-07-10,True,3,4,3,3,4,4,Amazon
42049,Dr Bernard Evans,32,Samsung,Galaxy Z Flip,1304.39,£1017.42,GBP,0.78,2.0,Neutral,UK,English,2023-06-19,True,1,1,1,2,3,3,AliExpress
2711,Steven Johnston,33,Xiaomi,Mi 13 Pro,597.12,C$824.03,CAD,1.38,4.0,Neutral,Canada,English,2023-10-27,True,5,4,5,5,4,3,Flipkart
12884,Michael Carter,28,OnePlus,OnePlus 11R,633.38,د.إ2324.5,AED,3.67,3.0,Positive,UAE,English,2024-05-29,True,2,3,1,4,5,5,Flipkart
46276,Carl Fowler,23,Realme,Realme 12 Pro,432.28,£337.18,GBP,0.78,4.0,Positive,UK,English,2025-07-22,True,3,4,4,3,3,6,BestBuy
44109,Jessica White,28,Motorola,Edge 50,309.04,د.إ1134.18,AED,3.67,3.0,Positive,UAE,English,2024-03-25,True,3,3,2,3,1,4,AliExpress
5228,Suzanne Davidson,36,Google,Pixel 7a,977.18,£762.2,GBP,0.78,4.0,Positive,UK,English,2024-10-03,True,4,4,2,2,4,7,eBay
34402,Allana Cavalcanti,36,Xiaomi,Redmi Note 13,443.09,R$2525.61,BRL,5.7,5.0,Positive,Brazil,Portuguese,2023-10-12,True,5,5,5,5,5,6,Amazon
46087,Friedrich Weitzel,39,Realme,Realme Narzo 70,410.7,€381.95,EUR,0.93,5.0,Positive,Germany,German,2024-03-11,True,5,5,4,5,3,3,Amazon
5187,Sophia Richmond,48,Xiaomi,Mi 13 Pro,421.03,C$581.02,CAD,1.38,3.0,Neutral,Canada,English,2024-07-08,True,3,3,2,4,2,1,eBay
13710,Dhriti Brahmbhatt,29,Motorola,Moto G Power,524.6,₹43541.8,INR,83.0,4.0,Neutral,India,Hindi,2025-04-17,True,3,2,2,4,4,4,BestBuy
18173,Angela Woods,18,OnePlus,OnePlus 11R,415.88,C$573.91,CAD,1.38,1.0,Negative,Canada,English,2024-12-05,True,1,1,1,1,1,3,Amazon
39230,Jonathan Freudenberger B.Eng.,30,OnePlus,OnePlus Nord 3,587.62,€546.49,EUR,0.93,3.0,Neutral,Germany,German,2024-08-15,True,2,1,1,1,2,1,Flipkart
2580,Steven White,18,Realme,Realme 12 Pro,518.93,$518.93 ,USD,1.0,3.0,Neutral,USA,English,2023-01-13,True,3,3,2,2,3,1,Amazon
35601,Samantha Diaz,30,OnePlus,OnePlus Nord 3,960.32,د.إ3524.37,AED,3.67,5.0,Positive,UAE,English,2024-03-04,True,4,5,3,3,5,14,Amazon
38533,Trevor Russell,19,Motorola,Moto G Power,460.61,£359.28,GBP,0.78,4.0,Neutral,UK,English,2024-12-28,True,2,3,1,3,3,0,eBay
29485,Evamaria Lehmann,27,Samsung,Galaxy Z Flip,1042.83,€969.83,EUR,0.93,3.134886572654813,Neutral,Germany,German,2024-12-29,True,2,2,2,2,1,1,eBay
25443,Cindy Jackson,38,OnePlus,OnePlus 11R,743.47,$743.47 ,USD,1.0,3.0,Positive,USA,English,2025-04-13,True,4,1,2,3,1,3,Flipkart
46698,Aneta Jungfer,18,Xiaomi,Mi 13 Pro,542.15,€504.2,EUR,0.93,3.098367697594502,Positive,Germany,German,2024-03-14,True,5,3,3,4,2,4,BestBuy
1585,Samuel Dhar,40,Google,Pixel 8,644.48,₹53491.84,INR,83.0,5.0,Positive,India,Hindi,2025-07-11,True,4,5,5,5,5,5,BestBuy
47460,Alison Richards,18,Apple,iPhone 13,1382.84,£1078.62,GBP,0.78,4.0,Positive,UK,English,2025-08-22,False,3,3,5,3,3,2,Flipkart
18330,Caroline Dias,44,Motorola,Edge 50,409.74,R$2335.52,BRL,5.7,3.0,Neutral,Brazil,Portuguese,2025-03-31,True,3,3,2,3,2,0,Amazon
8189,Shawn Randall,34,Samsung,Galaxy S24,1201.08,"$1,201.08 ",USD,1.0,1.0,Negative,USA,English,2023-08-17,True,1,2,1,2,1,1,eBay
8932,Sr. Theodoro Sampaio,24,Google,Pixel 8,732.41,R$4174.74,BRL,5.7,1.0,Negative,Brazil,Portuguese,2023-02-17,True,1,1,3,1,1,2,eBay
33141,Mr Raymond Brown,18,Google,Pixel 7a,737.24,£575.05,GBP,0.78,4.0,Positive,UK,English,2024-12-24,True,5,3,3,2,3,5,Flipkart
21589,Steve Gonzalez DDS,41,Realme,Realme 12 Pro,404.05,$404.05 ,USD,1.0,3.0,Neutral,USA,English,2023-01-12,True,3,3,1,4,2,5,Flipkart
30814,Gael Henrique da Conceição,32,Google,Pixel 8,861.74,R$4911.92,BRL,5.7,4.0,Positive,Brazil,Portuguese,2025-03-06,True,1,2,4,2,5,2,eBay
45261,Kayla Carey,20,Google,Pixel 7a,965.13,A$1476.65,AUD,1.53,2.0,Negative,Australia,English,2024-12-30,True,2,4,1,1,2,1,Flipkart
4868,Cauã da Cruz,18,Xiaomi,Redmi Note 13,248.19,R$1414.68,BRL,5.7,4.0,Positive,Brazil,Portuguese,2024-05-23,True,3,5,4,5,4,1,eBay
9101,Reyansh Cherian,33,Realme,Realme 12 Pro,533.46,₹44277.18,INR,83.0,5.0,Positive,India,Hindi,2025-02-05,True,5,5,5,5,5,7,eBay
21007,Vanessa Kohl B.Sc.,20,Google,Pixel 6,719.76,€669.38,EUR,0.93,4.0,Positive,Germany,German,2023-02-15,False,5,4,5,4,2,4,Amazon
42996,Jessica Mcintosh,27,Xiaomi,Mi 13 Pro,211.42,C$291.76,CAD,1.38,2.0,Negative,Canada,English,2024-05-12,True,2,3,2,3,2,2,AliExpress
28564,Richard Dunn,41,Motorola,Razr 40,618.77,د.إ2270.89,AED,3.67,4.0,Neutral,UAE,English,2025-02-11,False,4,4,4,3,5,1,eBay
41966,Zachary Dickerson,36,Realme,Realme 12 Pro,441.23,A$675.08,AUD,1.53,1.0,Neutral,Australia,English,2025-10-01,True,1,1,1,1,1,1,Amazon
21029,Victor Clarke,25,Apple,iPhone 15 Pro,870.12,د.إ3193.34,AED,3.67,5.0,Positive,UAE,English,2024-10-21,True,4,5,5,5,5,4,AliExpress
21398,Babette Scheibe,48,OnePlus,OnePlus 12,414.86,€385.82,EUR,0.93,1.0,Negative,Germany,German,2024-09-27,True,2,2,1,1,1,3,Flipkart
30759,Rudi Schweitzer,23,Realme,Realme 12 Pro,417.95,€388.69,EUR,0.93,2.0,Negative,Germany,German,2024-05-31,True,1,1,1,2,1,3,AliExpress
26870,Julie Carroll,40,Google,Pixel 7a,807.11,$807.11 ,USD,1.0,4.0,Neutral,USA,English,2023-02-07,False,4,5,5,4,4,1,Flipkart
1705,Valentina Nascimento,29,Realme,Realme 12 Pro,396.41,R$1885.45,BRL,5.7,5.0,Positive,Brazil,Portuguese,2025-02-24,True,4,4,5,5,5,5,Amazon
41474,Liam Lloyd-Edwards,30,OnePlus,OnePlus Nord 3,412.63,£321.85,GBP,0.78,2.0,Negative,UK,English,2024-04-15,True,1,3,1,1,1,3,Amazon
49579,Mrs Holly Lee,28,Samsung,Galaxy Note 20,806.24,£628.87,GBP,0.78,4.0,Neutral,UK,English,2022-10-22,False,5,3,2,4,3,0,Flipkart
47743,Katie Woods,23,Apple,iPhone 13,1113.53,£868.55,GBP,0.78,4.0,Positive,UK,English,2023-02-25,True,3,3,2,4,4,5,eBay
11569,Sra. Nicole Garcia,26,Apple,iPhone 15 Pro,820.44,R$4676.51,BRL,5.7,2.0,Negative,Brazil,Portuguese,2023-07-13,True,3,2,1,3,3,2,AliExpress
31449,Marcelo Viana,28,OnePlus,OnePlus Nord 3,863.0,R$4919.1,BRL,5.7,4.0,Positive,Brazil,Portuguese,2023-10-01,True,2,2,4,4,5,6,Flipkart
30879,Dr Beverley Reeves,23,Realme,Realme 12 Pro,577.2,£450.22,GBP,0.78,3.0,Positive,UK,English,2023-01-18,False,3,1,3,2,2,2,eBay
34155,Lisa Clark,33,Motorola,Razr 40,231.0,C$318.78,CAD,1.38,1.0,Negative,Canada,English,2025-09-22,True,1,1,1,2,1,4,Amazon
8408,George Prasad,31,Realme,Realme 12 Pro,432.18,₹35870.94,INR,83.0,2.0,Negative,India,Hindi,2025-03-08,True,2,1,1,1,2,2,BestBuy
45877,Elizabeth Lowe,26,Apple,iPhone 14,1094.51,,AED,3.67,3.0,Neutral,UAE,English,2023-02-07,True,4,3,2,1,3,1,Amazon
10017,Dra. Maria Alice Sousa,25,Apple,iPhone SE,1223.95,R$6976.52,BRL,5.7,2.0,Negative,Brazil,Portuguese,2025-01-13,True,1,1,2,1,2,4,Amazon
11045,Jerzy Barth,42,Realme,Realme Narzo 70,200.67,€186.62,EUR,0.93,4.0,Positive,Germany,German,2024-05-01,True,4,5,5,4,3,3,AliExpress
28438,Ryan Raman,21,Xiaomi,Poco X6,476.29,₹39532.07,INR,83.0,2.0,Neutral,India,Hindi,2024-09-11,True,1,1,3,1,1,1,BestBuy
27225,Ágatha Almeida,42,Google,Pixel 8,590.79,R$3367.5,BRL,5.7,4.0,Positive,Brazil,Portuguese,2022-11-23,True,4,3,4,4,4,4,Amazon
25454,Nisha Lall,18,Xiaomi,Poco X6,695.23,₹57704.09,INR,83.0,4.0,Positive,India,Hindi,2024-03-16,False,4,3,2,4,5,8,AliExpress
4422,Sean Lane,35,Realme,Realme 12 Pro,220.93,A$338.02,AUD,1.53,3.0,Neutral,Australia,English,2024-12-03,True,1,4,2,2,4,1,Flipkart
1277,Cheryl Vega,36,OnePlus,OnePlus Nord 3,840.23,د.إ3083.64,AED,3.67,5.0,Positive,UAE,English,2025-02-24,True,5,4,4,5,5,5,eBay
27244,Kimberley Cole,20,OnePlus,OnePlus 12,951.09,£741.85,GBP,0.78,4.0,Positive,UK,English,2024-06-29,False,3,3,4,4,3,9,eBay
331,Luan Campos,26,Apple,iPhone 14,1253.38,R$7144.27,BRL,5.7,2.0,Neutral,Brazil,Portuguese,2022-11-03,True,1,2,2,2,2,4,
20295,Lisa Malone,29,OnePlus,OnePlus 11R,645.0,,AUD,1.53,3.0,Positive,Australia,English,2024-10-24,False,4,4,2,4,2,4,
2433,Lawrence Jordan,28,Google,Pixel 6,1094.59,C$1510.53,CAD,1.38,4.0,Positive,Canada,English,2023-11-17,True,3,5,4,5,5,2,Flipkart
6348,Jacob Deep,33,Samsung,Galaxy S24,888.435,₹50926.31,INR,83.0,1.0,Negative,India,Hindi,2023-04-30,True,1,1,1,1,2,2,BestBuy
31810,Srta. Agatha Cunha,45,Realme,Realme Narzo 70,255.99,R$1459.14,BRL,5.7,3.0,Positive,Brazil,Portuguese,2024-11-16,True,3,2,2,3,4,9,Flipkart
23469,John Williams,24,Google,Pixel 7a,893.99,A$1367.8,AUD,1.53,3.0,Positive,Australia,English,2024-11-10,False,1,2,2,1,3,5,Flipkart
17392,Davi Dias,44,Motorola,Razr 40,263.99,R$1504.74,BRL,5.7,2.0,Positive,Brazil,Portuguese,2024-11-24,False,2,1,1,1,3,4,
36045,Veda Patla,34,OnePlus,OnePlus 12,873.24,₹72478.92,INR,83.0,4.0,Positive,India,Hindi,2024-09-29,True,3,3,4,5,4,13,
39581,Joseph Kelley,27,Apple,iPhone SE,1064.97,د.إ3908.44,AED,3.67,4.0,Positive,UAE,English,2024-05-14,True,4,4,3,3,4,5,Amazon
20256,Heinz-Josef Patberg,40,Motorola,Edge 50,386.31,€359.27,EUR,0.93,5.0,Positive,Germany,German,2025-04-20,False,5,3,5,4,5,6,BestBuy
26720,Gavin Thomas,19,Samsung,Galaxy Note 20,935.19,£729.45,GBP,0.78,2.0,Negative,UK,English,2023-12-24,True,1,2,4,4,1,2,Amazon
9726,Harry Holloway,29,Realme,Realme Narzo 70,205.5,£160.29,GBP,0.78,2.0,Neutral,UK,English,2025-04-14,True,2,1,2,2,2,6,AliExpress
42726,Marie Howard,30,Realme,Realme 12 Pro,366.72,$366.72 ,USD,1.0,5.0,Positive,USA,English,2022-10-28,False,4,3,4,4,5,6,Flipkart
14846,Raksha Luthra,42,Xiaomi,Poco X6,239.72,₹19896.76,INR,83.0,2.0,Neutral,India,Hindi,2023-10-02,True,2,2,1,3,1,0,eBay
4884,Mr Alex Barnes,29,Samsung,Galaxy S24,888.435,£340.92,GBP,0.78,4.0,Neutral,UK,English,2024-06-25,True,4,4,5,4,4,3,Flipkart
40466,Samuel da Cunha,26,Xiaomi,Poco X6,560.54,R$3195.08,BRL,5.7,4.0,Positive,Brazil,Portuguese,2025-10-15,True,3,3,2,5,3,6,BestBuy
41337,Danielle Farmer,28,Samsung,Galaxy Note 20,663.22,A$1014.73,AUD,1.53,3.0,Neutral,Australia,English,2023-04-26,True,2,1,3,3,4,3,AliExpress
9799,Christina Banks,23,Realme,Realme 12 Pro,510.41,د.إ1873.2,AED,3.67,2.0,Neutral,UAE,English,2025-08-19,True,1,2,2,1,1,1,eBay
16430,Matthew Campbell,25,Samsung,Galaxy Note 20,1014.89,A$1552.78,AUD,1.53,4.0,Positive,Australia,English,2024-10-06,False,3,5,3,3,2,2,eBay
4265,Jessica George,23,OnePlus,OnePlus 12,545.16,C$752.32,CAD,1.38,4.0,Positive,Canada,English,2024-06-19,True,4,4,3,4,3,9,BestBuy
28502,Mary Jones,23,Apple,iPhone 15 Pro,1142.7,A$1748.33,AUD,1.53,2.0,Neutral,Australia,English,2023-11-14,False,1,2,1,1,2,0,Flipkart
48837,Henry Moore-Davies,23,Motorola,Moto G Power,473.94,£369.67,GBP,0.78,1.0,Negative,UK,English,2023-06-11,True,1,1,3,1,1,2,Flipkart
19786,Matthew Yang,50,Apple,iPhone 14,843.72,C$1164.33,CAD,1.38,2.0,Positive,Canada,English,2023-05-29,True,2,1,1,2,1,5,eBay
15632,Pamela Hahn,22,Apple,iPhone 15 Pro,1102.27,C$1721.55,CAD,1.38,2.0,Negative,Canada,English,2023-05-29,True,2,1,1,4,2,2,Amazon
11902,Hans-Albert Schweitzer,27,Google,Pixel 7a,641.03,€596.16,EUR,0.93,3.0,Neutral,Germany,German,2025-07-15,True,1,1,4,3,2,0,AliExpress
16113,Raul Fonseca,45,Google,Pixel 7a,772.77,R$4404.79,BRL,5.7,3.0,Positive,Brazil,Portuguese,2024-05-07,True,3,1,1,2,2,6,Flipkart
3716,Dr. Diogo Rocha,44,Apple,iPhone 14,1068.94,R$6092.96,BRL,5.7,1.0,Negative,Brazil,Portuguese,2024-11-28,False,1,1,1,1,1,0,AliExpress
43726,Ms Tina Lee,26,Samsung,Galaxy S24,597.43,£466.0,GBP,0.78,4.0,Positive,UK,English,2023-01-17,True,3,5,3,5,5,8,Amazon
1181,Luiz Henrique Cassiano,31,Realme,Realme 12 Pro,337.08,R$1921.36,BRL,5.7,1.0,Negative,Brazil,Portuguese,2023-04-05,True,1,1,2,1,1,3,AliExpress
6068,Ing. Jolanta Geisel MBA.,30,Apple,iPhone 15 Pro,1113.43,€1035.49,EUR,0.93,1.0,Positive,Germany,German,2024-09-25,True,1,1,1,1,1,5,
36254,Franz-Peter Bähr,36,Google,Pixel 8,863.39,€802.95,EUR,0.93,3.0,Positive,Germany,German,2023-06-16,True,1,3,3,2,3,6,Amazon
41884,Manja Schuchhardt,29,Apple,iPhone SE,1253.06,€1165.35,EUR,0.93,2.0,Negative,Germany,German,2024-10-01,True,1,2,3,3,1,1,AliExpress
950,Vedant Kapur,38,OnePlus,OnePlus Nord 3,439.19,₹36452.77,INR,83.0,4.0,Positive,India,Hindi,2023-05-13,True,4,4,1,4,2,5,AliExpress
36503,Jolanda Kambs,25,Xiaomi,Redmi Note 13,637.65,€593.01,EUR,0.93,3.0,Positive,Germany,German,2024-06-26,True,3,2,1,2,1,3,BestBuy
8201,Sra. Ana Lívia Barbosa,29,OnePlus,OnePlus Nord 3,677.65,R$3862.61,BRL,5.7,1.0,Negative,Brazil,Portuguese,2024-07-26,False,1,2,1,1,1,1,AliExpress
49181,Matthew Curry,20,Samsung,Galaxy S24,558.44,C$770.65,CAD,1.38,3.0,Positive,Canada,English,2024-03-08,True,1,1,4,1,2,4,Flipkart
48905,Valerie Hawkins,49,Samsung,Galaxy A55,1328.73,,CAD,1.38,5.0,Positive,Canada,English,2023-09-02,False,5,3,4,3,4,3,Amazon
48862,Gerd Döhn-Kitzmann,18,Apple,iPhone 13,934.66,€869.23,EUR,0.93,2.0,Negative,Germany,German,2025-01-08,True,3,1,1,1,3,2,Flipkart
42700,Betty Hamilton,30,Motorola,Edge 50,262.86,C$362.75,CAD,1.38,3.0,Neutral,Canada,English,2024-02-10,False,2,1,2,1,3,1,AliExpress
44391,Ms. Frances Perez,43,OnePlus,OnePlus 11R,623.03,C$859.78,CAD,1.38,4.0,Positive,Canada,English,2023-04-12,False,4,2,3,3,3,3,eBay
12147,Todd Bright,18,Apple,iPhone 14,1460.74,"$1,460.74 ",USD,1.0,2.0,Negative,USA,English,2023-08-03,False,1,1,3,1,2,2,eBay
29209,Ing. Yilmaz Kaul MBA.,37,Realme,Realme Narzo 70,370.3,€344.38,EUR,0.93,5.0,Positive,Germany,German,2025-10-06,True,3,4,4,5,5,8,AliExpress
37982,Robert Mueller,23,Xiaomi,Mi 13 Pro,595.94,$595.94 ,USD,1.0,1.0,Negative,USA,English,2024-09-17,True,1,1,1,1,1,2,Amazon
20970,Evelyn Machado,37,Google,Pixel 8,1084.5,R$6181.65,BRL,5.7,5.0,Positive,Brazil,Portuguese,2023-07-14,True,5,4,5,5,4,7,BestBuy
7991,Bruce Holt,29,Realme,Realme Narzo 70,530.48,$530.48 ,USD,1.0,1.0,Negative,USA,English,2023-01-18,True,1,1,1,1,1,4,BestBuy
4673,Arthur Lewis,24,Realme,Realme 12 Pro,324.28,£252.94,GBP,0.78,2.0,Neutral,UK,English,2023-06-19,True,1,1,3,1,2,1,AliExpress
4460,Conrad Wieloch,27,Motorola,Moto G Power,572.21,€532.16,EUR,0.93,3.128399465002229,Positive,Germany,German,2024-01-03,True,4,3,2,3,4,10,BestBuy
25594,Morgan Mcdaniel,35,Xiaomi,Redmi Note 13,229.0,د.إ840.43,AED,3.67,1.0,Negative,UAE,English,2025-10-04,False,1,3,1,1,1,1,Flipkart
11114,Arin Mani,41,Xiaomi,Poco X6,211.92,₹17589.36,INR,83.0,5.0,Positive,India,Hindi,2023-02-23,True,5,3,4,4,5,3,AliExpress
34681,Frau Aenne Schwital,18,Apple,iPhone 13,1446.83,€1345.55,EUR,0.93,5.0,Positive,Germany,German,2024-10-05,True,4,5,5,5,5,3,AliExpress
15869,Dom Cardoso,35,Google,Pixel 6,700.88,,BRL,5.7,3.1190370040124837,Positive,Brazil,Portuguese,2023-01-11,True,1,2,3,2,1,6,eBay
31414,Matthew Roberts,30,Motorola,Edge 50,550.67,C$759.92,CAD,1.38,1.0,Negative,Canada,English,2023-12-07,False,1,1,1,1,1,2,BestBuy
13621,Songül Birnbaum-Römer,40,Realme,Realme 12 Pro,232.28,€216.02,EUR,0.93,1.0,Negative,Germany,German,2023-08-12,True,1,1,1,1,1,1,Flipkart
4156,Jennifer Moore,43,Google,Pixel 7a,961.93,A$1471.75,AUD,1.53,2.0,Negative,Australia,English,2023-11-03,True,1,2,2,1,2,1,Amazon
27885,Teresa Jones DVM,40,Realme,Realme 12 Pro,321.98,,CAD,1.38,4.0,Positive,Canada,English,2022-10-29,True,2,2,5,3,3,7,AliExpress
16930,Sheila Green,42,Realme,Realme 12 Pro,411.1,$411.10 ,USD,1.0,4.0,Positive,USA,English,2023-03-28,True,4,4,3,3,5,5,BestBuy
26670,Jon Marsh,18,Samsung,Galaxy Note 20,1311.77,C$1810.24,CAD,1.38,5.0,Positive,Canada,English,2025-08-22,True,5,5,5,4,5,4,BestBuy
46227,Dr Ricky Newton,18,Google,Pixel 8,901.64,£703.28,GBP,0.78,4.0,Positive,UK,English,2023-09-01,True,3,5,4,3,2,4,Amazon
29243,John Rodriguez,18,OnePlus,OnePlus 12,430.8,C$594.5,CAD,1.38,4.0,Positive,Canada,English,2023-11-16,True,4,4,3,2,4,4,BestBuy
27540,Derrick Levy,41,Samsung,Galaxy Note 20,1230.28,C$1697.79,CAD,1.38,4.0,Positive,Canada,English,2024-05-06,True,2,4,5,5,3,5,Flipkart
25150,Bruna da Paz,30,Apple,iPhone 15 Pro,1018.75,R$5806.88,BRL,5.7,3.0,Neutral,Brazil,Portuguese,2023-07-20,True,2,2,3,2,3,3,eBay
20795,Vanessa Andrews,37,Motorola,Moto G Power,554.0,£432.12,GBP,0.78,1.0,Negative,UK,English,2024-10-07,True,1,1,1,1,1,1,
18685,Dr. Kamil Reichmann,26,Samsung,Galaxy S24,461.73,€429.41,EUR,0.93,1.0,Negative,Germany,German,2023-03-08,True,1,1,1,1,1,0,BestBuy
44362,Nathaniel Ross,24,Samsung,Galaxy A55,945.02,A$1445.88,AUD,1.53,3.0,Positive,Australia,English,2024-07-01,True,2,2,3,2,2,6,
13327,Michael Jacobson,42,Xiaomi,Poco X6,496.17,A$759.14,AUD,1.53,3.1261384335154827,Positive,Australia,English,2025-08-03,False,3,3,3,3,5,8,
34830,Claudia Simpson,23,Realme,Realme Narzo 70,242.4,د.إ889.61,AED,3.67,2.0,Neutral,UAE,English,2024-02-13,False,1,2,2,4,1,3,AliExpress
29953,Leslie Conley,36,Realme,Realme Narzo 70,239.82,$239.82 ,USD,1.0,1.0,Negative,USA,English,2022-10-24,True,1,1,2,1,1,5,Flipkart
22772,Debra Romero,30,Xiaomi,Mi 13 Pro,588.24,C$811.77,CAD,1.38,1.0,Negative,Canada,English,2023-11-19,True,2,1,1,1,1,0,eBay
16948,Christopher Ramaswamy,33,OnePlus,OnePlus Nord 3,515.92,₹42821.36,INR,83.0,3.0,Positive,India,Hindi,2023-04-09,True,1,3,1,2,1,6,Amazon
7709,José Vargas,28,Samsung,Galaxy Z Flip,1327.02,R$7564.01,BRL,5.7,3.134886572654813,Neutral,Brazil,Portuguese,2025-06-16,True,1,3,4,1,3,1,Amazon
21156,Andrew Williams,36,Motorola,Moto G Power,682.97,$682.97 ,USD,1.0,5.0,Positive,USA,English,2025-01-18,True,5,5,4,5,5,3,BestBuy
2361,Dipl.-Ing. Alina Schleich,35,Xiaomi,Mi 13 Pro,378.06,€351.6,EUR,0.93,4.0,Positive,Germany,German,2023-11-10,True,3,3,3,4,3,4,eBay
49376,Miss Alice Carroll,42,Google,Pixel 7a,655.72,£511.46,GBP,0.78,4.0,Positive,UK,English,2024-11-26,False,3,5,4,3,4,3,eBay
33642,Salih Adolph,25,Google,Pixel 8,1004.88,€934.54,EUR,0.93,3.129131776112825,Negative,Germany,German,2024-05-17,True,1,1,1,1,1,4,Flipkart
34695,Steven Raymond,19,Samsung,Galaxy Note 20,520.55,د.إ1910.42,AED,3.67,4.0,Positive,UAE,English,2023-03-25,False,2,5,4,4,3,4,AliExpress
49724,Isaac Johnson,33,Google,Pixel 6,675.48,A$1033.48,AUD,1.53,4.0,Positive,Australia,English,2025-07-18,True,4,3,3,2,5,3,Amazon
36526,Jerry Patel,19,Apple,iPhone 15 Pro,1386.16,د.إ5087.21,AED,3.67,1.0,Negative,UAE,English,2025-09-08,True,1,1,1,1,1,2,Amazon
12007,Andrew Melton,33,Google,Pixel 6,1023.6,"$1,023.60 ",USD,1.0,3.0,Neutral,USA,English,2024-08-05,True,3,1,3,3,1,2,AliExpress
31490,Molly Reeves-Howard,18,Xiaomi,Poco X6,607.39,£473.76,GBP,0.78,3.0,Neutral,UK,English,2024-01-22,True,2,4,3,1,1,6,AliExpress
39708,Rael Nogueira,35,Apple,iPhone 14,735.48,R$4192.24,BRL,5.7,3.0,Neutral,Brazil,Portuguese,2023-05-20,True,1,2,2,1,2,2,AliExpress
17009,Andrew Daniel,41,Google,Pixel 8,638.69,A$977.2,AUD,1.53,4.0,Positive,Australia,English,2023-01-23,False,4,5,3,4,4,7,eBay
26176,Ekantika Sinha,18,Samsung,Galaxy A55,1234.52,₹102465.16,INR,83.0,4.0,Positive,India,Hindi,2024-09-13,True,3,4,5,3,4,4,eBay
30834,Katherine Ward,30,Xiaomi,Poco X6,438.19,,AED,3.67,4.0,Positive,UAE,English,2024-09-07,True,5,5,3,4,3,3,Flipkart
21445,Madhav Mohan,36,Xiaomi,Poco X6,374.07,₹31047.81,INR,83.0,4.0,Positive,India,Hindi,2023-06-29,True,5,3,4,4,3,2,AliExpress
43180,Hans-Herbert Austermühle,28,Xiaomi,Poco X6,516.61,€480.45,EUR,0.93,3.1261384335154827,Positive,Germany,German,2024-01-15,True,2,3,4,4,2,1,AliExpress
29988,Ute Loos,47,Apple,iPhone 14,1457.97,€1355.91,EUR,0.93,3.0,Positive,Germany,German,2022-11-21,False,2,1,3,3,4,6,Amazon
30722,Dr. Theodoro Silva,33,Xiaomi,Poco X6,275.53,R$1570.52,BRL,5.7,1.0,Negative,Brazil,Portuguese,2024-10-22,False,1,3,2,1,1,3,BestBuy
24788,Cody Torres,42,Apple,iPhone 13,962.78,د.إ3533.4,AED,3.67,5.0,Positive,UAE,English,2025-08-12,True,4,3,5,5,5,8,Flipkart
44492,Brittany Shelton,21,Samsung,Galaxy Z Flip,978.25,$978.25 ,USD,1.0,2.0,Negative,USA,English,2024-04-11,False,1,3,2,1,2,1,Flipkart
44779,Noah Steele,30,Realme,Realme Narzo 70,408.13,C$563.22,CAD,1.38,3.0,Neutral,Canada,English,2023-12-24,False,2,2,3,2,4,2,eBay
32430,Sybille Graf,18,Apple,iPhone SE,1301.34,€1210.25,EUR,0.93,4.0,Positive,Germany,German,2024-04-17,False,4,4,3,5,3,5,eBay
10990,Leslie Hernandez,18,Realme,Realme 12 Pro,514.88,C$710.53,CAD,1.38,4.0,Positive,Canada,English,2024-05-06,False,3,5,4,3,3,7,Flipkart
22848,Cindy Cameron MD,34,Motorola,Edge 50,456.56,A$698.54,AUD,1.53,4.0,Positive,Australia,English,2025-06-29,False,2,4,5,3,5,4,BestBuy
6677,Joseph Day,41,OnePlus,OnePlus 12,426.65,,AED,3.67,2.0,Negative,UAE,English,2024-12-25,True,2,2,1,1,3,3,eBay
14529,Otmar Tröst-Krause,26,Google,Pixel 8,777.94,€723.48,EUR,0.93,4.0,Positive,Germany,German,2024-03-10,False,5,5,3,2,3,6,BestBuy
15810,Edward Thomas,23,Motorola,Edge 50,732.53,C$1010.89,CAD,1.38,3.0,Positive,Canada,English,2024-10-14,False,3,3,3,3,3,6,eBay
3503,Bianca Camargo,41,Realme,Realme 12 Pro,437.67,R$2494.72,BRL,5.7,5.0,Positive,Brazil,Portuguese,2023-10-12,True,4,4,5,5,4,5,Flipkart
11949,Bachittar Chaudhry,18,Realme,Realme Narzo 70,421.34,₹34971.22,INR,83.0,3.0,Positive,India,Hindi,2024-01-20,True,5,2,1,1,4,7,Flipkart
11210,Calebe Ribeiro,26,Realme,Realme 12 Pro,396.41,R$2438.23,BRL,5.7,2.0,Positive,Brazil,Portuguese,2024-12-23,False,1,2,1,2,1,2,Amazon
4109,Edward Barton,29,Apple,iPhone 14,1390.14,A$2126.91,AUD,1.53,3.0,Neutral,Australia,English,2024-10-13,True,3,3,1,3,1,2,eBay
5036,Shelly Mcmahon,37,Realme,Realme Narzo 70,587.9,د.إ2157.59,AED,3.67,2.0,Positive,UAE,English,2024-01-18,False,1,2,1,2,1,4,BestBuy
43563,Damian Stanley-Wright,18,Motorola,Edge 50,507.13,£395.56,GBP,0.78,4.0,Positive,UK,English,2022-12-13,True,3,4,3,3,3,4,
18273,Sarah Chandler,35,Samsung,Galaxy Z Flip,929.64,C$1282.9,CAD,1.38,5.0,Positive,Canada,English,2023-11-30,True,3,4,5,3,5,7,Amazon
47263,Allison Jones,18,OnePlus,OnePlus 11R,539.96,C$745.14,CAD,1.38,5.0,Positive,Canada,English,2022-11-23,False,5,5,5,4,3,5,Amazon
2523,Marvin Munoz,21,Xiaomi,Redmi Note 13,609.56,د.إ2237.09,AED,3.67,5.0,Positive,UAE,English,2023-07-18,True,5,5,3,5,5,5,AliExpress
23167,Nancy Jackson,31,Google,Pixel 7a,681.23,A$1042.28,AUD,1.53,4.0,Positive,Australia,English,2023-04-01,True,4,3,3,4,4,5,Flipkart
24677,Caroline Barbosa,33,Motorola,Razr 40,216.46,R$1233.82,BRL,5.7,4.0,Positive,Brazil,Portuguese,2024-06-26,True,3,3,2,4,4,10,eBay
38154,Marlies Mülichen,30,OnePlus,OnePlus Nord 3,391.77,€364.35,EUR,0.93,4.0,Positive,Germany,German,2024-09-02,True,3,2,3,5,5,11,Amazon
7169,Tina Ortiz,39,Motorola,Razr 40,284.11,$284.11 ,USD,1.0,1.0,Neutral,USA,English,2023-09-21,True,1,1,1,1,1,3,BestBuy
12366,Cheryl Stephenson,25,Samsung,Galaxy Z Flip,1324.62,"$1,324.62 ",USD,1.0,3.0,Positive,USA,English,2023-08-26,True,1,3,4,5,4,6,eBay
21083,Erin Evans,25,Apple,iPhone 15 Pro,1215.98,A$1860.45,AUD,1.53,1.0,Negative,Australia,English,2024-04-11,True,1,1,2,1,1,2,AliExpress
43742,Miss Debra Hall,38,Xiaomi,Redmi Note 13,419.65,£327.33,GBP,0.78,3.1197273114614403,Negative,UK,English,2025-01-19,True,1,1,3,3,1,5,AliExpress
39136,Joseph Murphy,46,Apple,iPhone 13,1127.22,"$1,127.22 ",USD,1.0,3.0,Neutral,USA,English,2023-01-21,True,3,3,3,4,2,0,AliExpress
33583,Charles Norman-Clarke,40,Realme,Realme Narzo 70,598.91,£467.15,GBP,0.78,5.0,Positive,UK,English,2023-07-27,True,3,4,3,5,5,5,Amazon
31703,Mrs Pauline Vaughan,21,Google,Pixel 6,703.04,£548.37,GBP,0.78,2.0,Neutral,UK,English,2025-04-05,False,5,1,3,3,1,1,AliExpress
38238,Sandra Russell,20,Xiaomi,Mi 13 Pro,628.88,$628.88 ,USD,1.0,1.0,Neutral,USA,English,2023-10-18,False,1,1,1,1,1,1,eBay
22359,Sai Dewan,54,Samsung,Galaxy Note 20,523.67,₹43464.61,INR,83.0,3.0,Positive,India,Hindi,2024-06-20,False,1,3,2,1,2,4,eBay
48247,Anay Sawhney,25,Apple,iPhone 15 Pro,1361.25,₹112983.75,INR,83.0,1.0,Negative,India,Hindi,2025-08-13,True,2,1,1,1,1,0,eBay
5930,Ana Sophia Pastor,46,Samsung,Galaxy A55,989.11,R$5637.93,BRL,5.7,4.0,Positive,Brazil,Portuguese,2023-08-26,True,4,4,3,5,4,7,eBay
38283,Kyle Butler,42,Google,Pixel 6,839.12,$839.12 ,USD,1.0,2.0,Neutral,USA,English,2024-06-08,True,2,1,2,3,1,2,AliExpress
40524,George Evans,30,OnePlus,OnePlus Nord 3,683.24,$683.24 ,USD,1.0,2.0,Negative,USA,English,2025-03-04,True,1,1,1,1,2,2,BestBuy
14750,Amy Santos,35,Realme,Realme 12 Pro,396.41,,AUD,1.53,5.0,Positive,Australia,English,2024-01-21,True,4,5,4,5,5,9,eBay
11035,Yashvi Gala,48,Google,Pixel 7a,692.41,₹57470.03,INR,83.0,4.0,Positive,India,Hindi,2024-12-08,True,4,4,3,4,4,2,AliExpress
25201,Margaret Taylor,24,Xiaomi,Poco X6,244.01,د.إ895.52,AED,3.67,2.0,Negative,UAE,English,2024-06-19,True,1,2,2,2,3,2,
29459,Caleb West,38,Realme,Realme Narzo 70,374.37,,CAD,1.38,4.0,Positive,Canada,English,2023-02-22,True,2,2,3,3,4,5,eBay
1176,Joanne Matthews-Morris,18,Google,Pixel 7a,630.81,£492.03,GBP,0.78,3.126014523707817,Negative,UK,English,2024-04-05,False,1,1,2,1,1,2,AliExpress
38938,Maria Tanner,46,Samsung,Galaxy S24,1326.66,"$1,326.66 ",USD,1.0,4.0,Positive,USA,English,2025-05-21,False,5,5,4,2,3,4,eBay
48126,Jennifer Smith,30,Realme,Realme Narzo 70,271.83,A$415.9,AUD,1.53,3.1264233576642337,Neutral,Australia,English,2023-10-26,True,3,2,3,3,3,3,eBay
47643,Luisa Mälzer,32,Motorola,Edge 50,299.02,€278.09,EUR,0.93,3.0,Positive,Germany,German,2022-12-05,True,2,3,3,3,2,6,Amazon
6050,Benjamin Garza Jr.,41,Google,Pixel 7a,809.44,"$1,076.52 ",USD,1.0,5.0,Positive,USA,English,2025-05-23,True,4,5,5,5,4,5,BestBuy
35665,Dr. Sofie Werner,19,Realme,Realme Narzo 70,267.68,€248.94,EUR,0.93,1.0,Negative,Germany,German,2025-05-12,True,2,1,1,1,1,1,Amazon
38145,Felipe Fonseca,26,OnePlus,OnePlus Nord 3,888.02,R$5061.71,BRL,5.7,3.1430457746478875,Neutral,Brazil,Portuguese,2025-04-20,True,3,2,2,2,3,2,eBay
33826,Luana Machado,40,Google,Pixel 6,777.71,R$4432.95,BRL,5.7,3.0,Neutral,Brazil,Portuguese,2024-01-19,False,3,3,2,2,3,1,BestBuy
25387,Michael Oconnor,20,Google,Pixel 7a,977.34,C$1348.73,CAD,1.38,4.0,Positive,Canada,English,2023-12-29,True,4,4,4,4,5,3,Amazon
41042,Ravi Lucca Cunha,22,Apple,iPhone SE,937.7,R$5344.89,BRL,5.7,4.0,Neutral,Brazil,Portuguese,2024-11-16,True,5,4,3,4,4,2,Flipkart
24933,Charles Nadig,30,Realme,Realme Narzo 70,250.74,₹20811.42,INR,83.0,1.0,Negative,India,Hindi,2025-07-15,False,1,1,1,1,1,5,BestBuy
9764,Michael Wilson,27,Samsung,Galaxy Note 20,543.09,A$830.93,AUD,1.53,3.0,Neutral,Australia,English,2023-02-10,True,1,1,4,1,3,3,Amazon
36882,Gunter Haase-Adler,26,OnePlus,OnePlus 11R,517.6,€481.37,EUR,0.93,4.0,Positive,Germany,German,2023-05-30,True,3,4,2,4,4,8,AliExpress
3777,Birger Pruschke,23,Motorola,Moto G Power,625.98,€582.16,EUR,0.93,1.0,Negative,Germany,German,2025-08-21,True,1,1,1,1,1,3,Flipkart
10004,Andrea Hartman,18,Samsung,Galaxy Note 20,1162.41,,USD,1.0,3.0,Neutral,USA,English,2023-07-30,True,3,2,3,4,2,2,Flipkart
13034,Jonathan Ingram,18,OnePlus,OnePlus 11R,421.26,د.إ1546.02,AED,3.67,3.0,Positive,UAE,English,2024-07-29,False,3,1,3,2,4,4,Amazon
19664,Christopher Anderson,45,Apple,iPhone 14,1434.92,,USD,1.0,3.0,Neutral,USA,English,2024-07-07,True,2,3,2,3,2,4,AliExpress
3038,Christopher Adkins,53,Apple,iPhone 14,1336.77,د.إ4905.95,AED,3.67,4.0,Positive,UAE,English,2022-11-07,True,4,3,4,3,3,6,Amazon
46902,Richard Allen-Fraser,25,Samsung,Galaxy Z Flip,1193.07,£930.59,GBP,0.78,2.0,Positive,UK,English,2023-12-11,True,2,4,1,2,1,13,eBay
7064,Nicole West,44,Apple,iPhone 13,1445.18,"$1,445.18 ",USD,1.0,2.0,Positive,USA,English,2023-12-25,False,3,2,1,2,1,4,
4234,Hanspeter Scholtz,18,OnePlus,OnePlus Nord 3,393.56,€366.01,EUR,0.93,3.1430457746478875,Negative,Germany,German,2025-10-12,True,1,1,1,1,2,0,AliExpress
27605,Terry Morris,28,Realme,Realme 12 Pro,470.08,د.إ1725.19,AED,3.67,3.0,Positive,UAE,English,2023-10-18,True,2,3,3,3,2,3,Amazon
19647,Jennifer Copeland,26,Realme,Realme 12 Pro,396.41,C$378.4,CAD,1.38,4.0,Neutral,Canada,English,2024-07-18,True,3,2,2,2,5,1,AliExpress
4983,Ing. Ayse Heinz B.Sc.,29,Apple,iPhone 15 Pro,743.3,€691.27,EUR,0.93,2.0,Neutral,Germany,German,2024-11-14,True,1,1,1,3,2,3,Amazon
21177,Benjamin Wells,34,Xiaomi,Mi 13 Pro,403.33,د.إ1480.22,AED,3.67,5.0,Positive,UAE,English,2023-11-07,True,5,5,5,4,5,6,Flipkart
48272,Dr Samuel Bennett,44,Apple,iPhone 13,1123.59,£876.4,GBP,0.78,4.0,Positive,UK,English,2024-03-24,True,4,3,5,5,4,9,Amazon
470,Yutika Sibal,48,Samsung,Galaxy Note 20,1375.87,₹114197.21,INR,83.0,3.0,Positive,India,Hindi,2024-12-04,True,2,1,3,3,3,3,eBay
12860,Gerolf Rosemann,18,Xiaomi,Poco X6,508.47,€472.88,EUR,0.93,2.0,Negative,Germany,German,2025-10-20,True,1,1,1,2,1,1,eBay
33450,Katherine Ward,43,Google,Pixel 7a,764.63,$764.63 ,USD,1.0,2.0,Neutral,USA,English,2024-06-03,False,1,2,3,1,1,0,AliExpress
18379,Mr Bruce Wright,18,Samsung,Galaxy Z Flip,1366.72,£1066.04,GBP,0.78,3.0,Neutral,UK,English,2023-01-19,True,2,2,3,2,2,0,BestBuy
25310,Kathleen Douglas,33,Realme,Realme Narzo 70,597.64,C$824.74,CAD,1.38,4.0,Neutral,Canada,English,2023-11-30,True,3,2,4,5,4,2,AliExpress
24709,Sathvik Bera,26,Realme,Realme 12 Pro,575.64,₹47778.12,INR,83.0,5.0,Positive,India,Hindi,2023-08-16,True,5,5,5,4,5,2,AliExpress
29071,Rodney Stewart,18,Google,Pixel 8,799.52,C$1378.41,CAD,1.38,4.0,Positive,Canada,English,2023-11-02,True,2,5,4,3,2,1,
4776,Peter Leach-Patterson,49,Apple,iPhone 13,1280.8,£999.02,GBP,0.78,5.0,Positive,UK,English,2024-03-26,True,5,3,5,5,5,3,eBay
25025,Kendra Haynes,32,Google,Pixel 7a,845.38,A$1293.43,AUD,1.53,4.0,Positive,Australia,English,2024-07-21,True,4,5,5,4,4,3,BestBuy
33433,Raksha Lanka,44,Realme,Realme Narzo 70,415.35,₹34474.05,INR,83.0,4.0,Positive,India,Hindi,2025-07-24,False,4,4,3,5,4,4,Amazon
17076,Guneet Baral,41,Samsung,Galaxy Z Flip,990.55,₹82215.65,INR,83.0,3.0,Neutral,India,Hindi,2024-04-12,True,2,2,1,1,4,1,AliExpress
18055,Glenn Begum,43,OnePlus,OnePlus 12,907.91,£708.17,GBP,0.78,3.0,Positive,UK,English,2023-12-20,True,2,1,1,3,3,4,
11669,Sra. Maria Helena Camargo,32,Xiaomi,Mi 13 Pro,577.38,R$3291.07,BRL,5.7,3.0,Neutral,Brazil,Portuguese,2024-07-16,True,2,1,4,3,3,1,AliExpress
1098,Raymond Quinn,20,Motorola,Razr 40,573.24,د.إ2103.79,AED,3.67,3.108496732026144,Positive,UAE,English,2024-01-17,True,5,2,5,4,3,7,Flipkart
5371,Mr Mark Allen,26,Motorola,Razr 40,568.89,£443.73,GBP,0.78,3.0,Neutral,UK,English,2025-04-02,True,3,2,3,3,2,2,BestBuy
39073,Donna Freeman,18,Google,Pixel 6,523.72,£408.5,GBP,0.78,2.0,Neutral,UK,English,2024-11-09,True,2,1,1,2,1,1,AliExpress
30514,Deborah Kelly,37,Google,Pixel 8,1037.37,C$1431.57,CAD,1.38,3.0,Neutral,Canada,English,2024-02-03,True,5,5,3,1,2,0,Amazon
1283,Anica Kobelt,26,OnePlus,OnePlus 12,787.43,€732.31,EUR,0.93,3.0,Positive,Germany,German,2023-09-29,True,3,2,3,2,2,4,eBay
37581,Ijaya Baral,34,Apple,iPhone 15 Pro,1102.27,₹113757.31,INR,83.0,3.0839243498817965,Positive,India,Hindi,2024-07-17,True,5,3,5,2,4,2,Amazon
41092,Nathaniel Thompson,35,Apple,iPhone SE,1327.27,C$1831.63,CAD,1.38,4.0,Positive,Canada,English,2023-03-28,True,5,1,3,5,4,2,Amazon
12582,Sr. Yuri das Neves,18,Apple,iPhone SE,757.25,R$4316.32,BRL,5.7,4.0,Positive,Brazil,Portuguese,2025-04-30,False,4,3,4,3,4,6,AliExpress
39516,Kelli Stanley,26,Realme,Realme 12 Pro,463.77,,AED,3.67,3.0,Negative,UAE,English,2024-04-30,True,3,2,3,2,3,5,
48075,Lori Alexander,34,Realme,Realme 12 Pro,252.56,د.إ926.9,AED,3.67,3.0,Positive,UAE,English,2023-11-17,False,4,3,2,3,2,3,BestBuy
15478,Rainer Schüler MBA.,34,Apple,iPhone 15 Pro,1158.44,€1077.35,EUR,0.93,4.0,Positive,Germany,German,2023-07-24,True,5,3,4,5,4,5,BestBuy
5523,Andrew Proctor,31,OnePlus,OnePlus Nord 3,765.21,C$1055.99,CAD,1.38,4.0,Positive,Canada,English,2023-04-09,True,4,4,4,4,4,6,eBay
23812,Mary Johnson,46,Realme,Realme Narzo 70,400.38,A$612.58,AUD,1.53,2.0,Positive,Australia,English,2024-08-13,True,1,1,2,2,2,3,BestBuy
48467,Dale Velasquez,25,Motorola,Razr 40,487.11,$487.11 ,USD,1.0,4.0,Neutral,USA,English,2025-08-23,False,4,3,3,3,5,0,AliExpress
33047,Austin Reed,20,OnePlus,OnePlus 11R,926.01,A$1416.8,AUD,1.53,5.0,Positive,Australia,English,2022-11-26,True,4,4,4,4,4,12,AliExpress
38196,Dr. João Miguel Viana,47,Apple,iPhone 13,1257.53,R$7167.92,BRL,5.7,3.158239143367044,Positive,Brazil,Portuguese,2023-02-02,True,4,2,3,2,4,4,
21194,James Marshall,31,Google,Pixel 6,527.87,$527.87 ,USD,1.0,1.0,Negative,USA,English,2024-02-25,False,1,2,1,1,1,3,Flipkart
45272,Caio Vasconcelos,39,Samsung,Galaxy Note 20,502.25,R$2862.83,BRL,5.7,1.0,Negative,Brazil,Portuguese,2023-05-18,True,1,1,1,1,1,2,Flipkart
10742,Micha Hermann,31,Google,Pixel 7a,556.35,€517.41,EUR,0.93,3.0,Positive,Germany,German,2025-04-02,True,4,5,2,2,2,6,Amazon
48560,Mark Rangel,28,Apple,iPhone SE,824.69,د.إ3026.61,AED,3.67,3.0,Neutral,UAE,English,2025-04-24,False,4,1,5,2,2,3,
25842,Shaun Lambert,32,Apple,iPhone 13,832.45,£649.31,GBP,0.78,5.0,Positive,UK,English,2024-04-05,True,5,3,4,3,4,5,Flipkart
43817,Libni Acharya,18,Realme,Realme Narzo 70,353.36,₹29328.88,INR,83.0,3.0,Positive,India,Hindi,2023-06-06,True,2,2,3,4,2,6,Amazon
843,Derek Wright,24,Motorola,Razr 40,313.86,$313.86 ,USD,1.0,3.108496732026144,Negative,USA,English,2023-02-04,True,2,1,1,2,1,3,
10055,August Hermighausen,18,OnePlus,OnePlus 12,686.79,€638.71,EUR,0.93,5.0,Positive,Germany,German,2025-06-10,True,3,5,4,4,4,4,Amazon
2060,Robert Natt,18,Samsung,Galaxy Z Flip,635.95,₹52783.85,INR,83.0,3.0,Positive,India,Hindi,2023-02-26,True,2,4,3,1,1,11,BestBuy
6205,Stephen Tapia,36,Xiaomi,Mi 13 Pro,538.58,د.إ1976.59,AED,3.67,1.0,Negative,UAE,English,2025-07-29,True,2,1,1,1,1,5,BestBuy
6176,Kevin Wood,42,Xiaomi,Mi 13 Pro,395.26,A$604.75,AUD,1.53,4.0,Positive,Australia,English,2025-05-24,False,5,5,3,3,4,3,Amazon
7366,Dawn Lamb,34,Google,Pixel 7a,809.44,"$1,043.81 ",USD,1.0,4.0,Positive,USA,English,2025-07-03,True,3,4,4,4,2,5,eBay
38302,Mr Cameron Davies,18,Apple,iPhone 13,1120.31,£873.84,GBP,0.78,3.0,Neutral,UK,English,2023-05-17,True,2,3,2,2,2,4,eBay
3920,Kate Howe,34,Realme,Realme 12 Pro,208.03,£162.26,GBP,0.78,2.0,Neutral,UK,English,2023-03-24,False,2,1,1,1,2,2,eBay
32634,Srta. Zoe Duarte,29,Xiaomi,Redmi Note 13,594.02,R$3385.91,BRL,5.7,1.0,Neutral,Brazil,Portuguese,2024-09-04,True,1,1,1,1,1,1,Flipkart
12552,Ing. Gottlieb Hering,24,Samsung,Galaxy S24,617.46,€574.24,EUR,0.93,3.0,Positive,Germany,German,2025-10-12,False,3,2,4,5,2,7,Flipkart
40577,Mr Antony Lyons,35,Apple,iPhone 15 Pro,1102.27,£1062.98,GBP,0.78,4.0,Neutral,UK,English,2025-09-06,True,3,5,3,3,4,3,eBay
33749,Melina da Rosa,20,Realme,Realme Narzo 70,403.5,R$2299.95,BRL,5.7,2.0,Negative,Brazil,Portuguese,2025-02-04,True,2,3,2,1,1,3,BestBuy
9532,Jade Sá,29,Motorola,Edge 50,552.51,R$3149.31,BRL,5.7,1.0,Neutral,Brazil,Portuguese,2023-07-11,True,1,1,1,1,1,1,Amazon
7221,Tammy Hernandez,30,Motorola,Razr 40,485.52,د.إ1781.86,AED,3.67,3.0,Positive,UAE,English,2024-12-08,True,1,4,2,4,3,4,eBay
21672,Marcela Alves,40,OnePlus,OnePlus 11R,368.82,R$2102.27,BRL,5.7,3.0,Neutral,Brazil,Portuguese,2025-03-07,True,2,3,2,1,3,4,AliExpress
16782,Jennifer Robinson,24,Xiaomi,Mi 13 Pro,677.34,$677.34 ,USD,1.0,2.0,Negative,USA,English,2023-12-15,True,1,1,1,2,3,3,Flipkart
41582,Ing. Karoline Patberg MBA.,28,Realme,Realme 12 Pro,280.79,€261.13,EUR,0.93,4.0,Neutral,Germany,German,2023-03-21,True,4,5,5,5,2,0,Amazon
49613,Ing. Adelheid Kostolzin,19,OnePlus,OnePlus 12,419.67,€390.29,EUR,0.93,1.0,Negative,Germany,German,2024-08-19,False,1,1,1,1,2,1,eBay
10390,Julie Brooks,23,Motorola,Razr 40,473.87,A$725.02,AUD,1.53,4.0,Positive,Australia,English,2025-04-29,True,3,4,2,4,3,4,BestBuy
29213,Philippe Hethur,31,Xiaomi,Redmi Note 13,511.07,€475.3,EUR,0.93,4.0,Positive,Germany,German,2024-02-29,True,3,4,4,3,3,4,Flipkart
17177,Artur Rohleder,36,Xiaomi,Mi 13 Pro,443.15,€412.13,EUR,0.93,4.0,Positive,Germany,German,2022-11-18,True,3,4,4,4,4,6,Amazon
46989,David Johnson,42,Motorola,Moto G Power,379.54,A$580.7,AUD,1.53,2.0,Negative,Australia,English,2025-10-15,True,1,3,2,1,1,0,AliExpress
47499,Ryan Castillo,24,Motorola,Edge 50,584.58,,USD,1.0,2.0,Neutral,USA,English,2023-09-06,True,2,1,3,2,2,4,Amazon
1711,Brenda Perez,29,OnePlus,OnePlus 11R,653.76,,CAD,1.38,4.0,Neutral,Canada,English,2023-05-04,True,4,3,3,3,5,1,BestBuy
47542,Lutz Davids MBA.,19,OnePlus,OnePlus 11R,350.56,€326.02,EUR,0.93,3.0,Positive,Germany,German,2025-02-03,True,3,3,1,1,3,5,Flipkart
46408,Chris Dillon,41,Samsung,Galaxy A55,921.14,$921.14 ,USD,1.0,1.0,Negative,USA,English,2023-08-26,True,1,2,1,1,2,5,Flipkart
26942,Katherine Smith,39,Realme,Realme 12 Pro,396.41,C$616.54,CAD,1.38,3.0,Positive,Canada,English,2024-12-18,True,1,2,1,3,3,5,eBay
33612,Edelgard Benthin,27,Samsung,Galaxy Z Flip,562.56,€523.18,EUR,0.93,2.0,Neutral,Germany,German,2022-10-25,True,3,2,1,1,2,5,BestBuy
28108,Niharika Pai,35,OnePlus,OnePlus 11R,391.47,₹32492.01,INR,83.0,3.0,Positive,India,Hindi,2023-02-20,False,2,4,4,3,1,5,Flipkart
31399,Michaela Campbell,27,Realme,Realme 12 Pro,349.65,د.إ1283.22,AED,3.67,1.0,Negative,UAE,English,2025-04-23,False,1,1,1,2,1,2,AliExpress
46193,Deborah Dennis,26,Samsung,Galaxy A55,1072.11,C$1479.51,CAD,1.38,3.0,Positive,Canada,English,2024-08-09,True,3,5,1,1,3,3,Flipkart
3169,Mary Vega,50,Apple,iPhone 15 Pro,1102.27,"$1,151.36 ",USD,1.0,5.0,Positive,USA,English,2023-03-23,True,4,5,5,5,4,4,BestBuy
48316,Jenna Mathis,42,Apple,iPhone 14,1251.79,د.إ4594.07,AED,3.67,5.0,Positive,UAE,English,2024-05-14,False,4,5,4,5,3,7,eBay
25985,Sherry Henry,22,Xiaomi,Redmi Note 13,620.5,$620.50 ,USD,1.0,2.0,Positive,USA,English,2023-10-01,True,2,1,2,2,1,2,BestBuy
5047,Harish Krish,35,Apple,iPhone SE,1473.53,₹122302.99,INR,83.0,1.0,Negative,India,Hindi,2023-06-23,True,1,1,1,1,3,1,BestBuy
15713,David Thompson,26,Samsung,Galaxy Z Flip,1051.96,C$1451.7,CAD,1.38,4.0,Positive,Canada,English,2025-09-04,True,4,4,4,2,5,6,Flipkart
3211,Ana Luiza Fernandes,37,Samsung,Galaxy A55,496.42,R$2829.59,BRL,5.7,1.0,Negative,Brazil,Portuguese,2023-10-06,True,1,1,2,1,1,1,Flipkart
45043,Dennis Clayton,18,OnePlus,OnePlus 12,748.76,A$1145.6,AUD,1.53,4.0,Positive,Australia,English,2023-12-11,False,3,5,3,4,3,3,AliExpress
14086,Karen Perez,18,Motorola,Razr 40,458.07,,AED,3.67,5.0,Positive,UAE,English,2023-01-03,False,4,5,5,4,5,7,AliExpress
14765,Netra Keer,26,Xiaomi,Poco X6,532.86,₹44227.38,INR,83.0,4.0,Positive,India,Hindi,2023-10-13,True,4,3,3,4,5,6,Amazon
44103,Robert Clark,36,OnePlus,OnePlus Nord 3,628.07,د.إ2305.02,AED,3.67,2.0,Positive,UAE,English,2025-08-01,True,2,2,1,1,2,6,AliExpress
19414,Falk Rörricht B.Sc.,18,Xiaomi,Poco X6,583.59,€542.74,EUR,0.93,3.0,Neutral,Germany,German,2024-10-25,True,2,2,2,4,3,1,Amazon
4349,Michael Wood,36,OnePlus,OnePlus 11R,475.04,C$655.56,CAD,1.38,2.0,Neutral,Canada,English,2022-11-30,False,3,1,1,2,1,1,eBay
12726,Danielle Scott,30,Xiaomi,Redmi Note 13,424.77,A$649.9,AUD,1.53,4.0,Positive,Australia,English,2025-02-25,True,3,2,4,5,1,9,Amazon
34025,Anthony Walker,18,Realme,Realme Narzo 70,389.15,A$595.4,AUD,1.53,1.0,Negative,Australia,English,2024-02-02,True,1,1,1,1,1,2,Flipkart
41114,Jodi Cox,45,OnePlus,OnePlus 12,829.16,$829.16 ,USD,1.0,3.0,Neutral,USA,English,2024-05-05,True,2,2,2,1,2,2,Amazon
37932,Zeki Ackermann,23,Xiaomi,Mi 13 Pro,443.83,€356.12,EUR,0.93,4.0,Positive,Germany,German,2025-03-09,True,2,3,4,4,3,8,Flipkart
16254,Guilherme Teixeira,40,Apple,iPhone 13,802.4,R$4573.68,BRL,5.7,4.0,Positive,Brazil,Portuguese,2024-01-11,True,1,3,4,3,3,3,Flipkart
42985,Wendy Hanson,27,Xiaomi,Poco X6,629.15,C$868.23,CAD,1.38,3.0,Neutral,Canada,English,2023-05-19,True,1,5,2,3,2,1,
27292,Pietra Barbosa,52,Apple,iPhone 13,1038.19,R$5917.68,BRL,5.7,1.0,Negative,Brazil,Portuguese,2025-06-02,False,1,1,1,1,1,0,Amazon
13913,Jose Fletcher,43,Motorola,Moto G Power,360.55,$360.55 ,USD,1.0,5.0,Positive,USA,English,2022-10-29,True,4,5,5,2,5,2,Flipkart
26575,Callum Lawson,28,Samsung,Galaxy Z Flip,1366.54,£1065.9,GBP,0.78,2.0,Neutral,UK,English,2023-12-21,True,4,2,2,2,3,1,Flipkart
43741,Guilherme Nascimento,43,Motorola,Razr 40,445.14,,BRL,5.7,3.0,Neutral,Brazil,Portuguese,2025-01-02,False,1,2,2,4,2,2,Amazon
15674,Deborah Clark-Harding,40,Xiaomi,Mi 13 Pro,669.19,£521.97,GBP,0.78,5.0,Positive,UK,English,2023-05-12,True,5,5,3,4,5,6,Amazon
3397,Peter Duncan,18,Apple,iPhone 13,1017.47,£793.63,GBP,0.78,2.0,Negative,UK,English,2025-10-12,True,2,2,1,2,1,3,Amazon
11071,Mr Denis Joyce,19,Realme,Realme Narzo 70,519.7,,GBP,0.78,2.0,Negative,UK,English,2025-06-28,False,1,1,2,2,1,1,AliExpress
45456,Rhonda Cardenas,25,Xiaomi,Poco X6,229.42,د.إ841.97,AED,3.67,4.0,Positive,UAE,English,2024-03-22,True,4,5,5,5,4,3,Flipkart
9888,Damian Walton,44,Samsung,Galaxy S24,886.62,£691.56,GBP,0.78,1.0,Negative,UK,English,2025-01-28,False,1,1,1,2,1,2,BestBuy
22904,Teresa Newman,23,Google,Pixel 6,747.15,C$1031.07,CAD,1.38,4.0,Positive,Canada,English,2025-10-08,False,5,3,3,3,3,1,BestBuy
16829,Sharon Smith,39,OnePlus,OnePlus 12,668.0899999999999,,USD,1.0,3.0,Neutral,USA,English,2025-09-26,True,3,3,3,4,3,1,Amazon
20252,Carl Frazier MD,35,Xiaomi,Mi 13 Pro,229.62,C$316.88,CAD,1.38,1.0,Negative,Canada,English,2023-03-30,True,1,1,1,1,1,1,AliExpress
43250,Stephanie Hopkins-Jones,32,Xiaomi,Poco X6,497.49,£388.04,GBP,0.78,2.0,Negative,UK,English,2023-02-08,True,2,1,2,1,2,2,Flipkart
33084,Samantha Williams,37,Motorola,Edge 50,781.05,د.إ2866.45,AED,3.67,4.0,Positive,UAE,English,2023-10-23,True,1,5,3,3,3,13,BestBuy
48499,Neelima Palla,18,Google,Pixel 6,708.54,₹58808.82,INR,83.0,1.0,Negative,India,Hindi,2025-04-23,True,2,1,1,1,3,2,AliExpress
13248,Nicholas Velasquez,26,Motorola,Moto G Power,242.38,C$334.48,CAD,1.38,3.128399465002229,Positive,Canada,English,2023-12-31,True,3,5,5,3,5,7,Flipkart
18098,Melinda Figueroa,33,Google,Pixel 7a,500.41,C$690.57,CAD,1.38,4.0,Positive,Canada,English,2022-12-12,True,4,2,3,4,4,6,Amazon
20566,Angela Frey,20,Motorola,Edge 50,632.2,A$967.27,AUD,1.53,2.0,Neutral,Australia,English,2023-01-17,True,1,1,1,1,1,3,BestBuy
35975,Mercedes Stahr,40,Realme,Realme Narzo 70,408.98,€380.35,EUR,0.93,2.0,Neutral,Germany,German,2022-12-06,True,1,1,1,2,3,2,eBay
32460,Blake Thompson,28,Realme,Realme 12 Pro,411.85,A$630.13,AUD,1.53,4.0,Positive,Australia,English,2024-03-01,True,3,4,3,4,3,1,Amazon
7273,Marcelo Silva,44,Xiaomi,Poco X6,479.11,R$2730.93,BRL,5.7,5.0,Positive,Brazil,Portuguese,2024-07-08,True,4,4,5,4,4,3,BestBuy
18875,Donald Bowman,31,Apple,iPhone 13,1296.71,,USD,1.0,2.0,Positive,USA,English,2024-09-01,False,1,2,2,3,2,5,Amazon
17625,Abigail Moreno,35,Samsung,Galaxy A55,456.74,$456.74 ,USD,1.0,2.0,Negative,USA,English,2023-12-17,False,2,1,2,2,1,1,Amazon
37774,Kimberly Ho,24,Motorola,Razr 40,433.23,C$597.86,CAD,1.38,3.0,Positive,Canada,English,2025-03-27,False,3,1,3,3,3,4,AliExpress
4830,Jackson Chakrabarti,32,Apple,iPhone 15 Pro,726.53,₹60301.99,INR,83.0,3.0839243498817965,Positive,India,Hindi,2024-06-09,True,3,3,3,2,3,2,BestBuy
4856,Mary Cowan,18,Google,Pixel 6,908.73,C$1254.05,CAD,1.38,1.0,Neutral,Canada,English,2023-05-24,False,1,2,1,1,1,3,eBay
33174,Jasmine Morales,39,Samsung,Galaxy A55,783.16,C$1080.76,CAD,1.38,3.0,Positive,Canada,English,2023-09-05,True,4,3,1,2,2,6,AliExpress
21213,Ing. Kenneth Lindau B.Sc.,51,Samsung,Galaxy S24,929.13,€864.09,EUR,0.93,2.0,Neutral,Germany,German,2024-10-06,True,2,1,4,2,1,1,Amazon
16755,Gemma Williams,19,Xiaomi,Redmi Note 13,450.8,£270.86,GBP,0.78,3.0,Neutral,UK,English,2025-01-07,True,1,1,3,2,1,3,AliExpress
32892,Isis Silveira,40,Samsung,Galaxy S24,1008.2,R$5746.74,BRL,5.7,4.0,Positive,Brazil,Portuguese,2023-05-19,True,5,3,3,4,4,1,Amazon
27948,Gavin Lawrence,44,Motorola,Edge 50,766.4,£597.79,GBP,0.78,4.0,Positive,UK,English,2022-10-28,True,4,3,4,4,3,8,Amazon
15336,Sonya Reeves,24,Samsung,Galaxy S24,776.87,A$1188.61,AUD,1.53,4.0,Positive,Australia,English,2025-08-15,True,3,4,3,4,4,3,eBay
46684,Carl Brown,22,Realme,Realme Narzo 70,235.31,A$360.02,AUD,1.53,2.0,Negative,Australia,English,2023-10-23,True,3,4,1,1,2,0,Amazon
16163,Mary Woods,28,Samsung,Galaxy A55,1016.87,"$1,016.87 ",USD,1.0,5.0,Positive,USA,English,2025-01-16,True,5,5,4,3,5,4,AliExpress
24450,Alyssa Rodriguez,36,Samsung,Galaxy Note 20,1004.08,C$1385.63,CAD,1.38,3.0,Positive,Canada,English,2022-12-08,True,2,3,3,1,2,4,AliExpress
3571,Zachary Morgan,38,Apple,iPhone 14,711.72,د.إ2612.01,AED,3.67,4.0,Positive,UAE,English,2023-12-19,True,4,2,3,4,4,6,Flipkart
29638,John Ford,31,Google,Pixel 7a,652.09,A$997.7,AUD,1.53,3.0,Neutral,Australia,English,2023-09-15,False,2,2,3,3,3,3,AliExpress
42040,Rushil Uppal,18,Realme,Realme Narzo 70,558.24,₹46333.92,INR,83.0,1.0,Negative,India,Hindi,2023-04-12,True,1,1,1,1,1,1,AliExpress
16126,Balveer Lal,33,Apple,iPhone SE,1252.82,₹103984.06,INR,83.0,2.0,Neutral,India,Hindi,2024-05-01,True,2,1,3,1,1,1,eBay
7950,Anmol Vig,26,Samsung,Galaxy Z Flip,431.8,₹35839.4,INR,83.0,4.0,Positive,India,Hindi,2024-09-04,True,3,5,4,3,3,4,Amazon
44805,Anthony Clark,20,Samsung,Galaxy A55,1141.83,د.إ4190.52,AED,3.67,1.0,Negative,UAE,English,2025-02-16,True,1,3,2,1,1,1,Amazon
34331,Brian Bowen,18,Google,Pixel 8,1062.0,د.إ3897.54,AED,3.67,3.0,Positive,UAE,English,2025-06-25,False,4,2,3,2,3,2,eBay
2494,Jagat Patel,18,Google,Pixel 6,808.53,₹70557.47,INR,83.0,3.0,Positive,India,Hindi,2023-03-02,True,2,4,3,3,5,2,AliExpress
47487,William Carpenter,30,Google,Pixel 8,771.69,A$1180.69,AUD,1.53,2.0,Neutral,Australia,English,2023-03-29,True,1,3,2,1,3,1,eBay
13151,Robert Padilla,18,Xiaomi,Redmi Note 13,467.41,$467.41 ,USD,1.0,3.0,Neutral,USA,English,2023-12-28,True,2,3,3,3,3,2,BestBuy
33199,Ana Odom,18,Motorola,Edge 50,647.09,د.إ2374.82,AED,3.67,2.0,Negative,UAE,English,2025-06-01,True,1,1,1,2,2,4,eBay
17032,Ercan Kuhl,33,Samsung,Galaxy A55,1036.19,€963.66,EUR,0.93,1.0,Negative,Germany,German,2024-12-02,True,1,2,1,1,1,1,eBay
39394,Jerry Jones,44,Xiaomi,Redmi Note 13,588.82,C$812.57,CAD,1.38,3.0,Positive,Canada,English,2024-09-07,True,2,3,4,3,4,2,Amazon
47115,Wesley Bartlett,29,Motorola,Edge 50,470.15,A$719.33,AUD,1.53,3.0,Positive,Australia,English,2024-01-24,False,2,2,2,3,1,2,BestBuy
14596,Rajata Kapur,32,Motorola,Moto G Power,507.52,₹42124.16,INR,83.0,4.0,Positive,India,Hindi,2024-03-13,True,4,3,4,3,3,2,Amazon
33943,Mr. Jesse Hawkins,33,Google,Pixel 8,1029.7,C$1420.99,CAD,1.38,3.129131776112825,Positive,Canada,English,2024-08-12,False,2,4,1,1,3,3,Amazon
15501,Kristy Thomas,23,Motorola,Edge 50,569.11,د.إ2088.63,AED,3.67,3.0,Positive,UAE,English,2025-08-15,True,4,3,3,2,3,5,AliExpress
11166,Osha Kurian,18,Samsung,Galaxy S24,479.9,₹39831.7,INR,83.0,4.0,Positive,India,Hindi,2023-11-06,False,5,2,4,3,3,5,AliExpress
48147,Brittany Diaz,18,OnePlus,OnePlus 12,911.86,C$1258.37,CAD,1.38,2.0,Negative,Canada,English,2023-02-23,False,2,1,2,1,1,2,Amazon
29646,Dr. Lisbeth Meister,21,Samsung,Galaxy A55,667.46,€620.74,EUR,0.93,3.0,Positive,Germany,German,2025-07-18,True,2,3,4,4,3,6,AliExpress
36289,Olivia Câmara,33,Samsung,Galaxy Note 20,905.775,R$7342.34,BRL,5.7,4.0,Positive,Brazil,Portuguese,2023-01-18,True,3,2,3,4,3,4,Flipkart
33600,João Vitor Aparecida,23,Apple,iPhone 15 Pro,701.77,R$4000.09,BRL,5.7,2.0,Neutral,Brazil,Portuguese,2023-05-10,True,1,2,1,2,1,3,Flipkart
18443,Timothy Salinas,33,OnePlus,OnePlus 12,975.08,$975.08 ,USD,1.0,2.0,Negative,USA,English,2023-01-07,True,1,2,2,1,2,1,BestBuy
6924,Scott Lee-Taylor,30,Xiaomi,Mi 13 Pro,365.77,£285.3,GBP,0.78,5.0,Positive,UK,English,2023-07-27,True,4,3,3,4,2,7,BestBuy
36512,Shivansh Halder,27,OnePlus,OnePlus 12,806.83,₹66966.89,INR,83.0,1.0,Negative,India,Hindi,2024-03-21,True,1,1,1,1,1,3,Flipkart
46482,Michelle Garza,36,Motorola,Edge 50,341.53,C$471.31,CAD,1.38,2.0,Neutral,Canada,English,2025-05-16,True,3,2,2,2,2,0,Amazon
8493,Ravi Lucca Mendes,25,OnePlus,OnePlus 12,391.01,R$2228.76,BRL,5.7,4.0,Positive,Brazil,Portuguese,2025-04-28,True,4,4,3,4,4,9,Flipkart
29051,Bernard Lloyd,41,Xiaomi,Mi 13 Pro,652.68,£509.09,GBP,0.78,1.0,Negative,UK,English,2024-11-10,True,1,1,1,1,1,3,eBay
19648,Dipta Sekhon,27,OnePlus,OnePlus 12,531.03,₹44075.49,INR,83.0,2.0,Neutral,India,Hindi,2025-08-09,True,3,2,2,4,1,3,Amazon
11475,Herr Benjamin Paffrath,20,Realme,Realme Narzo 70,247.21,€229.91,EUR,0.93,3.0,Positive,Germany,German,2023-04-03,True,4,2,1,2,4,4,eBay
25788,Rachel Moore,55,Samsung,Galaxy S24,819.57,C$1131.01,CAD,1.38,2.0,Neutral,Canada,English,2023-01-01,True,3,2,1,1,2,2,BestBuy
10272,Lorenzo Mendonça,26,Samsung,Galaxy Z Flip,1395.47,R$7954.18,BRL,5.7,3.0,Positive,Brazil,Portuguese,2024-03-07,True,2,2,2,1,2,4,AliExpress
19305,Dra. Liz Pires,35,OnePlus,OnePlus 11R,924.47,R$5269.48,BRL,5.7,4.0,Neutral,Brazil,Portuguese,2025-03-26,True,2,5,3,3,4,1,eBay
28154,Arya Bose,38,Motorola,Edge 50,309.3,₹25671.9,INR,83.0,4.0,Positive,India,Hindi,2025-02-08,False,3,3,1,2,4,3,Flipkart
27706,Sra. Olivia Mendes,39,Realme,Realme 12 Pro,282.99,R$1613.04,BRL,5.7,2.0,Negative,Brazil,Portuguese,2025-10-01,True,1,2,1,1,1,3,AliExpress
47009,Alexis Guerra,18,Realme,Realme 12 Pro,531.7,A$813.5,AUD,1.53,4.0,Positive,Australia,English,2024-12-16,True,1,3,3,5,4,5,AliExpress
37285,Hans-Hermann Dörr B.A.,26,OnePlus,OnePlus 12,365.93,€340.31,EUR,0.93,2.0,Neutral,Germany,German,2022-11-05,True,1,1,1,1,1,5,BestBuy
40352,Dra. Stephany Duarte,32,Google,Pixel 6,1027.9,R$5859.03,BRL,5.7,1.0,Neutral,Brazil,Portuguese,2022-11-24,False,1,1,1,1,1,0,Flipkart
23679,Caio Barbosa,38,Samsung,Galaxy Z Flip,905.38,R$3857.08,BRL,5.7,4.0,Positive,Brazil,Portuguese,2023-05-01,True,3,4,4,5,5,9,BestBuy
1864,Michael Williams,28,Realme,Realme 12 Pro,396.41,£341.37,GBP,0.78,5.0,Positive,UK,English,2025-03-11,True,3,5,2,4,5,3,Amazon
39935,Cindy Cooper,22,Realme,Realme Narzo 70,377.32,د.إ1384.76,AED,3.67,3.0,Positive,UAE,English,2025-10-09,True,3,1,2,1,1,3,BestBuy
2594,Laura Smith,52,Xiaomi,Mi 13 Pro,697.91,C$963.12,CAD,1.38,2.0,Neutral,Canada,English,2024-05-09,True,1,2,2,1,1,1,Flipkart
11038,Jacob Taylor,18,Samsung,Galaxy S24,1213.17,د.إ4452.33,AED,3.67,2.0,Neutral,UAE,English,2025-02-01,True,1,1,1,1,2,2,Flipkart
33900,David Williams-Bryant,20,Samsung,Galaxy Note 20,436.56,£340.52,GBP,0.78,3.0,Positive,UK,English,2025-03-14,False,2,2,1,1,2,3,Amazon
4977,Lynn White PhD,39,Motorola,Razr 40,671.33,C$926.44,CAD,1.38,4.0,Positive,Canada,English,2024-04-23,True,3,4,2,2,3,4,Amazon
13633,Scott House,45,Google,Pixel 6,604.25,$604.25 ,USD,1.0,4.0,Positive,USA,English,2023-01-03,False,4,1,4,5,5,5,AliExpress
20639,Elif Blümel MBA.,26,Realme,Realme Narzo 70,392.8200000000001,€294.5,EUR,0.93,2.0,Neutral,Germany,German,2024-05-15,True,1,4,2,2,1,1,eBay
33648,Matthew Hatfield,49,Motorola,Moto G Power,505.34,د.إ1814.45,AED,3.67,4.0,Positive,UAE,English,2024-11-04,True,3,4,2,3,3,5,Amazon
36558,Anthony Hernandez,21,Apple,iPhone 13,1054.71,C$1455.5,CAD,1.38,4.0,Positive,Canada,English,2023-03-07,True,4,4,5,5,3,4,Flipkart
22310,Josephine Wright,37,Samsung,Galaxy Z Flip,490.45,£382.55,GBP,0.78,4.0,Positive,UK,English,2023-07-28,True,5,3,4,2,2,1,AliExpress
26377,Samuel Charles,40,OnePlus,OnePlus 12,433.84,د.إ1592.19,AED,3.67,4.0,Positive,UAE,English,2023-12-26,True,4,4,4,5,4,4,BestBuy
41377,Ana Julia Duarte,18,Samsung,Galaxy Z Flip,878.29,,BRL,5.7,1.0,Negative,Brazil,Portuguese,2023-12-19,True,1,1,2,1,1,2,AliExpress
28504,Shirley Potter,18,Motorola,Razr 40,644.82,£502.96,GBP,0.78,4.0,Positive,UK,English,2023-11-04,False,4,3,3,5,2,1,eBay
34233,Larry Gonzales,19,OnePlus,OnePlus 11R,374.29,,USD,1.0,3.0,Positive,USA,English,2024-08-29,True,3,3,3,3,3,6,AliExpress
3699,Owen Atwal,18,OnePlus,OnePlus 11R,534.15,₹44334.45,INR,83.0,3.0,Positive,India,Hindi,2023-04-14,True,3,4,3,3,1,9,AliExpress
26140,Dipl.-Ing. Gunda Renner B.A.,35,Xiaomi,Mi 13 Pro,680.77,€633.12,EUR,0.93,4.0,Positive,Germany,German,2023-10-16,False,3,3,5,4,3,5,AliExpress
42603,Mary Lopez,43,Samsung,Galaxy Z Flip,1091.21,"$1,091.21 ",USD,1.0,4.0,Positive,USA,English,2023-08-26,True,3,3,2,5,4,3,Amazon
29491,Ana Laura da Conceição,47,Samsung,Galaxy A55,490.74,R$2797.22,BRL,5.7,2.0,Positive,Brazil,Portuguese,2023-06-12,True,3,1,2,1,4,4,eBay
45840,Peter Cunningham,36,OnePlus,OnePlus 12,742.27,C$1024.33,CAD,1.38,4.0,Positive,Canada,English,2025-09-18,True,3,3,2,3,3,4,Amazon
14737,Anke Misicher-Freudenberger,18,Samsung,Galaxy Z Flip,1074.58,€999.36,EUR,0.93,3.0,Positive,Germany,German,2023-06-10,True,2,3,3,3,1,4,
35956,Sra. Gabrielly Machado,39,Google,Pixel 6,668.63,R$3811.19,BRL,5.7,3.0,Neutral,Brazil,Portuguese,2022-11-29,True,3,1,1,3,3,1,Amazon
3520,Danny Fuller,21,Xiaomi,Poco X6,525.85,$525.85 ,USD,1.0,1.0,Negative,USA,English,2025-03-15,True,1,1,1,1,1,1,Amazon
29414,Aurora Gomes,24,Xiaomi,Mi 13 Pro,503.97,R$2872.63,BRL,5.7,2.0,Negative,Brazil,Portuguese,2025-05-12,True,1,1,1,1,1,0,Flipkart
43375,Heidemarie Wiek,35,Samsung,Galaxy Z Flip,963.4,€895.96,EUR,0.93,3.0,Neutral,Germany,German,2025-09-25,False,3,3,2,3,2,0,BestBuy
4963,Courtney Perez,42,Apple,iPhone SE,831.04,$831.04 ,USD,1.0,5.0,Positive,USA,English,2024-08-15,True,5,3,5,5,4,4,Amazon
47216,Mary Morrison,18,Motorola,Razr 40,417.09,,AUD,1.53,3.0,Positive,Australia,English,2023-05-15,True,2,4,2,1,1,4,Flipkart
17771,Kurt Brown,30,Samsung,Galaxy Note 20,680.57,A$1041.27,AUD,1.53,3.0,Positive,Australia,English,2024-05-23,True,5,2,2,2,5,3,eBay
16072,Dillon Garrison,24,OnePlus,OnePlus 11R,411.39,A$629.43,AUD,1.53,1.0,Negative,Australia,English,2024-05-30,True,1,1,1,1,1,3,Flipkart
45843,Dr Gerard Harris,29,OnePlus,OnePlus 12,919.14,£716.93,GBP,0.78,1.0,Negative,UK,English,2024-03-01,False,1,1,1,1,1,3,Flipkart
3886,Jacqueline Harris,39,Realme,Realme 12 Pro,599.87,$599.87 ,USD,1.0,4.0,Positive,USA,English,2023-05-12,True,3,5,4,4,4,10,Flipkart
21825,Pahal Sharaf,42,Realme,Realme 12 Pro,200.43,₹16635.69,INR,83.0,4.0,Positive,India,Hindi,2025-04-26,True,5,3,4,3,2,3,AliExpress
15725,Stephen Roach,20,Realme,Realme Narzo 70,549.26,د.إ2015.78,AED,3.67,5.0,Positive,UAE,English,2025-08-11,True,5,4,4,4,5,4,eBay
2005,Denise Harris,21,OnePlus,OnePlus 12,600.19,د.إ2202.7,AED,3.67,3.0,Positive,UAE,English,2025-04-09,False,2,2,3,2,3,4,
6057,Mrs. Brittney Ayala,29,Google,Pixel 7a,544.92,د.إ1999.86,AED,3.67,4.0,Positive,UAE,English,2024-08-23,True,3,4,4,5,2,4,Amazon
22293,Carol Gregory,38,Google,Pixel 6,808.53,C$1225.15,CAD,1.38,3.0,Negative,Canada,English,2025-05-15,True,2,3,3,4,2,1,Flipkart
3137,Dawn Delgado,44,Samsung,Galaxy Note 20,647.92,د.إ2377.87,AED,3.67,4.0,Positive,UAE,English,2023-02-22,True,3,3,4,5,3,3,AliExpress
21729,Matteo Costa,29,Realme,Realme 12 Pro,358.32,R$2042.42,BRL,5.7,2.0,Positive,Brazil,Portuguese,2025-04-09,True,1,2,2,1,1,7,eBay
13098,Tyler Moore,37,Realme,Realme 12 Pro,396.41,A$356.09,AUD,1.53,4.0,Positive,Australia,English,2022-10-22,True,3,5,3,4,4,2,Amazon
34428,Samarth Master,26,Samsung,Galaxy Note 20,500.24,₹41519.92,INR,83.0,5.0,Positive,India,Hindi,2025-01-01,False,4,4,5,4,5,4,
44344,Harriet Ashton,28,Google,Pixel 6,1018.38,£794.34,GBP,0.78,5.0,Positive,UK,English,2023-07-08,True,4,4,5,5,5,8,eBay
49722,David Mukhopadhyay,32,Samsung,Galaxy A55,1062.77,₹88209.91,INR,83.0,3.0,Neutral,India,Hindi,2024-10-15,False,1,3,2,2,3,2,
44727,John Peterson,34,Motorola,Razr 40,511.44,$784.44 ,USD,1.0,1.0,Negative,USA,English,2025-07-21,True,1,1,2,1,1,1,AliExpress
4316,Linda Holt,31,OnePlus,OnePlus Nord 3,788.65,$788.65 ,USD,1.0,5.0,Positive,USA,English,2024-12-18,True,4,4,5,5,5,3,
11434,Mr Carl Williamson,31,Motorola,Razr 40,650.58,£507.45,GBP,0.78,5.0,Positive,UK,English,2023-11-05,True,5,5,5,5,5,9,BestBuy
33239,Kristen Ramirez,32,Samsung,Galaxy Z Flip,1371.51,C$1892.68,CAD,1.38,4.0,Positive,Canada,English,2025-05-25,True,3,5,5,3,3,3,Flipkart
47413,Lawrence Davis,23,Realme,Realme 12 Pro,359.85,$359.85 ,USD,1.0,4.0,Positive,USA,English,2025-05-16,True,2,2,5,2,4,4,eBay
29367,Angela Edwards,34,Xiaomi,Poco X6,274.01,C$378.13,CAD,1.38,1.0,Negative,Canada,English,2024-12-04,True,1,1,1,2,1,0,BestBuy
31024,Shannon Shelton,34,Apple,iPhone 13,1258.66,C$1736.95,CAD,1.38,1.0,Negative,Canada,English,2023-09-24,True,2,1,1,1,1,3,AliExpress
17622,Matthew Hartman,32,Samsung,Galaxy Z Flip,955.36,A$1461.7,AUD,1.53,1.0,Negative,Australia,English,2023-04-25,False,3,1,1,1,1,2,BestBuy
13353,Maria Shea,35,Apple,iPhone 14,876.64,$876.64 ,USD,1.0,3.0,Neutral,USA,English,2025-02-16,True,2,2,3,1,5,3,BestBuy
25261,Annedore Oestrovsky MBA.,36,Google,Pixel 7a,624.14,€580.45,EUR,0.93,3.0,Positive,Germany,German,2025-06-23,True,2,2,3,3,2,8,eBay
4806,Emanuella Nogueira,25,Google,Pixel 6,776.91,R$4428.39,BRL,5.7,3.0,Neutral,Brazil,Portuguese,2024-05-01,True,3,2,4,1,3,2,Flipkart
45637,Mr Ben Lane,35,Motorola,Razr 40,501.26,£390.98,GBP,0.78,5.0,Positive,UK,English,2024-04-21,True,4,3,4,5,5,8,Amazon
29469,Randy Brown,24,Motorola,Razr 40,795.72,$795.72 ,USD,1.0,3.0,Positive,USA,English,2025-09-01,True,4,1,3,3,3,4,Flipkart
30897,David Cole,27,Apple,iPhone 15 Pro,1373.68,د.إ5041.41,AED,3.67,2.0,Neutral,UAE,English,2023-09-03,True,1,2,2,1,1,0,BestBuy
22884,Michelle Smith,22,Google,Pixel 6,823.15,$823.15 ,USD,1.0,1.0,Negative,USA,English,2025-03-20,False,1,2,1,1,1,1,BestBuy
42329,Christopher Sanchez,40,OnePlus,OnePlus Nord 3,668.42,د.إ2453.1,AED,3.67,2.0,Neutral,UAE,English,2025-06-29,True,1,3,1,1,1,1,Amazon
28815,Emilly Aragão,28,OnePlus,OnePlus 11R,673.86,R$3841.0,BRL,5.7,3.1173688736027514,Positive,Brazil,Portuguese,2024-10-10,True,2,2,3,3,2,5,Flipkart
34797,Dante Ribeiro,35,Xiaomi,Mi 13 Pro,570.62,R$3252.53,BRL,5.7,3.098367697594502,Positive,Brazil,Portuguese,2024-10-18,False,4,3,3,4,5,2,
48681,Dr Alex Johnson,33,Realme,Realme Narzo 70,460.45,£359.15,GBP,0.78,5.0,Positive,UK,English,2023-02-16,False,5,5,3,5,5,7,Flipkart
16523,Geoffrey Wright,35,Samsung,Galaxy Note 20,1046.81,£816.51,GBP,0.78,1.0,Negative,UK,English,2023-08-14,True,1,1,1,1,1,2,Flipkart
34411,Joseph Nash,39,Google,Pixel 6,1064.57,,USD,1.0,3.1190370040124837,Neutral,USA,English,2023-06-10,True,2,2,1,1,2,0,
30294,Arunima Shan,30,Samsung,Galaxy S24,1372.19,₹113891.77,INR,83.0,3.0,Positive,India,Hindi,2025-08-08,False,1,3,3,1,1,3,
16862,Henry Barrett,27,Apple,iPhone 13,1038.64,£810.14,GBP,0.78,4.0,Positive,UK,English,2023-07-23,True,2,4,3,5,5,4,Amazon
37200,Priya Gandhi,20,Google,Pixel 6,515.13,₹42755.79,INR,83.0,4.0,Positive,India,Hindi,2025-08-30,False,4,5,3,4,4,7,BestBuy
37715,Timothy Choudhury,30,Realme,Realme 12 Pro,303.45,₹25186.35,INR,83.0,4.0,Positive,India,Hindi,2023-10-09,True,4,3,5,4,5,7,
26362,Srta. Anna Liz Silveira,35,OnePlus,OnePlus Nord 3,970.84,R$5533.79,BRL,5.7,5.0,Positive,Brazil,Portuguese,2023-04-05,True,5,4,3,4,5,3,BestBuy
23393,Jessica Ayala,30,Apple,iPhone 13,863.13,$863.13 ,USD,1.0,1.0,Negative,USA,English,2023-04-09,True,1,1,1,1,2,1,Amazon
40907,Prof. Mirella Rosemann MBA.,32,Samsung,Galaxy Note 20,1143.75,€1063.69,EUR,0.93,3.0,Neutral,Germany,German,2024-04-03,True,4,5,1,1,2,0,eBay
36274,Univ.Prof. Bernward Scheibe,32,Xiaomi,Poco X6,247.82,€230.47,EUR,0.93,3.0,Neutral,Germany,German,2024-02-10,True,3,2,4,2,3,0,Amazon
34976,Sr. Gael Cirino,48,OnePlus,OnePlus Nord 3,530.09,R$3021.51,BRL,5.7,4.0,Positive,Brazil,Portuguese,2025-08-09,True,5,4,3,5,4,7,eBay
48572,Gareth Hall,51,Realme,Realme Narzo 70,550.37,£429.29,GBP,0.78,3.0,Positive,UK,English,2024-04-23,True,2,1,1,4,3,3,BestBuy
22637,Erica Mitchell,50,Motorola,Edge 50,504.34,د.إ1850.93,AED,3.67,5.0,Positive,UAE,English,2024-10-30,True,5,3,5,5,5,7,Amazon
38161,Slobodan Gnatz,33,Google,Pixel 6,797.8,€741.95,EUR,0.93,2.0,Positive,Germany,German,2025-08-11,True,2,1,2,3,1,3,AliExpress
32791,Troy Johnson,22,Samsung,Galaxy A55,790.47,$790.47 ,USD,1.0,2.0,Neutral,USA,English,2025-09-08,True,3,2,1,1,2,3,AliExpress
34516,Kamilly Pereira,24,Google,Pixel 7a,601.12,R$3426.38,BRL,5.7,5.0,Positive,Brazil,Portuguese,2023-08-30,False,5,3,4,5,5,4,AliExpress
342,Hans-Theo Jessel,22,Samsung,Galaxy Z Flip,1267.06,€1178.37,EUR,0.93,3.134886572654813,Positive,Germany,German,2024-04-01,True,3,3,4,5,5,3,AliExpress
28852,Herwig Schmidtke MBA.,19,Xiaomi,Redmi Note 13,417.27,€388.06,EUR,0.93,3.0,Positive,Germany,German,2023-05-27,False,3,3,1,1,2,5,eBay
15640,Mark Rodriguez,28,Samsung,Galaxy Note 20,1072.84,C$1480.52,CAD,1.38,1.0,Negative,Canada,English,2024-08-04,True,1,1,1,1,1,1,Amazon
7482,Alexandra Jones,18,Motorola,Edge 50,207.99,A$318.22,AUD,1.53,4.0,Positive,Australia,English,2025-10-11,True,3,5,2,4,3,2,Flipkart
22173,Jean Gould,38,Google,Pixel 6,1089.5,C$1503.51,CAD,1.38,4.0,Positive,Canada,English,2024-04-23,False,2,3,2,5,1,4,BestBuy
16236,Zilmil Bose,39,OnePlus,OnePlus Nord 3,839.74,₹69698.42,INR,83.0,5.0,Positive,India,Hindi,2024-03-23,False,5,5,4,5,4,3,
34440,Joshua Guerra,43,Samsung,Galaxy S24,966.53,A$1478.79,AUD,1.53,5.0,Positive,Australia,English,2023-03-29,True,5,5,4,4,4,6,eBay
9304,Ottomar Speer,25,Apple,iPhone 15 Pro,792.97,€737.46,EUR,0.93,4.0,Neutral,Germany,German,2024-11-18,True,3,4,4,4,3,4,Flipkart
31764,Mark Hernandez,24,Apple,iPhone 14,779.78,A$1193.06,AUD,1.53,2.0,Positive,Australia,English,2023-07-15,True,3,1,2,2,2,4,Amazon
4409,Olivia Cavalcanti,22,Realme,Realme Narzo 70,596.63,R$3400.79,BRL,5.7,2.0,Negative,Brazil,Portuguese,2023-01-28,True,1,2,4,3,2,2,eBay
15128,Vanessa Lynch,34,Samsung,Galaxy Note 20,1270.5,د.إ4662.73,AED,3.67,3.0,Neutral,UAE,English,2024-09-20,False,1,3,3,1,4,0,Amazon
20466,Roswita Ziegert,30,Xiaomi,Poco X6,451.6,€557.3,EUR,0.93,1.0,Negative,Germany,German,2023-06-20,True,1,1,1,1,2,2,eBay
15179,Cynthia Curtis,35,OnePlus,OnePlus Nord 3,364.45,$364.45 ,USD,1.0,1.0,Negative,USA,English,2022-11-24,True,1,1,1,1,1,4,Flipkart
16049,Maria Luiza Cassiano,23,Xiaomi,Mi 13 Pro,575.39,R$3279.72,BRL,5.7,4.0,Positive,Brazil,Portuguese,2023-10-22,True,3,3,4,3,4,4,eBay
22270,Ati Bumb,18,Realme,Realme 12 Pro,250.78,₹20814.74,INR,83.0,1.0,Negative,India,Hindi,2023-02-20,True,1,2,1,1,1,1,eBay
48939,Robert Schaefer,31,Google,Pixel 8,881.35,د.إ3234.55,AED,3.67,4.0,Positive,UAE,English,2024-10-28,True,4,4,2,4,3,8,AliExpress
19682,Sharon Cummings,30,OnePlus,OnePlus 12,368.69,A$564.1,AUD,1.53,3.0,Neutral,Australia,English,2025-06-12,False,2,3,1,2,2,2,Flipkart
18684,Courtney Richardson,34,Xiaomi,Redmi Note 13,510.57,$510.57 ,USD,1.0,1.0,Neutral,USA,English,2025-02-25,True,1,1,1,1,1,2,eBay
35536,Kala Barad,19,Apple,iPhone SE,898.58,₹74582.14,INR,83.0,4.0,Positive,India,Hindi,2024-07-10,True,3,3,4,2,3,4,AliExpress
16108,David Williams,34,Motorola,Razr 40,697.34,A$1066.93,AUD,1.53,3.0,Neutral,Australia,English,2023-11-20,False,3,3,3,1,3,1,Amazon
13760,Carrie Williams,33,Xiaomi,Redmi Note 13,532.25,د.إ1953.36,AED,3.67,4.0,Positive,UAE,English,2024-07-24,False,4,4,2,4,5,3,Amazon
24494,Emily Thomas,23,Xiaomi,Poco X6,223.49,A$341.94,AUD,1.53,2.0,Negative,Australia,English,2025-09-08,False,1,1,1,2,1,3,Flipkart
33815,Billy Newton,44,Samsung,Galaxy Note 20,559.11,£436.11,GBP,0.78,2.0,Neutral,UK,English,2024-12-17,True,1,1,3,1,2,2,Amazon
38797,Duncan Roberts,18,Samsung,Galaxy Note 20,511.83,£399.23,GBP,0.78,3.0,Neutral,UK,English,2024-12-31,True,4,1,3,3,2,1,BestBuy
9829,Maria Luísa Gonçalves,31,Apple,iPhone 13,1387.53,R$7908.92,BRL,5.7,5.0,Positive,Brazil,Portuguese,2023-02-18,True,5,5,4,4,5,4,AliExpress
37811,Ati Oak,36,Motorola,Razr 40,708.65,₹58817.95,INR,83.0,5.0,Positive,India,Hindi,2025-06-21,True,5,4,4,4,4,9,eBay
45298,Urmi Solanki,36,Samsung,Galaxy S24,592.37,₹49166.71,INR,83.0,3.0,Positive,India,Hindi,2025-01-30,True,1,5,1,3,3,2,BestBuy
36297,Patrick Rasmussen,30,Apple,iPhone 14,803.72,C$1109.13,CAD,1.38,1.0,Neutral,Canada,English,2023-03-06,False,2,1,1,1,1,3,BestBuy
19139,Michael Williams,46,OnePlus,OnePlus 11R,533.71,د.إ1958.72,AED,3.67,4.0,Positive,UAE,English,2023-08-03,True,3,4,2,2,3,3,Flipkart
28890,Ekiya Kala,18,Apple,iPhone 14,1490.04,₹123673.32,INR,83.0,4.0,Positive,India,Hindi,2023-07-04,True,4,2,2,3,4,5,Flipkart
11430,Christopher Hughes,18,Google,Pixel 8,756.7,A$1157.75,AUD,1.53,5.0,Positive,Australia,English,2025-06-09,True,3,4,5,5,5,8,Amazon
8474,Dr Duncan Perry,33,Samsung,Galaxy Note 20,1075.98,£839.26,GBP,0.78,3.0,Positive,UK,English,2024-01-23,True,2,2,4,4,2,8,AliExpress
31429,Natasha Freeman,28,Samsung,Galaxy S24,1151.38,C$1588.9,CAD,1.38,5.0,Positive,Canada,English,2023-08-15,False,3,4,5,3,4,5,AliExpress
25230,Emilie Sölzer,25,OnePlus,OnePlus 12,871.24,,EUR,0.93,3.1356009070294784,Neutral,Germany,German,2025-06-17,True,5,3,3,2,3,3,eBay
48134,Regina Young,31,Motorola,Razr 40,286.78,$286.78 ,USD,1.0,5.0,Positive,USA,English,2024-09-19,True,3,3,4,4,5,7,Amazon
5344,Ravi Costela,32,Xiaomi,Redmi Note 13,605.66,R$3452.26,BRL,5.7,3.0,Positive,Brazil,Portuguese,2024-07-05,False,2,2,2,3,1,8,Amazon
6430,Christine Winter-Green,29,Apple,iPhone 15 Pro,744.9,£581.02,GBP,0.78,3.0,Positive,UK,English,2025-02-28,False,2,3,3,4,4,1,BestBuy
10099,Sara Huff,34,Samsung,Galaxy Note 20,1148.06,د.إ4213.38,AED,3.67,4.0,Positive,UAE,English,2025-10-16,True,4,3,4,3,3,7,Amazon
32320,Uwe Dowerg,23,Motorola,Moto G Power,370.15,€344.24,EUR,0.93,2.0,Negative,Germany,German,2025-06-02,True,2,1,2,2,1,2,Amazon
19892,Kayla Bullock,18,Realme,Realme 12 Pro,340.94,A$521.64,AUD,1.53,4.0,Positive,Australia,English,2024-05-13,True,4,4,4,4,3,6,AliExpress
7469,Bobby Frost,20,Samsung,Galaxy Note 20,1200.86,A$1837.32,AUD,1.53,3.0,Positive,Australia,English,2023-10-26,False,3,3,3,2,1,3,eBay
34030,Tracy Huerta,24,OnePlus,OnePlus Nord 3,852.42,$852.42 ,USD,1.0,4.0,Positive,USA,English,2022-11-14,False,3,2,5,1,3,7,Amazon
38248,Francisco Moreira,32,Realme,Realme 12 Pro,204.62,,BRL,5.7,1.0,Negative,Brazil,Portuguese,2023-05-24,True,1,1,1,1,1,3,Flipkart
9621,Kimberly Becker,34,Samsung,Galaxy Note 20,905.775,,AUD,1.53,1.0,Negative,Australia,English,2024-06-09,False,1,1,1,1,1,0,Flipkart
24561,Heather Parker,37,Xiaomi,Poco X6,360.84,C$497.96,CAD,1.38,3.0,Negative,Canada,English,2025-01-14,True,2,2,3,3,2,0,Flipkart
5298,Donna White,34,Apple,iPhone SE,1384.75,£1080.11,GBP,0.78,3.0,Negative,UK,English,2024-06-05,True,2,4,1,2,3,1,BestBuy
10440,Sarah Costela,21,Apple,iPhone 14,1137.33,R$6482.78,BRL,5.7,2.0,Negative,Brazil,Portuguese,2024-08-12,True,1,2,3,2,3,5,Amazon
18111,Anmol Sarna,39,Samsung,Galaxy Z Flip,1026.95,₹85236.85,INR,83.0,3.0,Neutral,India,Hindi,2025-05-08,True,5,3,4,2,3,3,AliExpress
9562,Mr Francis Hicks,23,Motorola,Moto G Power,505.34,£257.6,GBP,0.78,4.0,Positive,UK,English,2025-05-17,True,5,4,5,3,2,5,Flipkart
48361,Theodoro Oliveira,22,OnePlus,OnePlus 11R,641.71,R$3657.75,BRL,5.7,1.0,Negative,Brazil,Portuguese,2023-10-08,False,1,1,1,2,1,2,Flipkart
7457,Brittney Cummings,44,Apple,iPhone 14,840.36,A$1285.75,AUD,1.53,3.1857311320754715,Neutral,Australia,English,2024-04-22,True,3,2,1,1,2,3,eBay
8664,Crystal Holmes,18,Samsung,Galaxy A55,559.16,A$855.51,AUD,1.53,3.092765460910152,Positive,Australia,English,2024-04-19,True,4,4,4,4,2,5,Flipkart
43406,Cheryl Hyde,28,OnePlus,OnePlus 11R,784.81,£612.15,GBP,0.78,5.0,Positive,UK,English,2023-10-08,True,5,5,5,5,3,3,BestBuy
13507,Scott Hooper,26,Google,Pixel 7a,809.44,C$847.89,CAD,1.38,4.0,Positive,Canada,English,2025-07-07,False,2,5,2,4,3,2,Flipkart
6891,Virginia Morales,37,Realme,Realme Narzo 70,521.83,C$720.13,CAD,1.38,5.0,Positive,Canada,English,2023-01-12,True,5,5,5,5,5,9,AliExpress
46831,Meghan Drake,28,Samsung,Galaxy Note 20,442.28,C$610.35,CAD,1.38,2.0,Neutral,Canada,English,2025-06-29,True,1,1,2,1,3,1,eBay
46704,Maya da Paz,21,Samsung,Galaxy Note 20,834.99,R$4759.44,BRL,5.7,4.0,Positive,Brazil,Portuguese,2025-02-03,True,2,3,3,5,2,3,BestBuy
39127,Virginia Wilson,27,Apple,iPhone 14,712.73,C$983.57,CAD,1.38,1.0,Negative,Canada,English,2024-12-02,True,2,1,1,1,1,3,BestBuy
38473,Dipl.-Ing. Michail Kensy,22,Apple,iPhone 14,706.41,€656.96,EUR,0.93,3.0,Positive,Germany,German,2023-10-11,True,2,2,4,3,2,7,AliExpress
6194,Diya Basu,18,Google,Pixel 8,708.74,₹58825.42,INR,83.0,4.0,Positive,India,Hindi,2024-08-05,True,4,4,5,5,5,8,Flipkart
33181,David Martinez,24,OnePlus,OnePlus 12,826.65,$826.65 ,USD,1.0,3.1356009070294784,Positive,USA,English,2022-12-11,False,4,2,3,4,3,6,Flipkart
4253,Amanda Johnson,32,Realme,Realme 12 Pro,270.23,$270.23 ,USD,1.0,4.0,Positive,USA,English,2023-07-04,False,3,4,5,3,4,6,AliExpress
15954,Igor Montenegro,31,Xiaomi,Poco X6,603.04,R$3437.33,BRL,5.7,4.0,Positive,Brazil,Portuguese,2024-10-19,True,5,5,3,3,5,2,Amazon
30521,Aarnav Chokshi,18,Realme,Realme Narzo 70,504.49,₹41872.67,INR,83.0,4.0,Positive,India,Hindi,2023-09-26,True,3,3,3,3,2,8,Flipkart
22808,Nancy Knight,21,Xiaomi,Redmi Note 13,450.8,C$437.5,CAD,1.38,2.0,Negative,Canada,English,2023-01-01,True,1,2,1,1,3,0,Amazon
21584,Dipl.-Ing. Marcus Hörle,18,Google,Pixel 7a,1071.63,€996.62,EUR,0.93,2.0,Neutral,Germany,German,2024-04-19,True,2,1,2,2,1,0,eBay
2419,Josué da Mota,23,Samsung,Galaxy Note 20,1245.72,R$7100.6,BRL,5.7,3.150789012273524,Neutral,Brazil,Portuguese,2023-04-18,False,4,3,3,3,5,4,Amazon
43474,Janani Dhar,38,Realme,Realme Narzo 70,419.07,₹34782.81,INR,83.0,3.0,Positive,India,Hindi,2024-01-02,True,3,1,3,2,3,5,Amazon
24110,Patrick Jones,41,OnePlus,OnePlus 12,631.91,$631.91 ,USD,1.0,2.0,Neutral,USA,English,2025-01-10,True,1,1,1,3,3,3,eBay
36561,Frau Manja Stolze,44,Motorola,Razr 40,572.62,€532.54,EUR,0.93,4.0,Positive,Germany,German,2025-06-11,True,3,2,3,3,3,5,eBay
31406,Kimberly Wood,18,Motorola,Razr 40,345.74,A$528.98,AUD,1.53,5.0,Positive,Australia,English,2024-06-16,True,5,5,5,5,5,5,Amazon
29906,Tyler Greene,25,Realme,Realme 12 Pro,533.71,A$816.58,AUD,1.53,4.0,Positive,Australia,English,2024-10-22,True,5,2,3,5,2,10,BestBuy
1955,Ernest Holden,34,Realme,Realme Narzo 70,341.47,$341.47 ,USD,1.0,1.0,Negative,USA,English,2023-07-04,True,1,1,2,1,1,1,AliExpress
35072,Jill Barton,22,Xiaomi,Redmi Note 13,456.1,$456.10 ,USD,1.0,3.1197273114614403,Positive,USA,English,2023-11-09,True,3,5,5,3,3,7,BestBuy
45791,Luísa Castro,50,Realme,Realme 12 Pro,496.27,,BRL,5.7,4.0,Positive,Brazil,Portuguese,2024-06-16,False,2,3,2,2,5,5,AliExpress
10658,Murilo Araújo,34,Google,Pixel 7a,870.85,,BRL,5.7,1.0,Neutral,Brazil,Portuguese,2023-10-05,False,1,1,1,1,1,1,Amazon
3026,Shannon Morris,18,Xiaomi,Redmi Note 13,634.71,$634.71 ,USD,1.0,2.0,Neutral,USA,English,2023-01-11,True,1,1,3,2,1,0,AliExpress
27392,Matthew Wilson,18,Motorola,Moto G Power,219.55,د.إ805.75,AED,3.67,3.0,Positive,UAE,English,2023-06-23,True,3,3,2,1,2,4,BestBuy
13971,Aaron Blake,19,Realme,Realme 12 Pro,390.65,£304.71,GBP,0.78,1.0,Negative,UK,English,2024-03-11,False,1,2,1,1,1,2,Amazon
2117,Dale Gardner,40,OnePlus,OnePlus Nord 3,826.68,£644.81,GBP,0.78,3.0,Neutral,UK,English,2024-05-24,True,2,2,3,1,3,1,Amazon
44219,Shannon Woods,19,Xiaomi,Mi 13 Pro,443.83,د.إ1591.42,AED,3.67,3.0,Neutral,UAE,English,2025-07-09,True,2,2,1,3,2,1,Amazon
18634,Michelle Mendez,27,OnePlus,OnePlus Nord 3,873.83,$873.83 ,USD,1.0,1.0,Negative,USA,English,2024-11-23,False,1,1,1,1,1,5,Flipkart
7921,Mrs. Vanessa Tran,29,Google,Pixel 6,906.31,C$1250.71,CAD,1.38,3.1190370040124837,Neutral,Canada,English,2024-01-17,True,3,1,1,1,2,0,AliExpress
31123,Dorothy Cooper,27,Google,Pixel 8,957.86,£747.13,GBP,0.78,4.0,Positive,UK,English,2023-05-19,True,3,3,4,4,4,5,Amazon
7343,Dominic Hall,18,Realme,Realme Narzo 70,392.8200000000001,£198.74,GBP,0.78,2.0,Neutral,UK,English,2022-11-07,True,1,1,1,1,3,0,BestBuy
22168,Mr Stuart Saunders,18,Google,Pixel 7a,1026.89,£800.97,GBP,0.78,3.0,Positive,UK,English,2023-11-29,True,1,2,2,1,2,5,Amazon
14132,Mark Hill,52,Motorola,Edge 50,322.97,A$494.14,AUD,1.53,4.0,Positive,Australia,English,2025-03-09,True,3,4,4,3,3,5,
2869,Kenneth Johnson,49,Motorola,Edge 50,503.14,A$769.8,AUD,1.53,3.0,Positive,Australia,English,2023-12-22,True,1,2,3,2,3,2,eBay
3654,Shaun Byrne,18,Samsung,Galaxy Note 20,870.59,£679.06,GBP,0.78,5.0,Positive,UK,English,2024-03-12,True,4,4,4,4,4,4,Amazon
21995,Melanie Godfrey,20,Apple,iPhone SE,1421.59,£1108.84,GBP,0.78,4.0,Positive,UK,English,2023-07-12,True,3,5,2,2,5,4,BestBuy
22372,Kathryn White,24,OnePlus,OnePlus 11R,495.64,A$758.33,AUD,1.53,1.0,Neutral,Australia,English,2025-02-26,True,1,1,2,2,1,3,Amazon
26474,Reiner Wähner,27,OnePlus,OnePlus Nord 3,562.05,€522.71,EUR,0.93,3.0,Negative,Germany,German,2022-11-24,True,2,2,4,1,2,0,eBay
9737,Lorenzo Casa Grande,44,Motorola,Edge 50,799.91,R$4559.49,BRL,5.7,3.092575618698442,Negative,Brazil,Portuguese,2023-10-27,True,3,3,2,5,1,8,Amazon
49794,Mr Roy Barnett,31,Motorola,Moto G Power,677.63,£528.55,GBP,0.78,3.128399465002229,Positive,UK,English,2022-12-05,False,4,5,4,4,5,4,AliExpress
26601,Aadhya Hans,27,Motorola,Razr 40,222.45,₹18463.35,INR,83.0,4.0,Positive,India,Hindi,2024-11-05,True,3,5,3,4,3,4,eBay
25542,Rachael Waters,33,Motorola,Razr 40,692.54,£540.18,GBP,0.78,1.0,Neutral,UK,English,2023-02-05,True,1,1,1,1,1,3,
38906,James Rich,45,Apple,iPhone 14,880.99,$880.99 ,USD,1.0,3.0,Neutral,USA,English,2023-01-04,False,3,4,4,3,3,1,AliExpress
15086,Robin White,28,Google,Pixel 6,918.33,د.إ3370.27,AED,3.67,5.0,Positive,UAE,English,2025-06-06,False,5,4,5,4,4,4,Flipkart
40413,Eloah da Mota,18,Motorola,Edge 50,493.43,R$2812.55,BRL,5.7,4.0,Positive,Brazil,Portuguese,2025-05-10,True,4,4,3,3,4,5,BestBuy
18279,Nigel Barker,23,Xiaomi,Poco X6,427.72,£333.62,GBP,0.78,1.0,Negative,UK,English,2025-02-17,False,1,1,1,1,1,1,Flipkart
18290,Maitê Nunes,46,OnePlus,OnePlus 11R,397.44,R$2265.41,BRL,5.7,3.1173688736027514,Positive,Brazil,Portuguese,2024-12-12,True,4,4,4,4,3,7,AliExpress
2970,Benicio Moreira,26,Realme,Realme 12 Pro,565.37,R$3222.61,BRL,5.7,1.0,Negative,Brazil,Portuguese,2023-09-13,True,1,3,1,1,1,2,eBay
28557,Olivia Ritter,18,Samsung,Galaxy A55,722.24,د.إ2650.62,AED,3.67,2.0,Positive,UAE,English,2025-03-22,True,1,3,1,3,1,3,eBay
6836,Sr. Joaquim da Cruz,41,Motorola,Moto G Power,203.67,R$1160.92,BRL,5.7,2.0,Neutral,Brazil,Portuguese,2024-01-01,True,1,2,1,1,1,1,Flipkart
45468,Sai Gour,18,OnePlus,OnePlus 11R,917.44,₹76147.52,INR,83.0,3.0,Positive,India,Hindi,2025-04-18,True,4,2,3,3,2,9,AliExpress
13580,Wendy Richards,20,OnePlus,OnePlus 12,747.26,£582.86,GBP,0.78,4.0,Positive,UK,English,2024-02-16,True,5,3,3,4,4,5,Flipkart
32129,Ira Sahni,40,Xiaomi,Redmi Note 13,605.53,₹50258.99,INR,83.0,5.0,Positive,India,Hindi,2025-10-20,True,3,5,5,3,4,3,
23444,Henrike Stoll,41,Samsung,Galaxy Z Flip,754.9,€702.06,EUR,0.93,2.0,Neutral,Germany,German,2024-06-30,True,2,2,1,2,1,2,Flipkart
145,Lunna Cunha,40,OnePlus,OnePlus 11R,574.4,R$3274.08,BRL,5.7,3.1173688736027514,Positive,Brazil,Portuguese,2024-09-27,False,3,3,2,2,4,6,AliExpress
29707,Robin Jackson,20,Google,Pixel 7a,752.59,£587.02,GBP,0.78,4.0,Positive,UK,English,2023-02-25,True,3,3,3,4,5,2,BestBuy
9878,Eckard Wende,25,Apple,iPhone SE,1088.91,€1012.69,EUR,0.93,4.0,Positive,Germany,German,2024-04-22,True,2,3,5,3,5,4,eBay
17582,Marion Butler,21,Xiaomi,Mi 13 Pro,418.48,£326.41,GBP,0.78,1.0,Neutral,UK,English,2023-12-01,True,1,1,1,1,2,3,BestBuy
33252,Angela Walter,34,Xiaomi,Poco X6,477.41,د.إ1752.09,AED,3.67,2.0,Neutral,UAE,English,2024-12-22,True,1,2,2,1,2,2,BestBuy
16345,Nicholas Lall,19,Motorola,Razr 40,531.55,₹44118.65,INR,83.0,2.0,Neutral,India,Hindi,2023-04-22,True,2,1,1,2,2,3,Amazon
24104,Joaquim Novais,44,Apple,iPhone 15 Pro,1256.0,R$7159.2,BRL,5.7,1.0,Negative,Brazil,Portuguese,2023-11-14,False,1,1,2,1,1,3,AliExpress
47235,Samantha Reed,31,Xiaomi,Poco X6,590.26,$590.26 ,USD,1.0,2.0,Neutral,USA,English,2024-01-02,True,1,1,2,1,1,3,BestBuy
4623,Parth Doshi,46,Samsung,Galaxy S24,531.08,₹44079.64,INR,83.0,2.0,Neutral,India,Hindi,2024-01-21,True,2,1,3,2,2,3,AliExpress
40553,Mrs. Charlotte Santiago,37,Apple,iPhone 14,1223.04,C$1687.8,CAD,1.38,2.0,Neutral,Canada,English,2023-01-12,True,1,3,1,1,2,2,AliExpress
1254,Luana Duarte,31,Motorola,Edge 50,641.22,R$3654.95,BRL,5.7,1.0,Negative,Brazil,Portuguese,2023-06-25,False,1,1,1,1,1,0,Flipkart
13076,Eshana Chaudhuri,27,Xiaomi,Mi 13 Pro,517.4,₹42944.2,INR,83.0,4.0,Positive,India,Hindi,2024-01-05,True,3,3,5,4,5,3,AliExpress
28365,Kyle Tucker,49,Google,Pixel 7a,748.38,د.إ2746.55,AED,3.67,3.0,Negative,UAE,English,2023-01-03,True,2,3,3,3,3,0,Flipkart
7144,Allen Moody,36,Motorola,Moto G Power,797.45,$797.45 ,USD,1.0,4.0,Positive,USA,English,2023-07-31,False,4,2,4,5,4,4,AliExpress
17839,Dr. Sara Herrmann B.A.,36,Google,Pixel 7a,809.44,€760.89,EUR,0.93,2.0,Negative,Germany,German,2025-02-28,False,2,2,2,1,2,2,BestBuy
31493,Ernestine Ernst,22,Realme,Realme 12 Pro,564.49,€524.98,EUR,0.93,5.0,Positive,Germany,German,2024-03-19,True,3,3,4,5,5,9,AliExpress
30169,Dr. Mariele Hübel B.Sc.,23,OnePlus,OnePlus 11R,728.36,€677.37,EUR,0.93,2.0,Neutral,Germany,German,2022-10-31,True,1,1,1,2,2,1,Flipkart
41841,Ing. Susanne Meyer B.A.,45,OnePlus,OnePlus 11R,992.99,€923.48,EUR,0.93,2.0,Neutral,Germany,German,2023-02-17,True,3,1,3,2,2,0,
40085,Yasmin Dobes,24,Google,Pixel 7a,824.95,€767.2,EUR,0.93,4.0,Positive,Germany,German,2024-08-26,True,3,4,5,2,2,4,eBay
12801,Shelby Grimes,27,Google,Pixel 8,960.38,C$1325.32,CAD,1.38,4.0,Neutral,Canada,English,2023-09-15,True,2,4,3,2,3,1,AliExpress
6195,Joe Mendez PhD,18,Realme,Realme Narzo 70,384.26,د.إ1410.23,AED,3.67,2.0,Negative,UAE,English,2023-10-06,False,2,2,2,2,2,6,eBay
13686,Emily Lucas,19,Samsung,Galaxy Note 20,500.2,A$765.31,AUD,1.53,2.0,Neutral,Australia,English,2025-01-16,False,3,2,1,2,2,0,eBay
23380,Artur Haase-Trupp,25,OnePlus,OnePlus 12,422.19,€392.64,EUR,0.93,3.0,Neutral,Germany,German,2025-09-10,True,2,1,2,4,4,2,BestBuy
27064,David Fitzpatrick,40,Motorola,Moto G Power,487.4,د.إ1788.76,AED,3.67,2.0,Neutral,UAE,English,2023-05-28,True,2,1,1,1,3,2,eBay
34163,Franz-Xaver Walter,18,Google,Pixel 8,731.23,€680.04,EUR,0.93,1.0,Negative,Germany,German,2024-11-07,True,1,3,1,1,2,4,Flipkart
45521,Reinhardt Schomber,45,OnePlus,OnePlus 11R,781.16,€726.48,EUR,0.93,5.0,Positive,Germany,German,2023-08-16,True,5,5,4,4,5,6,Flipkart
16543,Michael Murphy,28,Samsung,Galaxy S24,789.69,د.إ2898.16,AED,3.67,5.0,Positive,UAE,English,2025-07-06,True,5,5,5,4,4,6,AliExpress
14564,Sophie Siqueira,37,Samsung,Galaxy S24,782.89,,BRL,5.7,1.0,Neutral,Brazil,Portuguese,2023-05-02,True,1,1,1,2,1,4,AliExpress
26766,Hilary Robinson-Scott,32,Google,Pixel 7a,620.75,£484.19,GBP,0.78,3.0,Neutral,UK,English,2023-12-18,True,2,4,2,2,3,2,Flipkart
49616,Jennifer Crawford,27,Google,Pixel 7a,809.44,A$1326.45,AUD,1.53,2.0,Positive,Australia,English,2024-11-13,True,1,2,3,2,2,6,Amazon
10854,Frank Black,25,Samsung,Galaxy Z Flip,1123.15,£876.06,GBP,0.78,4.0,Positive,UK,English,2025-09-01,True,4,4,3,3,3,8,Flipkart
29181,Shivani Majumdar,18,Samsung,Galaxy A55,1165.52,₹96738.16,INR,83.0,2.0,Neutral,India,Hindi,2025-07-05,False,1,2,1,2,3,1,Flipkart
39363,Dr. Guilherme das Neves,35,Realme,Realme 12 Pro,520.33,R$2965.88,BRL,5.7,5.0,Positive,Brazil,Portuguese,2022-12-01,True,5,5,5,4,5,5,eBay
38960,Steve Lin,50,Motorola,Moto G Power,538.02,C$742.47,CAD,1.38,3.0,Neutral,Canada,English,2025-08-01,True,3,3,4,1,2,0,eBay
12372,Maria-Theresia Gutknecht,26,Apple,iPhone 15 Pro,854.29,€794.49,EUR,0.93,2.0,Negative,Germany,German,2022-11-25,False,1,1,1,1,1,0,Flipkart
44510,Senol Hethur,29,Samsung,Galaxy A55,1275.63,€1186.34,EUR,0.93,3.0,Positive,Germany,German,2025-04-04,True,3,1,2,2,2,7,BestBuy
28233,Barbara Mercer,23,Apple,iPhone SE,759.48,د.إ2787.29,AED,3.67,2.0,Negative,UAE,English,2024-11-05,True,2,1,3,1,1,0,eBay
12124,Charles Brown,42,Realme,Realme Narzo 70,433.54,£338.16,GBP,0.78,1.0,Negative,UK,English,2024-07-23,True,2,1,1,1,1,3,AliExpress
17312,Ester Langern,53,Apple,iPhone 13,1074.88,€999.64,EUR,0.93,5.0,Positive,Germany,German,2025-05-14,True,5,4,4,5,4,7,eBay
33818,Shelly Kelly,33,Samsung,Galaxy Z Flip,448.76,$448.76 ,USD,1.0,4.0,Positive,USA,English,2023-05-21,True,5,1,3,4,4,10,eBay
3618,Colton Lawson,38,Samsung,Galaxy S24,987.02,$987.02 ,USD,1.0,2.0,Neutral,USA,English,2024-12-05,True,3,2,1,3,1,1,Amazon
1122,Lina Rose-Schweitzer,43,Motorola,Razr 40,591.39,€549.99,EUR,0.93,2.0,Neutral,Germany,German,2022-11-19,True,1,2,1,1,1,2,AliExpress
48746,David Henry,18,Google,Pixel 7a,1018.01,A$1557.56,AUD,1.53,1.0,Negative,Australia,English,2024-03-16,True,1,1,1,1,1,2,Flipkart
26186,Jeffrey Bell,18,Apple,iPhone 15 Pro,1140.36,"$1,140.36 ",USD,1.0,2.0,Neutral,USA,English,2024-01-26,True,1,1,2,1,3,0,Amazon
31589,Joseph Kelley,23,OnePlus,OnePlus 11R,455.01,A$696.17,AUD,1.53,5.0,Positive,Australia,English,2022-11-11,True,4,4,4,4,4,3,Amazon
43814,Jared Williams PhD,36,OnePlus,OnePlus Nord 3,669.4,$758.80 ,USD,1.0,4.0,Positive,USA,English,2024-01-13,False,4,5,5,5,2,2,Flipkart
24804,Randy Williams,18,Motorola,Moto G Power,598.31,A$915.41,AUD,1.53,2.0,Neutral,Australia,English,2023-05-15,True,2,1,1,1,1,2,eBay
28453,Ariana Stevens,18,Motorola,Razr 40,738.42,$738.42 ,USD,1.0,5.0,Positive,USA,English,2024-12-13,True,5,5,4,4,4,9,AliExpress
35352,Richard Lopez,55,OnePlus,OnePlus 12,873.41,,USD,1.0,4.0,Neutral,USA,English,2023-07-17,True,3,5,5,4,4,1,Flipkart
32606,Srta. Ayla Camargo,35,Google,Pixel 7a,701.94,R$4001.06,BRL,5.7,4.0,Positive,Brazil,Portuguese,2024-03-25,True,4,4,3,4,4,6,Amazon
31578,Doreen Schüler-Hentschel,38,Xiaomi,Mi 13 Pro,425.05,€395.3,EUR,0.93,3.0,Neutral,Germany,German,2025-06-18,True,4,3,2,3,2,1,AliExpress
32898,Maria Clara Marques,36,Realme,Realme Narzo 70,275.68,R$1571.38,BRL,5.7,4.0,Positive,Brazil,Portuguese,2023-12-21,True,2,3,3,2,5,9,
21749,Dr. Zoltan Graf,24,Google,Pixel 7a,879.91,,EUR,0.93,3.0,Positive,Germany,German,2025-10-21,True,2,4,2,2,2,5,Amazon
10211,Jacqueline Austin,18,Motorola,Razr 40,757.27,A$1158.62,AUD,1.53,3.0,Positive,Australia,English,2023-07-25,True,1,2,3,1,3,8,BestBuy
30479,Rick Lynn,40,Xiaomi,Poco X6,401.22,$401.22 ,USD,1.0,2.0,Negative,USA,English,2025-03-22,True,1,2,3,1,3,1,Flipkart
24527,Panini Kurian,18,Xiaomi,Poco X6,215.86,₹17916.38,INR,83.0,1.0,Negative,India,Hindi,2025-03-19,False,1,1,1,1,1,0,AliExpress
39454,Ing. Dirk Adler,22,OnePlus,OnePlus 12,641.84,€596.91,EUR,0.93,2.0,Neutral,Germany,German,2022-12-06,True,3,1,3,3,2,1,Flipkart
48003,Kevin Allen,32,Apple,iPhone 13,701.72,C$968.37,CAD,1.38,2.0,Positive,Canada,English,2023-05-03,True,1,1,2,1,2,2,eBay
21366,Daniel Shaw,27,Motorola,Edge 50,528.37,A$808.41,AUD,1.53,3.0,Negative,Australia,English,2024-01-18,True,3,4,2,2,3,1,BestBuy
22816,Jessica Stone,18,Samsung,Galaxy S24,676.38,A$1034.86,AUD,1.53,4.0,Positive,Australia,English,2023-01-08,True,4,2,2,4,3,6,eBay
33754,Joel Mcclain,38,Google,Pixel 7a,1014.95,A$1552.87,AUD,1.53,3.0,Negative,Australia,English,2025-08-04,True,3,2,3,1,5,0,AliExpress
41620,Bettina Binner,38,Apple,iPhone 13,1306.77,€1215.3,EUR,0.93,2.0,Positive,Germany,German,2023-06-17,True,1,1,2,3,1,5,AliExpress
20331,Doris Reynolds,38,Google,Pixel 7a,605.86,د.إ2223.51,AED,3.67,4.0,Neutral,UAE,English,2024-03-26,True,2,5,2,3,2,6,eBay
27652,Harish Ramanathan,27,Xiaomi,Poco X6,567.5,₹47102.5,INR,83.0,4.0,Positive,India,Hindi,2025-02-09,True,4,5,2,4,4,2,eBay
16034,Steven Cobb,22,OnePlus,OnePlus Nord 3,927.28,C$1279.65,CAD,1.38,1.0,Negative,Canada,English,2024-12-03,True,1,1,1,1,2,0,eBay
45694,Vinicius Caldeira,18,Motorola,Razr 40,253.65,R$1445.81,BRL,5.7,3.0,Negative,Brazil,Portuguese,2023-01-21,True,4,3,2,1,3,0,
43868,Marc Holloway,22,Motorola,Razr 40,433.5,د.إ1590.94,AED,3.67,4.0,Positive,UAE,English,2025-08-01,True,4,3,4,5,3,3,AliExpress
7880,Nirja Comar,38,Apple,iPhone 14,957.0,₹79431.0,INR,83.0,4.0,Positive,India,Hindi,2024-10-21,True,4,4,5,4,4,2,
2085,Grant Wood,43,Google,Pixel 7a,982.86,$982.86 ,USD,1.0,3.0,Neutral,USA,English,2022-11-03,True,2,2,3,3,3,0,eBay
36921,Dino Radisch-Bonbach,24,Xiaomi,Mi 13 Pro,392.37,€364.9,EUR,0.93,2.0,Negative,Germany,German,2025-05-01,True,1,1,4,1,1,0,AliExpress
12688,Jesus Jackson,22,Apple,iPhone 15 Pro,1311.53,C$1809.91,CAD,1.38,2.0,Positive,Canada,English,2023-06-01,True,1,1,1,1,2,4,eBay
13322,Marcelo Costela,25,Google,Pixel 6,555.4,R$3165.78,BRL,5.7,4.0,Positive,Brazil,Portuguese,2025-03-19,True,4,3,3,3,3,4,Flipkart
17833,Amanda Wallace,18,OnePlus,OnePlus 11R,473.06,د.إ1736.13,AED,3.67,2.0,Negative,UAE,English,2023-06-30,False,1,1,2,2,1,1,BestBuy
32611,Faris Bir,40,Samsung,Galaxy S24,1289.33,₹107014.39,INR,83.0,4.0,Positive,India,Hindi,2024-07-01,True,3,5,3,4,4,6,AliExpress
46169,Jesse Buck,31,Apple,iPhone SE,844.64,$844.64 ,USD,1.0,3.101813926272674,Positive,USA,English,2024-05-28,True,3,5,5,4,4,2,eBay
45418,Danilo Guerra,30,Xiaomi,Poco X6,219.97,R$1253.83,BRL,5.7,1.0,Neutral,Brazil,Portuguese,2023-09-16,True,1,1,2,2,1,1,eBay
4036,Stephany da Mata,59,Apple,iPhone 14,1306.08,R$7444.66,BRL,5.7,1.0,Neutral,Brazil,Portuguese,2025-04-04,False,1,2,1,1,1,2,Flipkart
23657,Robert Baker,42,Apple,iPhone 13,1139.58,د.إ4182.26,AED,3.67,2.0,Negative,UAE,English,2023-04-22,True,1,2,1,2,1,3,BestBuy
19013,Nicholas Wells,28,Motorola,Moto G Power,349.07,A$534.08,AUD,1.53,1.0,Negative,Australia,English,2023-06-25,True,2,1,1,1,1,2,Amazon
44034,Larissa Moraes,21,Samsung,Galaxy A55,849.55,R$4842.43,BRL,5.7,5.0,Positive,Brazil,Portuguese,2023-12-25,True,3,5,4,4,4,6,AliExpress
400,John Mistry,43,Apple,iPhone 14,1000.95,£780.74,GBP,0.78,3.1857311320754715,Positive,UK,English,2025-04-02,True,4,4,1,2,4,5,
28161,Jack Ratti,43,OnePlus,OnePlus 12,710.37,₹58960.71,INR,83.0,4.0,Positive,India,Hindi,2024-08-11,True,4,4,2,4,3,4,eBay
17437,Jason Phillips,18,Apple,iPhone SE,1096.32,A$1677.37,AUD,1.53,5.0,Positive,Australia,English,2023-04-19,True,5,5,4,5,5,11,AliExpress
41096,Albertine Adolph,29,Samsung,Galaxy Note 20,897.54,€834.71,EUR,0.93,3.0,Positive,Germany,German,2025-05-31,True,3,3,3,4,2,7,Flipkart
22495,Berndt Bähr,18,Realme,Realme 12 Pro,414.43,€385.42,EUR,0.93,3.0,Positive,Germany,German,2023-04-11,True,3,3,1,3,1,4,Amazon
30823,Dr Ross Gregory,40,Apple,iPhone 15 Pro,976.24,,GBP,0.78,3.0839243498817965,Positive,UK,English,2024-07-31,True,2,1,2,2,2,9,BestBuy
20051,Ana Carolina Albuquerque,25,Realme,Realme Narzo 70,422.52,R$2408.36,BRL,5.7,4.0,Positive,Brazil,Portuguese,2022-12-17,False,2,5,4,4,3,8,Amazon
40023,Melinda Edwards,32,Realme,Realme 12 Pro,357.5,A$546.98,AUD,1.53,3.0,Neutral,Australia,English,2023-02-27,True,1,3,3,3,4,6,eBay
12760,Ethan Bailey,33,OnePlus,OnePlus 12,548.26,A$838.84,AUD,1.53,1.0,Negative,Australia,English,2023-06-05,True,1,1,1,1,1,2,BestBuy
31167,Grzegorz Krein-Eimer,28,Google,Pixel 8,995.14,€925.48,EUR,0.93,3.0,Positive,Germany,German,2023-04-02,False,3,4,3,3,3,1,Flipkart
6468,Aditya Wali,40,Google,Pixel 8,660.06,₹54784.98,INR,83.0,3.0,Positive,India,Hindi,2024-01-03,False,2,2,2,4,2,6,eBay
32238,Ronald Miller,25,Motorola,Edge 50,302.3,A$462.52,AUD,1.53,5.0,Positive,Australia,English,2025-04-09,True,4,4,3,5,3,7,Flipkart
1373,Jessica Parsons,29,Motorola,Razr 40,419.94,د.إ1541.18,AED,3.67,2.0,Neutral,UAE,English,2025-05-23,False,2,1,2,2,1,1,eBay
38359,Radhika Lanka,35,Realme,Realme 12 Pro,396.41,₹43762.58,INR,83.0,2.0,Positive,India,Hindi,2025-03-10,False,1,1,2,2,1,5,BestBuy
927,Udant Mohanty,36,Realme,Realme 12 Pro,233.1,₹19347.3,INR,83.0,3.147565320665083,Neutral,India,Hindi,2024-08-05,True,1,1,4,2,1,2,BestBuy
35818,Billy Lewis,18,Google,Pixel 6,1080.74,A$1653.53,AUD,1.53,4.0,Positive,Australia,English,2023-09-21,True,4,3,4,4,5,5,BestBuy
10116,Katelyn Ball,47,Realme,Realme Narzo 70,406.33,$406.33 ,USD,1.0,3.0,Neutral,USA,English,2024-10-08,True,5,2,4,3,2,5,AliExpress
8319,Joseph Page,29,Realme,Realme 12 Pro,537.82,C$742.19,CAD,1.38,2.0,Positive,Canada,English,2025-06-20,True,1,1,2,2,1,5,BestBuy
26073,Jason Johnson,32,Realme,Realme 12 Pro,240.38,,AUD,1.53,5.0,Positive,Australia,English,2022-12-10,False,5,4,3,4,3,2,eBay
29730,Russell Gibson,18,Samsung,Galaxy A55,453.21,£353.5,GBP,0.78,1.0,Negative,UK,English,2024-10-09,True,1,2,1,1,1,1,eBay
9626,Dr. Nermin Matthäi,35,Realme,Realme 12 Pro,259.92,€241.73,EUR,0.93,2.0,Neutral,Germany,German,2024-02-14,True,2,2,1,1,2,2,Amazon
3786,Jennifer Goodwin,31,OnePlus,OnePlus 12,480.16,$480.16 ,USD,1.0,4.0,Positive,USA,English,2022-12-27,True,3,3,3,2,3,5,AliExpress
20886,Dustin Johnson,32,Xiaomi,Poco X6,489.44,د.إ1796.24,AED,3.67,4.0,Neutral,UAE,English,2024-01-28,True,2,4,2,5,5,3,BestBuy
6905,Kyle Lynch,32,Realme,Realme 12 Pro,386.53,C$533.41,CAD,1.38,3.0,Neutral,Canada,English,2023-09-25,True,2,3,2,3,3,1,eBay
6479,Bryan Duarte,43,Apple,iPhone 14,1327.74,R$7568.12,BRL,5.7,3.0,Neutral,Brazil,Portuguese,2025-07-12,True,1,4,3,3,2,1,AliExpress
27149,Qarin Keer,47,Google,Pixel 8,579.67,₹48112.61,INR,83.0,4.0,Positive,India,Hindi,2025-03-24,True,3,3,2,5,3,4,Flipkart
33658,Denise Miller,23,Apple,iPhone 14,1037.69,C$1432.01,CAD,1.38,4.0,Neutral,Canada,English,2024-03-11,False,5,3,4,4,3,0,AliExpress
38900,Nicole Saunders,39,OnePlus,OnePlus 12,865.26,£674.9,GBP,0.78,3.0,Positive,UK,English,2023-05-20,True,3,1,2,2,2,5,eBay
26817,Billy Evans,19,OnePlus,OnePlus 12,431.78,£336.79,GBP,0.78,2.0,Negative,UK,English,2024-10-13,True,2,1,1,1,2,4,Flipkart
35547,Isabella Pereira,18,Apple,iPhone SE,874.14,R$4982.6,BRL,5.7,4.0,Positive,Brazil,Portuguese,2023-01-01,True,3,5,3,5,4,3,Flipkart
41572,Katharine Nette,31,Samsung,Galaxy S24,1114.44,€1036.43,EUR,0.93,5.0,Positive,Germany,German,2023-11-27,True,5,5,3,5,4,4,BestBuy
24448,Jennifer Snyder,27,Motorola,Moto G Power,755.4,A$1155.76,AUD,1.53,1.0,Negative,Australia,English,2024-11-28,True,1,1,1,2,1,1,BestBuy
30246,Sr. Anthony Gabriel Pinto,26,Google,Pixel 8,681.29,,BRL,5.7,3.0,Neutral,Brazil,Portuguese,2025-04-09,True,1,3,4,2,1,2,eBay
22558,Mariana Rodrigues,20,Apple,iPhone SE,1029.44,,BRL,5.7,4.0,Positive,Brazil,Portuguese,2023-12-11,True,1,2,2,5,4,5,Amazon
45579,Charles Lamb,21,OnePlus,OnePlus Nord 3,494.82,$494.82 ,USD,1.0,1.0,Negative,USA,English,2024-11-13,False,1,1,3,1,1,4,Amazon
17736,Julie Reese,32,Motorola,Edge 50,425.51,C$587.2,CAD,1.38,3.0,Positive,Canada,English,2023-03-16,False,3,1,2,2,3,4,eBay
25981,Eric Cole,26,Motorola,Moto G Power,550.05,A$841.58,AUD,1.53,4.0,Neutral,Australia,English,2023-03-24,True,5,1,3,2,5,4,AliExpress
5865,Mr Kieran Marsden,23,Xiaomi,Mi 13 Pro,374.85,£292.38,GBP,0.78,5.0,Positive,UK,English,2024-05-24,True,5,5,4,5,5,2,Flipkart
6530,Marilyn Mitchell,44,Apple,iPhone 15 Pro,1290.68,£1006.73,GBP,0.78,4.0,Positive,UK,English,2025-01-30,True,2,2,3,4,2,3,
10537,Maria Clark,37,Samsung,Galaxy Z Flip,445.43,$445.43 ,USD,1.0,3.0,Positive,USA,English,2023-08-08,True,1,3,3,2,2,5,Flipkart
28213,Diane Nash,32,Realme,Realme 12 Pro,292.73,$292.73 ,USD,1.0,3.0,Neutral,USA,English,2025-01-29,True,2,2,2,3,3,1,eBay
7361,Johnathan Vasquez,24,Realme,Realme Narzo 70,392.8200000000001,د.إ1324.17,AED,3.67,2.0,Neutral,UAE,English,2024-11-14,True,1,2,2,1,2,3,
38903,Laurie Hughes,44,Google,Pixel 8,884.75,A$1353.67,AUD,1.53,1.0,Negative,Australia,English,2023-08-26,True,1,1,1,1,2,3,AliExpress
12511,Alida Roskoth-Bauer,28,Realme,Realme Narzo 70,536.84,,EUR,0.93,4.0,Positive,Germany,German,2023-02-14,False,4,5,2,5,4,3,Amazon
10454,Dwayne Wilson,29,Google,Pixel 8,553.46,د.إ2031.2,AED,3.67,4.0,Positive,UAE,English,2024-01-09,True,4,4,1,4,4,3,eBay
18378,Gustavo Henrique Nunes,18,Motorola,Razr 40,605.46,R$3451.12,BRL,5.7,3.108496732026144,Positive,Brazil,Portuguese,2022-11-23,True,3,3,5,2,3,4,AliExpress
20738,Lorena Viana,30,Google,Pixel 8,763.82,R$4353.77,BRL,5.7,3.0,Negative,Brazil,Portuguese,2024-11-22,True,3,3,2,5,3,0,Amazon
43336,Jennifer Medina,31,Realme,Realme Narzo 70,187.46,A$286.81,AUD,1.53,5.0,Positive,Australia,English,2025-06-23,True,3,4,4,5,4,4,eBay
8394,Ashley Nicholls,18,Google,Pixel 6,856.59,£668.14,GBP,0.78,5.0,Positive,UK,English,2025-04-14,False,5,5,3,4,5,3,AliExpress
21103,John Cortez,40,Google,Pixel 7a,727.33,C$1003.72,CAD,1.38,5.0,Positive,Canada,English,2022-11-17,True,4,4,4,5,3,5,AliExpress
1163,Molly Hansen,26,Motorola,Edge 50,222.79,$222.79 ,USD,1.0,4.0,Positive,USA,English,2025-04-14,False,5,2,3,3,5,8,Amazon
2532,James Brown,29,Samsung,Galaxy A55,445.02,$445.02 ,USD,1.0,4.0,Positive,USA,English,2024-05-21,True,4,4,4,4,4,5,BestBuy
7845,Kevin Gilbert,31,Apple,iPhone SE,954.76,A$1460.78,AUD,1.53,3.0,Neutral,Australia,English,2025-05-29,True,2,3,3,2,3,1,AliExpress
26048,Meghan Lewis MD,19,Realme,Realme Narzo 70,392.8200000000001,$503.04 ,USD,1.0,4.0,Positive,USA,English,2023-09-02,False,3,4,4,4,4,3,AliExpress
39017,Emily Cowan,38,Samsung,Galaxy S24,475.52,C$656.22,CAD,1.38,2.0,Neutral,Canada,English,2023-11-13,True,3,2,1,2,2,2,AliExpress
41843,Heini Römer-Schomber,47,OnePlus,OnePlus 12,976.17,€907.84,EUR,0.93,5.0,Positive,Germany,German,2022-12-01,False,4,5,3,5,4,6,eBay
12703,Henry Randhawa,24,Apple,iPhone 15 Pro,992.38,₹82367.54,INR,83.0,1.0,Negative,India,Hindi,2024-05-13,True,1,1,1,1,1,3,eBay
33513,Amy Lopez,26,Motorola,Edge 50,514.92,د.إ1306.59,AED,3.67,4.0,Positive,UAE,English,2023-04-09,True,5,5,4,3,3,3,BestBuy
19803,Dev Nori,38,Google,Pixel 7a,706.18,₹58612.94,INR,83.0,3.0,Neutral,India,Hindi,2024-01-27,True,2,3,1,2,3,2,
5752,Maya Cardoso,39,Xiaomi,Mi 13 Pro,695.57,R$3964.75,BRL,5.7,4.0,Neutral,Brazil,Portuguese,2024-06-20,False,3,4,3,2,2,3,Flipkart
34356,Manthan Atwal,23,Google,Pixel 6,607.82,₹50449.06,INR,83.0,4.0,Positive,India,Hindi,2024-11-25,False,2,4,5,3,5,1,BestBuy
30770,Gaurang Hayer,29,Samsung,Galaxy A55,961.11,₹79772.13,INR,83.0,2.0,Negative,India,Hindi,2024-02-24,True,3,1,4,2,2,3,AliExpress
36493,Nicole Glover,18,Samsung,Galaxy Note 20,1350.04,C$1863.06,CAD,1.38,4.0,Positive,Canada,English,2024-09-24,True,3,2,4,5,3,5,BestBuy
25058,Jennifer Gordon,37,Realme,Realme Narzo 70,407.41,A$623.34,AUD,1.53,4.0,Positive,Australia,English,2025-08-20,True,3,2,3,3,3,5,AliExpress
15822,Melissa Duffy,32,Samsung,Galaxy A55,911.02,د.إ3343.44,AED,3.67,5.0,Positive,UAE,English,2024-11-30,True,4,3,5,5,5,3,AliExpress
28284,Dipl.-Ing. Loretta Bohnbach,30,Google,Pixel 6,845.96,,EUR,0.93,2.0,Neutral,Germany,German,2025-03-07,True,1,2,1,2,2,0,AliExpress
13651,Victor Wilson,32,Realme,Realme 12 Pro,237.64,£185.36,GBP,0.78,2.0,Positive,UK,English,2023-02-24,True,1,1,1,1,2,7,BestBuy
40571,Wanda Hammond,29,Realme,Realme Narzo 70,374.73,د.إ1375.26,AED,3.67,3.0,Positive,UAE,English,2025-04-08,True,3,2,1,2,3,3,AliExpress
17173,Catarina Aragão,31,Apple,iPhone 14,886.65,R$5053.9,BRL,5.7,1.0,Neutral,Brazil,Portuguese,2023-03-16,True,1,1,1,2,2,3,Flipkart
12284,Omya Sampath,18,Samsung,Galaxy S24,1037.34,₹86099.22,INR,83.0,5.0,Positive,India,Hindi,2023-04-11,True,5,4,5,5,4,2,AliExpress
35461,Sally Burns,18,Xiaomi,Mi 13 Pro,209.92,$209.92 ,USD,1.0,3.098367697594502,Neutral,USA,English,2024-09-29,True,1,2,1,3,1,2,BestBuy
34060,Dipl.-Ing. Ortrud Bonbach B.A.,19,Apple,iPhone 15 Pro,1462.54,€1360.16,EUR,0.93,4.0,Positive,Germany,German,2025-04-01,True,4,2,2,2,3,8,BestBuy
35236,Hildegart Grein Groth,27,Xiaomi,Poco X6,511.65,€475.83,EUR,0.93,3.0,Neutral,Germany,German,2024-09-28,True,3,3,2,2,4,4,Flipkart
26634,Janya Goel,26,Google,Pixel 8,944.02,₹78353.66,INR,83.0,4.0,Positive,India,Hindi,2025-08-05,True,3,4,3,4,5,5,Amazon
24471,Dana Arnold,18,Google,Pixel 8,503.13,A$769.79,AUD,1.53,5.0,Positive,Australia,English,2023-10-24,True,5,4,4,5,4,1,BestBuy
18416,Udant Randhawa,44,Realme,Realme 12 Pro,195.5,₹16226.5,INR,83.0,1.0,Neutral,India,Hindi,2025-05-14,True,1,1,1,1,1,3,Flipkart
18955,James Lewis,40,Realme,Realme 12 Pro,399.55,$399.55 ,USD,1.0,3.0,Neutral,USA,English,2024-12-24,True,3,2,3,3,2,1,AliExpress
37194,Dr. Yago Nascimento,32,OnePlus,OnePlus 11R,636.56,R$3628.39,BRL,5.7,4.0,Positive,Brazil,Portuguese,2023-05-23,True,4,1,3,2,4,4,eBay
20719,Sara Rai,33,Samsung,Galaxy Z Flip,544.3,₹45176.9,INR,83.0,3.0,Positive,India,Hindi,2023-07-10,True,1,2,5,2,1,4,Flipkart
37401,Morgan Taylor,22,Samsung,Galaxy Note 20,1366.48,C$1885.74,CAD,1.38,3.0,Positive,Canada,English,2023-10-21,True,2,2,3,2,3,7,eBay
3264,Ulrike Hölzenbecher B.Sc.,18,OnePlus,OnePlus 11R,958.53,€891.43,EUR,0.93,4.0,Positive,Germany,German,2024-10-23,False,2,3,3,4,4,3,Amazon
46180,Faraj Choudhary,28,Samsung,Galaxy Z Flip,1246.48,₹103457.84,INR,83.0,3.0,Neutral,India,Hindi,2024-06-03,True,3,3,1,2,2,3,
31126,Kevin Kelly,32,Motorola,Razr 40,230.02,£179.42,GBP,0.78,1.0,Negative,UK,English,2024-02-01,True,2,1,1,1,1,1,AliExpress
42233,Danny Stone,20,Apple,iPhone 14,920.74,C$1270.62,CAD,1.38,4.0,Positive,Canada,English,2025-03-01,False,3,5,3,4,5,6,eBay
43714,Stefano Junken,23,Xiaomi,Mi 13 Pro,236.18,,EUR,0.93,1.0,Negative,Germany,German,2024-01-31,True,1,1,1,1,1,2,Flipkart
7025,Mathias Duarte,24,Apple,iPhone 13,1335.03,R$7609.67,BRL,5.7,2.0,Neutral,Brazil,Portuguese,2024-07-27,True,1,1,1,1,2,1,AliExpress
17499,Courtney Diaz,40,Samsung,Galaxy S24,1257.88,د.إ4616.42,AED,3.67,1.0,Negative,UAE,English,2023-07-08,True,1,1,1,1,1,1,Amazon
29713,Heather Cooper,29,Apple,iPhone 14,739.79,C$1020.91,CAD,1.38,2.0,Negative,Canada,English,2025-08-07,True,3,2,1,3,4,3,BestBuy
32788,Brenda James,30,Xiaomi,Redmi Note 13,371.96,£290.13,GBP,0.78,3.0,Neutral,UK,English,2025-06-28,True,3,3,3,1,4,3,Flipkart
15108,Rebecca Levine,19,Motorola,Razr 40,413.3,A$632.35,AUD,1.53,4.0,Positive,Australia,English,2024-01-23,True,3,4,4,4,3,2,Flipkart
2477,David Stout,19,Realme,Realme Narzo 70,531.72,د.إ1951.41,AED,3.67,2.0,Negative,UAE,English,2024-07-08,False,1,3,1,1,4,2,eBay
48078,Bethany Blake,18,Xiaomi,Poco X6,678.12,د.إ2488.7,AED,3.67,4.0,Positive,UAE,English,2024-06-09,True,4,3,4,4,4,2,Amazon
11349,Frank Holloway-Mills,33,Google,Pixel 7a,846.18,£660.02,GBP,0.78,3.0,Positive,UK,English,2024-02-09,True,2,3,1,1,2,5,BestBuy
29035,Katie Davis,18,OnePlus,OnePlus Nord 3,648.5,$648.50 ,USD,1.0,3.0,Positive,USA,English,2024-09-07,True,3,1,3,1,3,6,BestBuy
1912,Esther Borges,18,Samsung,Galaxy A55,908.74,R$2382.32,BRL,5.7,3.0,Positive,Brazil,Portuguese,2024-02-01,True,3,2,4,3,2,4,BestBuy
27728,Prisha Varghese,34,Realme,Realme 12 Pro,584.4,₹48505.2,INR,83.0,2.0,Neutral,India,Hindi,2024-04-06,True,1,1,3,1,3,0,AliExpress
36500,Harita Bahl,31,Realme,Realme Narzo 70,366.02,,INR,83.0,5.0,Positive,India,Hindi,2024-11-01,True,3,4,5,3,5,6,Amazon
42094,Justin Brooks,32,Xiaomi,Redmi Note 13,328.44,د.إ1205.37,AED,3.67,4.0,Positive,UAE,English,2023-10-03,True,5,3,2,3,3,0,eBay
49531,Joseph Salas,24,Xiaomi,Mi 13 Pro,378.41,$378.41 ,USD,1.0,5.0,Positive,USA,English,2023-03-29,True,5,4,3,5,4,6,eBay
27312,Raymond Powell,29,Google,Pixel 6,900.65,£702.51,GBP,0.78,2.0,Neutral,UK,English,2025-02-23,True,1,1,2,1,1,4,eBay
14599,Berta Wieloch MBA.,32,Samsung,Galaxy Z Flip,698.79,€649.87,EUR,0.93,3.0,Negative,Germany,German,2024-07-27,True,3,2,2,3,2,2,AliExpress
12075,Jason Wood,35,Motorola,Edge 50,243.46,A$372.49,AUD,1.53,1.0,Neutral,Australia,English,2025-10-08,True,1,1,1,2,2,2,BestBuy
41321,Rebecca Stevens,31,Apple,iPhone 13,1297.91,A$1985.8,AUD,1.53,3.0,Neutral,Australia,English,2024-06-14,True,5,4,1,3,3,1,AliExpress
28988,Daniel Ferguson,20,Realme,Realme 12 Pro,387.06,$387.06 ,USD,1.0,1.0,Negative,USA,English,2025-08-09,False,1,1,1,1,1,0,eBay
2099,Lucky Mannan,26,Samsung,Galaxy Note 20,998.45,₹82871.35,INR,83.0,3.0,Positive,India,Hindi,2024-09-05,True,3,2,1,2,4,5,BestBuy
19534,Joseph Barrera,36,Apple,iPhone 13,1327.42,C$1831.84,CAD,1.38,3.0,Positive,Canada,English,2022-11-10,True,2,1,4,2,4,2,Flipkart
34940,Carolyn Kelly,45,Realme,Realme Narzo 70,328.14,A$502.05,AUD,1.53,4.0,Positive,Australia,English,2025-04-07,True,3,3,4,2,5,4,BestBuy
8024,Ryan Skinner,24,Apple,iPhone SE,1495.32,د.إ5487.82,AED,3.67,3.101813926272674,Positive,UAE,English,2025-01-19,True,3,1,3,2,3,12,eBay
13254,Amanda Moore,33,Xiaomi,Redmi Note 13,582.08,$582.08 ,USD,1.0,3.1197273114614403,Positive,USA,English,2025-05-24,True,2,3,1,4,2,5,Flipkart
1986,Jennifer Martinez,28,Motorola,Razr 40,781.5,A$1195.69,AUD,1.53,3.0,Positive,Australia,English,2025-03-28,True,1,2,2,2,3,5,Flipkart
26012,Martyn Gregory,25,OnePlus,OnePlus Nord 3,541.76,£422.57,GBP,0.78,5.0,Neutral,UK,English,2022-12-21,True,4,5,5,5,4,0,eBay
3336,Magdalena Biggen-Gumprich,32,OnePlus,OnePlus 12,453.5,€421.75,EUR,0.93,2.0,Neutral,Germany,German,2023-07-31,True,1,2,1,3,1,0,Amazon
26621,Michelle Serrano,28,Realme,Realme Narzo 70,478.97,$478.97 ,USD,1.0,1.0,Negative,USA,English,2025-04-23,True,2,1,1,1,1,0,Amazon
11745,Jonathan Kent,29,Samsung,Galaxy S24,901.77,£703.38,GBP,0.78,4.0,Positive,UK,English,2022-11-27,True,3,3,4,2,4,4,Flipkart
18477,Tammy George,23,Samsung,Galaxy Note 20,987.97,$987.97 ,USD,1.0,4.0,Positive,USA,English,2024-04-16,True,3,5,2,5,4,9,BestBuy
47612,Aarnav Chahal,22,OnePlus,OnePlus 11R,897.77,,INR,83.0,4.0,Positive,India,Hindi,2024-09-08,True,4,3,4,4,3,4,AliExpress
25537,Victoria Edwards-Morris,42,OnePlus,OnePlus Nord 3,563.18,£439.28,GBP,0.78,2.0,Negative,UK,English,2024-02-11,True,2,1,1,1,1,1,BestBuy
20865,Rafael Fernandes,18,Realme,Realme Narzo 70,246.89,R$1407.27,BRL,5.7,2.0,Neutral,Brazil,Portuguese,2023-04-06,True,2,1,1,1,1,2,AliExpress
43447,Melissa Peixoto,53,Realme,Realme 12 Pro,222.16,R$1266.31,BRL,5.7,4.0,Positive,Brazil,Portuguese,2025-04-25,False,2,2,1,4,4,6,BestBuy
8007,Sanya Mody,30,Apple,iPhone 13,1021.04,₹84746.32,INR,83.0,4.0,Positive,India,Hindi,2024-06-13,False,3,3,4,3,2,4,eBay
29077,Robert Douglas,18,OnePlus,OnePlus 12,402.18,$402.18 ,USD,1.0,3.0,Neutral,USA,English,2023-09-30,False,3,2,1,2,1,9,BestBuy
43721,Daniel Hart,47,Motorola,Edge 50,236.92,$236.92 ,USD,1.0,2.0,Positive,USA,English,2024-04-17,True,2,3,3,2,3,8,Flipkart
23001,Denis Harvey,23,Motorola,Moto G Power,412.64,£321.86,GBP,0.78,3.0,Positive,UK,English,2025-10-07,True,3,2,2,3,3,6,BestBuy
28194,Univ.Prof. Stefano Heidrich,26,Motorola,Edge 50,589.23,€547.98,EUR,0.93,1.0,Negative,Germany,German,2023-04-23,False,1,2,1,1,1,1,BestBuy
21513,Charles Klein,35,Xiaomi,Redmi Note 13,477.7,A$730.88,AUD,1.53,4.0,Positive,Australia,English,2023-06-04,True,2,2,5,2,4,5,Flipkart
21025,Mr Louis Middleton,37,Apple,iPhone SE,755.43,£589.24,GBP,0.78,5.0,Positive,UK,English,2025-05-10,True,5,3,4,5,5,4,eBay
15295,Devin Stuart,27,Google,Pixel 7a,520.56,د.إ1910.46,AED,3.67,2.0,Neutral,UAE,English,2023-09-12,True,1,1,1,1,2,3,eBay
11662,Miss Jenna Atkins,32,Realme,Realme Narzo 70,479.37,£373.91,GBP,0.78,2.0,Neutral,UK,English,2024-05-31,False,1,3,1,2,3,2,Amazon
31719,Lucas Pastor,27,Xiaomi,Redmi Note 13,588.19,R$3352.68,BRL,5.7,5.0,Positive,Brazil,Portuguese,2025-09-19,True,5,4,5,5,4,1,Flipkart
42116,Richard Rios,18,Realme,Realme 12 Pro,326.74,د.إ1199.14,AED,3.67,5.0,Positive,UAE,English,2022-12-31,True,4,4,5,5,5,3,eBay
28242,Cassandra Beck,43,OnePlus,OnePlus Nord 3,498.41,C$687.81,CAD,1.38,1.0,Neutral,Canada,English,2024-02-25,True,1,1,1,1,1,2,Flipkart
43152,Jesus Hayes,41,Motorola,Edge 50,375.58,$375.58 ,USD,1.0,3.0,Negative,USA,English,2024-10-08,True,1,3,2,1,3,1,Flipkart
9695,Kelly Lopez,23,OnePlus,OnePlus Nord 3,637.68,A$975.65,AUD,1.53,2.0,Negative,Australia,English,2023-06-02,True,1,1,2,1,1,2,Amazon
25566,Isabela Moraes,30,Google,Pixel 6,755.72,R$4307.6,BRL,5.7,5.0,Positive,Brazil,Portuguese,2022-10-30,False,4,4,3,5,4,8,AliExpress
34445,Gabrielle Harris,36,Google,Pixel 8,837.45,د.إ3073.44,AED,3.67,1.0,Negative,UAE,English,2023-02-02,True,1,1,1,2,1,1,eBay
14110,Patrick May,30,OnePlus,OnePlus Nord 3,770.82,C$1063.73,CAD,1.38,4.0,Neutral,Canada,English,2024-06-22,True,4,3,3,3,5,0,
12959,Nathan Morris MD,45,Google,Pixel 8,886.78,C$1223.76,CAD,1.38,3.0,Neutral,Canada,English,2024-05-11,True,1,2,4,2,2,2,Flipkart
23315,Samantha Blevins,37,Samsung,Galaxy A55,1046.96,A$1601.85,AUD,1.53,4.0,Positive,Australia,English,2023-02-28,False,4,4,5,4,5,5,eBay
17927,Dr Chelsea Gill,34,Samsung,Galaxy A55,1298.84,,GBP,0.78,2.0,Negative,UK,English,2022-12-28,True,2,1,2,1,1,1,AliExpress
20414,Jayne Davis,28,Samsung,Galaxy Z Flip,1292.66,£1008.27,GBP,0.78,3.0,Positive,UK,English,2023-01-21,True,1,1,2,4,1,6,eBay
22459,Holly Bishop-Smith,23,Samsung,Galaxy Z Flip,958.36,£747.52,GBP,0.78,3.134886572654813,Neutral,UK,English,2025-02-10,False,2,1,1,1,1,3,AliExpress
44363,Xavier Werner,21,Google,Pixel 8,1068.12,C$1474.01,CAD,1.38,2.0,Negative,Canada,English,2023-08-06,True,2,1,4,1,3,4,AliExpress
5677,Diana Daniels,27,Apple,iPhone 14,1069.27,C$1475.59,CAD,1.38,3.0,Neutral,Canada,English,2022-12-14,True,3,4,3,2,4,2,Flipkart
43367,Kimberly Daniels,37,OnePlus,OnePlus 12,758.11,$758.11 ,USD,1.0,2.0,Negative,USA,English,2023-08-02,True,1,2,3,1,1,2,Amazon
33872,Heather Bauer,33,OnePlus,OnePlus 11R,510.18,د.إ1872.36,AED,3.67,2.0,Negative,UAE,English,2022-12-21,False,3,2,2,2,2,2,BestBuy
610,Erin Madden,18,OnePlus,OnePlus Nord 3,735.55,A$1125.39,AUD,1.53,2.0,Positive,Australia,English,2023-03-19,False,1,1,1,1,1,7,Flipkart
30921,Cody Edwards,32,Realme,Realme Narzo 70,501.48,A$767.26,AUD,1.53,4.0,Positive,Australia,English,2024-11-13,True,4,2,4,3,3,4,BestBuy
25260,Ekbal Khare,38,Motorola,Razr 40,760.09,₹63087.47,INR,83.0,3.0,Neutral,India,Hindi,2024-02-08,True,2,2,2,2,2,0,BestBuy
30394,Ian Thompson,18,Realme,Realme 12 Pro,446.38,C$616.0,CAD,1.38,1.0,Negative,Canada,English,2022-11-14,True,2,1,1,1,1,2,Flipkart
38326,Univ.Prof. Katarzyna Wohlgemut B.Eng.,18,Realme,Realme Narzo 70,304.02,€282.74,EUR,0.93,2.0,Negative,Germany,German,2024-07-04,False,3,2,2,1,1,0,Amazon
44289,Rigo Sorgatz B.Eng.,30,Google,Pixel 6,830.1,€771.99,EUR,0.93,5.0,Positive,Germany,German,2024-07-19,True,3,4,4,5,4,1,BestBuy
48465,Eric Lowe,28,Motorola,Edge 50,637.92,$637.92 ,USD,1.0,1.0,Negative,USA,English,2023-03-22,True,1,1,1,1,1,3,AliExpress
9290,Harita Shankar,36,Xiaomi,Redmi Note 13,252.62,₹20967.46,INR,83.0,4.0,Positive,India,Hindi,2025-08-11,True,4,3,4,2,3,5,Flipkart
26407,Shelia Cox,18,Realme,Realme Narzo 70,198.36,,AUD,1.53,4.0,Positive,Australia,English,2024-11-10,False,3,4,3,3,5,6,eBay
28059,Zinal Dayal,22,Realme,Realme 12 Pro,312.5,₹25937.5,INR,83.0,1.0,Negative,India,Hindi,2023-05-08,True,1,1,1,1,1,1,Amazon
22296,Laura Matthews,44,Motorola,Razr 40,461.03,$461.03 ,USD,1.0,3.0,Positive,USA,English,2025-09-24,False,3,3,3,4,2,9,Flipkart
22052,Ranbir Lad,36,OnePlus,OnePlus Nord 3,533.57,₹44286.31,INR,83.0,4.0,Positive,India,Hindi,2024-07-15,True,5,4,3,3,4,5,Amazon
44452,Brenda Ashley,25,OnePlus,OnePlus Nord 3,507.11,C$699.81,CAD,1.38,1.0,Negative,Canada,English,2023-09-10,False,1,2,1,1,1,2,Amazon
12513,William Stanley,50,Apple,iPhone 15 Pro,1398.92,"$1,398.92 ",USD,1.0,4.0,Positive,USA,English,2024-07-29,False,4,4,3,2,3,7,AliExpress
48576,James Fields,26,Google,Pixel 7a,549.9,A$841.35,AUD,1.53,4.0,Positive,Australia,English,2024-03-25,True,2,3,4,5,3,2,AliExpress
18776,Elliott Carroll,20,OnePlus,OnePlus 11R,463.28,£361.36,GBP,0.78,4.0,Positive,UK,English,2024-09-14,False,2,3,3,3,1,7,eBay
15715,Bernard Peters,31,Google,Pixel 7a,733.73,$733.73 ,USD,1.0,3.0,Neutral,USA,English,2024-08-11,True,3,3,2,3,2,1,Flipkart
7977,Rebecca Foster,29,Apple,iPhone 13,906.6,د.إ3327.22,AED,3.67,4.0,Positive,UAE,English,2025-03-30,True,1,3,3,2,4,7,Amazon
33176,Pahal Gola,18,Google,Pixel 7a,910.08,₹75536.64,INR,83.0,2.0,Neutral,India,Hindi,2023-05-06,True,1,3,2,1,2,0,
47635,Filiz Kohl,40,Motorola,Razr 40,497.97,€463.11,EUR,0.93,2.0,Neutral,Germany,German,2024-08-20,True,2,1,1,3,1,1,AliExpress
8345,Maria Helena Cavalcante,34,Realme,Realme Narzo 70,285.45,R$1627.07,BRL,5.7,4.0,Positive,Brazil,Portuguese,2023-06-16,True,2,4,4,2,3,5,Flipkart
30590,Joseph Hernandez,40,Samsung,Galaxy Z Flip,539.47,C$744.47,CAD,1.38,3.0,Positive,Canada,English,2024-10-11,False,3,2,3,3,4,7,BestBuy
11898,Anthony Houghton,22,Motorola,Edge 50,488.5,£381.03,GBP,0.78,3.0,Negative,UK,English,2024-06-03,True,1,4,4,2,2,4,eBay
25496,Ricardo Schneider,39,OnePlus,OnePlus Nord 3,704.93,C$972.8,CAD,1.38,4.0,Positive,Canada,English,2024-06-03,False,2,3,4,5,2,1,Flipkart
22322,Nathan Guerra,34,Motorola,Moto G Power,266.29,R$1517.85,BRL,5.7,3.0,Negative,Brazil,Portuguese,2024-07-25,True,3,2,1,2,3,3,eBay
17680,Christine Horne,18,Realme,Realme Narzo 70,480.99,$480.99 ,USD,1.0,3.1264233576642337,Positive,USA,English,2023-02-13,True,4,2,4,2,2,2,Flipkart
12470,Kerry Barnett,41,OnePlus,OnePlus 12,942.74,A$1442.39,AUD,1.53,4.0,Positive,Australia,English,2024-04-30,True,3,3,3,2,4,4,BestBuy
4658,Luan Silveira,28,Samsung,Galaxy S24,1022.09,R$5825.91,BRL,5.7,3.075313807531381,Negative,Brazil,Portuguese,2025-02-15,True,1,1,1,3,1,1,AliExpress
48394,Andrew Obrien,29,Realme,Realme 12 Pro,233.34,د.إ856.36,AED,3.67,4.0,Positive,UAE,English,2025-06-13,False,3,4,2,4,5,8,BestBuy
1688,Benjamin Lambert,39,Samsung,Galaxy A55,908.74,£974.84,GBP,0.78,4.0,Positive,UK,English,2024-01-11,True,3,3,3,2,3,5,Amazon
22182,Troy Miller,45,Google,Pixel 6,1043.94,A$1597.23,AUD,1.53,3.0,Neutral,Australia,English,2025-04-28,False,3,3,2,2,1,0,eBay
12792,Justin Henderson,23,OnePlus,OnePlus Nord 3,717.27,£559.47,GBP,0.78,4.0,Positive,UK,English,2025-03-09,True,4,4,3,4,3,4,AliExpress
8041,Dr Lisa Newton,22,Google,Pixel 8,578.96,£451.59,GBP,0.78,3.0,Neutral,UK,English,2024-01-29,False,1,2,3,2,4,2,eBay
31062,Laura Phillips,27,Realme,Realme 12 Pro,193.57,£150.98,GBP,0.78,3.0,Positive,UK,English,2023-04-05,False,3,3,3,2,2,6,
35027,Matthew Burns,25,Samsung,Galaxy Z Flip,769.61,د.إ2824.47,AED,3.67,2.0,Negative,UAE,English,2025-05-19,True,2,2,2,2,1,4,BestBuy
14830,Maria Miller,39,Xiaomi,Mi 13 Pro,486.36,C$671.18,CAD,1.38,3.098367697594502,Negative,Canada,English,2025-02-11,False,1,1,3,1,3,2,BestBuy
38849,Anthony Walker,18,OnePlus,OnePlus 12,919.51,$919.51 ,USD,1.0,5.0,Positive,USA,English,2024-11-24,True,5,5,5,5,5,3,Amazon
20063,Dorothy Graham,32,Xiaomi,Redmi Note 13,465.22,,GBP,0.78,4.0,Positive,UK,English,2024-03-12,True,2,4,4,3,4,4,eBay
28278,Faruk Kambs,40,Apple,iPhone 15 Pro,1033.48,€961.14,EUR,0.93,3.0,Positive,Germany,German,2025-03-06,True,3,2,1,3,2,7,Amazon
34548,Joseph Williams,29,Xiaomi,Poco X6,315.36,A$482.5,AUD,1.53,4.0,Positive,Australia,English,2023-09-14,True,4,3,3,3,2,2,AliExpress
10905,Olga Trommler MBA.,30,Google,Pixel 8,991.89,€922.46,EUR,0.93,2.0,Positive,Germany,German,2025-04-24,True,1,1,1,1,1,5,eBay
19221,Christopher Brown,26,Apple,iPhone 14,1490.64,,AUD,1.53,5.0,Positive,Australia,English,2025-05-03,True,5,5,5,3,4,1,BestBuy
24430,Sharon Lee,31,OnePlus,OnePlus Nord 3,792.93,د.إ2910.05,AED,3.67,3.0,Neutral,UAE,English,2023-11-14,True,2,3,3,2,2,1,
47350,Lorena Cassiano,40,OnePlus,OnePlus 12,757.31,R$4316.67,BRL,5.7,5.0,Positive,Brazil,Portuguese,2024-09-21,True,4,4,4,4,5,5,Amazon
18112,Bhavani Master,33,Xiaomi,Mi 13 Pro,321.9,₹26717.7,INR,83.0,2.0,Neutral,India,Hindi,2025-01-17,True,1,1,1,2,2,4,Amazon
3542,Tony Johnson,23,Google,Pixel 8,549.16,د.إ2015.42,AED,3.67,4.0,Positive,UAE,English,2023-09-07,True,5,4,4,3,5,3,Flipkart
25563,Sheila Graham,36,Apple,iPhone 14,1079.72,A$1651.97,AUD,1.53,4.0,Positive,Australia,English,2023-08-07,True,4,3,3,3,4,5,Amazon
6760,Erol Rörricht,18,Apple,iPhone SE,1334.45,€1241.04,EUR,0.93,1.0,Neutral,Germany,German,2022-12-05,True,1,1,1,1,1,0,Amazon
33830,Ryan Crawford,27,Realme,Realme Narzo 70,409.78,$409.78 ,USD,1.0,1.0,Negative,USA,English,2024-02-17,True,1,1,1,1,1,5,eBay
21276,Robert Richards,27,Apple,iPhone 13,1167.79,C$1611.55,CAD,1.38,3.0,Negative,Canada,English,2023-06-11,True,2,2,3,2,1,2,AliExpress
38233,Jason Stone,33,Realme,Realme 12 Pro,274.47,£214.09,GBP,0.78,5.0,Positive,UK,English,2024-01-28,True,4,4,4,5,4,4,BestBuy
14351,Phillip Hyde,25,OnePlus,OnePlus Nord 3,691.85,£539.64,GBP,0.78,5.0,Neutral,UK,English,2025-05-06,True,4,5,4,4,4,1,Amazon
1227,Lynn Fields,27,Motorola,Moto G Power,681.27,A$1042.34,AUD,1.53,2.0,Neutral,Australia,English,2025-03-16,False,2,2,1,1,1,1,BestBuy
9160,Lisa Baldwin,42,Xiaomi,Poco X6,318.42,د.إ1168.6,AED,3.67,2.0,Neutral,UAE,English,2024-02-17,True,3,1,2,2,1,2,eBay
25666,Megha Rama,25,Motorola,Edge 50,708.79,₹58829.57,INR,83.0,3.092575618698442,Negative,India,Hindi,2023-06-29,True,2,1,1,1,1,0,eBay
20545,Liam Jesus,31,Realme,Realme Narzo 70,544.36,R$3102.85,BRL,5.7,3.0,Negative,Brazil,Portuguese,2025-07-14,True,3,4,2,2,2,1,Flipkart
4120,Lori Jones,20,Apple,iPhone 13,1068.25,C$1474.18,CAD,1.38,5.0,Positive,Canada,English,2025-07-02,True,5,5,5,5,4,3,AliExpress
278,Thales Camargo,22,Xiaomi,Redmi Note 13,261.64,R$1491.35,BRL,5.7,4.0,Positive,Brazil,Portuguese,2023-03-21,True,2,4,1,5,5,3,Amazon
19037,Kelly Cooper,18,Google,Pixel 6,648.86,$648.86 ,USD,1.0,4.0,Positive,USA,English,2023-11-22,True,2,3,4,5,1,0,AliExpress
20047,Maysa Leão,25,Realme,Realme Narzo 70,563.98,R$3214.69,BRL,5.7,2.0,Neutral,Brazil,Portuguese,2023-12-20,True,1,2,1,1,1,1,BestBuy
38649,Earl Bradford,37,Motorola,Edge 50,390.46,C$538.83,CAD,1.38,3.0,Neutral,Canada,English,2023-07-15,True,2,4,3,2,3,1,AliExpress
37313,Bridget Stewart,18,Xiaomi,Poco X6,480.22,C$662.7,CAD,1.38,3.0,Negative,Canada,English,2024-10-28,True,3,2,2,3,3,1,Flipkart
854,Herr Bernard Kabus,22,Motorola,Razr 40,485.89,€451.88,EUR,0.93,1.0,Negative,Germany,German,2023-09-06,True,3,1,1,1,1,1,Amazon
43087,Mrs. Sara Thomas MD,23,Realme,Realme Narzo 70,193.93,د.إ711.72,AED,3.67,4.0,Positive,UAE,English,2024-11-23,True,4,3,3,3,5,3,Flipkart
46494,Karl Butler,22,Motorola,Edge 50,449.81,C$620.74,CAD,1.38,3.0,Neutral,Canada,English,2023-09-20,False,2,2,1,2,3,2,AliExpress
19536,Jeffrey Adams,50,Motorola,Razr 40,428.33,د.إ1571.97,AED,3.67,5.0,Positive,UAE,English,2025-06-24,True,5,5,3,5,4,3,eBay
16464,Jack Edwin,28,Motorola,Moto G Power,509.13,₹42257.79,INR,83.0,4.0,Positive,India,Hindi,2023-04-09,True,4,2,4,3,3,7,Amazon
36747,Shannon Colon,28,Xiaomi,Redmi Note 13,205.89,C$284.13,CAD,1.38,3.0,Neutral,Canada,English,2023-12-05,True,4,4,2,3,3,3,eBay
29861,Austin Johnson,23,OnePlus,OnePlus Nord 3,527.67,د.إ1936.55,AED,3.67,4.0,Positive,UAE,English,2024-11-30,True,3,3,3,3,1,3,AliExpress
885,Ana Kroker-Kabus,22,OnePlus,OnePlus 11R,667.0250000000001,€422.93,EUR,0.93,4.0,Positive,Germany,German,2025-09-28,False,5,1,4,4,3,5,AliExpress
47843,Jessica Aguirre,64,Xiaomi,Mi 13 Pro,215.36,C$297.2,CAD,1.38,2.0,Negative,Canada,English,2023-10-10,True,1,1,1,1,2,3,AliExpress
21462,William Patton,24,OnePlus,OnePlus 12,668.0899999999999,C$1338.94,CAD,1.38,4.0,Positive,Canada,English,2023-06-26,True,3,4,4,1,5,6,eBay
9404,Isadora Nunes,30,Google,Pixel 7a,526.28,R$2999.8,BRL,5.7,2.0,Neutral,Brazil,Portuguese,2023-01-08,True,4,1,1,3,1,2,Amazon
33416,Nicole Hernandez,35,Xiaomi,Mi 13 Pro,694.24,A$1062.19,AUD,1.53,3.098367697594502,Positive,Australia,English,2023-04-05,True,4,5,4,3,4,4,eBay
40744,Mr Kieran Marsh,33,Google,Pixel 8,761.08,£593.64,GBP,0.78,3.0,Positive,UK,English,2024-04-19,False,1,2,1,3,3,3,BestBuy
23977,Balhaar Aurora,44,Apple,iPhone 13,1126.15,₹93470.45,INR,83.0,3.0,Positive,India,Hindi,2025-05-30,True,2,2,3,3,3,6,AliExpress
28140,Vitor Gabriel Costela,32,Apple,iPhone 15 Pro,1102.27,R$8288.43,BRL,5.7,5.0,Positive,Brazil,Portuguese,2023-03-21,True,2,5,5,5,4,0,AliExpress
46079,Betty Jäkel,20,Realme,Realme 12 Pro,342.75,€318.76,EUR,0.93,4.0,Positive,Germany,German,2023-01-28,True,3,2,3,2,4,5,Amazon
20718,Samantha Mathews,40,Google,Pixel 8,727.2,C$1003.54,CAD,1.38,4.0,Positive,Canada,English,2024-12-21,True,3,4,4,5,2,3,eBay
27648,Mr. David Snyder MD,44,Motorola,Edge 50,406.82,,CAD,1.38,5.0,Positive,Canada,English,2024-12-11,True,5,4,3,5,5,6,Flipkart
29971,Bobby Lam,18,Google,Pixel 8,833.94,$833.94 ,USD,1.0,3.0,Neutral,USA,English,2024-10-25,True,4,3,3,3,2,2,Flipkart
24243,Sharon Bailey,30,OnePlus,OnePlus 12,356.68,C$492.22,CAD,1.38,3.0,Neutral,Canada,English,2024-04-29,True,2,1,3,5,2,3,Flipkart
3036,Savannah Townsend,28,Samsung,Galaxy A55,1072.73,C$1480.37,CAD,1.38,2.0,Negative,Canada,English,2024-04-11,True,1,2,1,2,2,2,Flipkart
6977,Casey Wright,38,Google,Pixel 6,967.09,A$1479.65,AUD,1.53,3.1190370040124837,Neutral,Australia,English,2025-03-13,True,2,2,2,1,1,1,AliExpress
31766,Tracy Thomas,19,Apple,iPhone 14,1404.23,A$2148.47,AUD,1.53,5.0,Positive,Australia,English,2025-05-23,True,5,4,5,5,4,3,Amazon
23702,Gisa Drub,18,Samsung,Galaxy Note 20,1034.6,€962.18,EUR,0.93,3.150789012273524,Negative,Germany,German,2025-04-09,True,2,1,1,2,1,5,BestBuy
22078,Derrick Hernandez,32,Google,Pixel 7a,736.64,C$1016.56,CAD,1.38,5.0,Positive,Canada,English,2024-04-06,False,5,4,5,5,3,6,AliExpress
19236,Pranit Reddy,35,Samsung,Galaxy S24,653.79,₹54264.57,INR,83.0,2.0,Negative,India,Hindi,2024-01-16,True,2,1,1,1,1,2,AliExpress
19893,Fitan Ahluwalia,25,Google,Pixel 8,538.4,₹44687.2,INR,83.0,3.0,Positive,India,Hindi,2023-10-13,True,3,2,2,2,2,10,
36415,Naveen Balakrishnan,18,Google,Pixel 6,960.29,₹79704.07,INR,83.0,5.0,Positive,India,Hindi,2024-02-20,True,5,5,5,4,4,7,AliExpress
43916,Gary Newton,27,Apple,iPhone 14,925.33,C$1276.96,CAD,1.38,4.0,Positive,Canada,English,2024-10-20,True,4,4,3,3,3,2,eBay
14698,Michelle Long,38,OnePlus,OnePlus 12,920.26,د.إ3377.35,AED,3.67,4.0,Positive,UAE,English,2023-06-30,True,4,2,2,3,4,2,Flipkart
28276,David Glover,28,Xiaomi,Poco X6,459.88,د.إ1687.76,AED,3.67,5.0,Positive,UAE,English,2024-12-06,True,4,5,5,5,2,5,eBay
49862,Vitória Peixoto,21,Realme,Realme 12 Pro,250.53,R$1428.02,BRL,5.7,3.0,Positive,Brazil,Portuguese,2025-04-12,True,2,2,3,3,1,4,BestBuy
49925,James Prince,53,Xiaomi,Poco X6,216.84,C$299.24,CAD,1.38,3.0,Neutral,Canada,English,2025-03-20,True,1,2,2,3,3,2,BestBuy
49960,Christina Crawford,22,Realme,Realme Narzo 70,312.93,A$478.78,AUD,1.53,5.0,Positive,Australia,English,2023-05-24,True,5,5,5,3,4,4,BestBuy
10093,Stephanie Curry,37,Samsung,Galaxy S24,890.89,$890.89 ,USD,1.0,3.0,Neutral,USA,English,2024-02-08,True,2,4,1,2,2,1,Flipkart
47577,Tracey Fleming,31,Apple,iPhone 14,1280.62,C$1767.26,CAD,1.38,3.0,Positive,Canada,English,2023-12-12,True,2,3,2,2,3,11,Flipkart
34859,Chaitanya Tiwari,21,Realme,Realme 12 Pro,508.43,₹42199.69,INR,83.0,5.0,Positive,India,Hindi,2025-06-23,True,4,4,5,5,4,2,AliExpress
12806,Molly Peterson,33,Xiaomi,Redmi Note 13,462.48,$462.48 ,USD,1.0,5.0,Positive,USA,English,2025-02-24,True,5,4,5,5,4,3,BestBuy
12423,Scott Dixon,18,Motorola,Moto G Power,412.62,د.إ1514.32,AED,3.67,4.0,Positive,UAE,English,2024-03-19,True,3,4,3,3,5,5,Flipkart
28729,Hans-Karl Roht-Ruppert,26,Motorola,Moto G Power,615.46,€572.38,EUR,0.93,2.0,Neutral,Germany,German,2024-08-31,True,2,3,3,1,2,2,eBay
41924,Samantha Duncan,29,Samsung,Galaxy Z Flip,751.58,د.إ2758.3,AED,3.67,3.0,Positive,UAE,English,2025-08-09,False,3,4,3,3,2,4,BestBuy
28237,Joshua Sherman,35,Google,Pixel 6,1079.29,A$1651.31,AUD,1.53,3.0,Neutral,Australia,English,2023-02-14,True,2,4,3,1,3,3,eBay
23311,Carrie Tran,18,Realme,Realme 12 Pro,283.18,$283.18 ,USD,1.0,3.0,Positive,USA,English,2023-06-21,True,3,2,2,1,3,4,Flipkart
27812,Charvi Murthy,21,Realme,Realme Narzo 70,483.48,,INR,83.0,4.0,Positive,India,Hindi,2025-04-26,True,4,4,1,2,3,3,Amazon
14712,Asafe Cavalcante,33,Motorola,Edge 50,310.26,R$1768.48,BRL,5.7,1.0,Negative,Brazil,Portuguese,2024-02-13,True,1,1,1,1,1,2,Flipkart
18795,Lorenzo da Luz,31,OnePlus,OnePlus Nord 3,817.86,R$4661.8,BRL,5.7,2.0,Neutral,Brazil,Portuguese,2025-06-20,False,1,1,1,3,1,4,eBay
6889,Rhavi Campos,27,Apple,iPhone 13,1458.03,R$8310.77,BRL,5.7,3.0,Negative,Brazil,Portuguese,2025-01-04,True,3,1,2,2,2,4,Amazon
772,Nathan Nelson,33,Google,Pixel 8,755.93,$755.93 ,USD,1.0,4.0,Positive,USA,English,2023-02-19,True,3,4,3,5,3,8,AliExpress
2768,Hredhaan Nath,25,OnePlus,OnePlus 11R,808.04,,INR,83.0,3.0,Positive,India,Hindi,2025-05-02,True,2,4,4,3,5,7,AliExpress
33763,Amy Huff,24,Google,Pixel 8,597.18,C$824.11,CAD,1.38,3.0,Positive,Canada,English,2024-06-09,True,2,2,2,4,3,5,
43247,Ricardo Hamann,39,Samsung,Galaxy S24,1200.7,€1116.65,EUR,0.93,5.0,Positive,Germany,German,2022-11-28,True,3,5,5,5,3,8,
32833,Dr. Jennifer Scott,20,Samsung,Galaxy A55,888.09,A$1358.78,AUD,1.53,2.0,Negative,Australia,English,2025-01-23,True,1,1,2,1,2,1,Flipkart
13063,Mary Lewis,18,Motorola,Razr 40,461.67,$461.67 ,USD,1.0,2.0,Negative,USA,English,2023-06-15,False,1,3,1,2,1,1,
44157,Mark Baker,35,Xiaomi,Redmi Note 13,562.4,د.إ2064.01,AED,3.67,3.0,Neutral,UAE,English,2025-03-04,True,3,2,3,1,2,2,Amazon
34737,Christian Stevens,44,Realme,Realme 12 Pro,573.14,£447.05,GBP,0.78,2.0,Negative,UK,English,2023-07-19,True,1,2,2,2,2,2,
24514,Amanda Moore,18,Samsung,Galaxy S24,559.94,A$856.71,AUD,1.53,1.0,Neutral,Australia,English,2024-06-29,True,1,1,1,1,2,2,Flipkart
46126,Pooja Mutti,29,Apple,iPhone 15 Pro,1369.43,₹113662.69,INR,83.0,2.0,Neutral,India,Hindi,2024-03-09,True,1,2,1,1,2,2,AliExpress
38235,Cheryl West,18,Xiaomi,Redmi Note 13,609.67,C$841.34,CAD,1.38,5.0,Positive,Canada,English,2025-02-26,False,5,4,3,4,4,4,Amazon
25210,Robert Phillips,25,Xiaomi,Poco X6,390.96,A$598.17,AUD,1.53,2.0,Neutral,Australia,English,2023-06-12,False,2,1,1,1,1,1,BestBuy
26935,Jennifer Miller,32,OnePlus,OnePlus 11R,786.1,C$1084.82,CAD,1.38,4.0,Positive,Canada,English,2023-02-26,False,5,2,4,3,2,12,
21363,Lori Kidd,29,Apple,iPhone 14,1150.0,"$1,150.00 ",USD,1.0,4.0,Positive,USA,English,2024-01-07,True,4,2,3,4,4,4,Flipkart
32641,Ana Clara da Luz,20,Xiaomi,Redmi Note 13,357.0,R$2034.9,BRL,5.7,5.0,Positive,Brazil,Portuguese,2024-11-15,False,4,5,5,3,4,5,eBay
46346,Gautami Kalita,25,Google,Pixel 8,984.58,₹81720.14,INR,83.0,4.0,Positive,India,Hindi,2023-08-18,True,1,4,4,2,3,8,Flipkart
22573,Jo Mcclain,43,Google,Pixel 6,779.86,C$1076.21,CAD,1.38,3.0,Neutral,Canada,English,2023-07-23,True,3,3,1,3,1,3,eBay
31855,David Douglas,18,Apple,iPhone 13,1038.85,"$1,038.85 ",USD,1.0,5.0,Positive,USA,English,2025-03-14,True,5,5,4,5,4,5,AliExpress
5224,James Frank,24,Xiaomi,Mi 13 Pro,336.25,د.إ1234.04,AED,3.67,1.0,Negative,UAE,English,2025-01-28,True,1,1,2,2,1,1,BestBuy
13180,Sarah Lewis,30,Samsung,Galaxy S24,1213.93,د.إ4455.12,AED,3.67,5.0,Positive,UAE,English,2025-01-22,True,5,5,5,5,5,4,BestBuy
17124,Tracey Robinson-Turner,38,OnePlus,OnePlus 11R,659.42,£514.35,GBP,0.78,4.0,Positive,UK,English,2023-08-28,True,3,3,4,2,3,5,BestBuy
20090,Warjas Sengupta,40,Apple,iPhone 13,1222.68,₹101482.44,INR,83.0,4.0,Positive,India,Hindi,2022-11-12,True,5,4,5,4,3,6,Amazon
5967,Michael Lozano,52,Apple,iPhone 13,887.17,C$1224.29,CAD,1.38,4.0,Positive,Canada,English,2024-06-18,True,4,4,4,5,5,5,BestBuy
36448,Alexander Hernandez,24,Samsung,Galaxy A55,969.59,C$1338.03,CAD,1.38,3.0,Neutral,Canada,English,2023-10-03,True,3,3,3,2,2,0,Amazon
647,Erika Ramirez,49,Xiaomi,Poco X6,451.6,$207.24 ,USD,1.0,5.0,Positive,USA,English,2024-06-23,True,4,5,5,4,5,7,Flipkart
3781,Christopher Tran,24,Apple,iPhone SE,750.35,د.إ2753.78,AED,3.67,4.0,Positive,UAE,English,2025-06-22,True,3,3,3,4,3,2,BestBuy
20232,Marcela Lima,30,Google,Pixel 8,935.44,R$5332.01,BRL,5.7,4.0,Neutral,Brazil,Portuguese,2023-04-05,True,3,3,3,5,4,2,BestBuy
19264,Anthony Caldeira,39,Samsung,Galaxy Z Flip,515.64,R$2939.15,BRL,5.7,1.0,Negative,Brazil,Portuguese,2024-02-03,True,2,1,1,1,1,2,AliExpress
24762,Maria Solomon,35,Realme,Realme 12 Pro,336.16,$336.16 ,USD,1.0,4.0,Neutral,USA,English,2024-11-01,True,2,4,3,3,4,1,eBay
17161,Mrs Jacqueline O'Connor,34,Motorola,Razr 40,442.72,£345.32,GBP,0.78,2.0,Neutral,UK,English,2024-09-11,True,1,2,3,1,2,3,Flipkart
30810,Saksham Bava,31,Apple,iPhone 13,778.43,₹64609.69,INR,83.0,4.0,Positive,India,Hindi,2025-06-15,True,3,5,5,2,3,7,Flipkart
19736,Heather Porter,31,Xiaomi,Mi 13 Pro,266.25,د.إ977.14,AED,3.67,2.0,Negative,UAE,English,2023-06-10,True,1,1,1,3,3,0,Flipkart
47429,Detlef Kade,26,Samsung,Galaxy Note 20,703.18,€653.96,EUR,0.93,3.0,Negative,Germany,German,2023-11-14,True,2,3,1,4,3,0,AliExpress
38060,Keith Durham,33,Motorola,Edge 50,702.0,د.إ2576.34,AED,3.67,3.0,Neutral,UAE,English,2025-03-05,False,1,1,4,4,3,3,AliExpress
430,Virginia Koch II B.Eng.,31,Xiaomi,Poco X6,564.62,€525.1,EUR,0.93,1.0,Negative,Germany,German,2024-09-10,False,2,1,1,1,1,1,BestBuy
9912,Yvette Huhn,32,Xiaomi,Mi 13 Pro,230.01,€213.91,EUR,0.93,3.0,Neutral,Germany,German,2025-09-09,True,2,2,3,3,3,1,Amazon
4017,Dr. Breno Moura,24,Apple,iPhone SE,1277.72,R$7283.0,BRL,5.7,3.101813926272674,Negative,Brazil,Portuguese,2024-05-09,True,1,2,1,1,1,0,Amazon
2976,Douglas Johnson,33,Apple,iPhone SE,1105.96,A$1692.12,AUD,1.53,1.0,Negative,Australia,English,2025-06-29,True,1,2,1,1,1,3,Flipkart
22228,Ekalinga Dewan,35,Samsung,Galaxy Note 20,1085.65,₹90108.95,INR,83.0,4.0,Positive,India,Hindi,2025-07-13,True,2,4,3,4,3,3,Flipkart
46023,Univ.Prof. Annedore Johann B.Eng.,29,Xiaomi,Mi 13 Pro,228.15,€212.18,EUR,0.93,3.0,Neutral,Germany,German,2024-06-27,True,1,2,3,2,4,1,BestBuy
31428,Kimberly Lopez,36,Samsung,Galaxy S24,996.95,C$1375.79,CAD,1.38,3.0,Positive,Canada,English,2025-07-04,True,3,2,4,2,2,5,eBay
38534,Jennifer Young,27,Motorola,Edge 50,762.67,C$1052.48,CAD,1.38,4.0,Neutral,Canada,English,2025-08-23,True,3,3,3,4,2,4,AliExpress
32234,Amy Mcdowell,34,Motorola,Edge 50,727.21,د.إ2668.86,AED,3.67,4.0,Positive,UAE,English,2024-02-05,True,2,2,4,4,2,2,BestBuy
37011,Ravy Porto,28,Apple,iPhone SE,1101.03,R$6618.33,BRL,5.7,1.0,Negative,Brazil,Portuguese,2023-07-02,True,2,2,1,1,1,1,AliExpress
18751,Brenda Gallegos,25,Realme,Realme 12 Pro,375.61,د.إ1378.49,AED,3.67,3.147565320665083,Positive,UAE,English,2025-02-15,True,3,3,2,4,5,5,Amazon
46249,Tony Thornton,18,Motorola,Razr 40,577.62,£450.54,GBP,0.78,3.0,Negative,UK,English,2022-11-21,True,3,2,1,3,2,1,eBay
8410,Sean Jenkins,44,Xiaomi,Poco X6,222.4,£173.47,GBP,0.78,2.0,Neutral,UK,English,2025-04-07,True,1,2,2,1,1,3,BestBuy
10407,Isadora Aragão,34,OnePlus,OnePlus 12,668.0899999999999,R$5496.97,BRL,5.7,3.0,Neutral,Brazil,Portuguese,2025-04-22,True,1,3,2,2,3,0,
23956,Daniel Gomes,25,Motorola,Edge 50,454.43,R$2590.25,BRL,5.7,5.0,Positive,Brazil,Portuguese,2023-10-23,False,5,3,5,5,5,4,Amazon
23042,David Baker,28,Apple,iPhone 15 Pro,1021.31,A$1562.6,AUD,1.53,4.0,Positive,Australia,English,2025-06-08,True,3,3,4,5,3,4,Flipkart
19834,Monica Walker,24,Realme,Realme 12 Pro,518.73,C$715.85,CAD,1.38,4.0,Positive,Canada,English,2024-02-14,True,4,3,4,4,3,2,Amazon
48428,João Pedro Pinto,23,Xiaomi,Poco X6,610.42,R$3479.39,BRL,5.7,3.0,Neutral,Brazil,Portuguese,2024-04-28,True,3,1,2,2,2,1,Amazon
7269,William Caldwell,41,Xiaomi,Redmi Note 13,294.88,A$451.17,AUD,1.53,5.0,Positive,Australia,English,2024-11-19,True,4,5,4,4,4,7,Flipkart
44594,Sara Brooks,40,Xiaomi,Redmi Note 13,298.51,$298.51 ,USD,1.0,3.0,Neutral,USA,English,2022-12-04,True,2,4,2,3,1,2,eBay
1139,Ing. Cora Adolph,48,Realme,Realme Narzo 70,523.29,€486.66,EUR,0.93,3.0,Positive,Germany,German,2022-11-02,True,3,2,2,2,4,2,eBay
4986,Alan Lloyd,18,Apple,iPhone 13,919.67,£717.34,GBP,0.78,3.0,Neutral,UK,English,2024-06-11,False,4,4,2,4,2,1,BestBuy
2886,Gabriel Watson,36,OnePlus,OnePlus 12,498.33,د.إ1828.87,AED,3.67,2.0,Neutral,UAE,English,2025-09-13,False,1,2,1,2,1,1,eBay
48414,Antonella Lima,18,Samsung,Galaxy Note 20,1336.71,R$7619.25,BRL,5.7,3.0,Positive,Brazil,Portuguese,2025-06-18,True,3,2,3,2,3,4,BestBuy
14978,Jeremiah Young,35,Apple,iPhone 15 Pro,1384.51,A$2118.3,AUD,1.53,1.0,Negative,Australia,English,2024-05-26,True,1,1,1,1,1,1,eBay
38404,Stephen Mason,34,Google,Pixel 6,715.51,C$987.4,CAD,1.38,2.0,Negative,Canada,English,2024-06-15,True,3,1,2,1,3,1,AliExpress
23792,Dr Leon Hooper,40,Google,Pixel 6,1064.31,£830.16,GBP,0.78,3.0,Neutral,UK,English,2024-01-02,True,1,2,3,1,4,2,Amazon
10994,Joseph Johnston,31,Motorola,Edge 50,365.72,د.إ1342.19,AED,3.67,4.0,Positive,UAE,English,2023-07-13,True,3,4,5,4,4,4,
44422,Louis Leonard,38,OnePlus,OnePlus 11R,650.77,£507.6,GBP,0.78,2.0,Negative,UK,English,2025-01-01,True,1,1,1,2,1,3,BestBuy
26582,Veronica Foley,18,OnePlus,OnePlus 12,369.05,$369.05 ,USD,1.0,3.0,Positive,USA,English,2023-06-24,False,4,3,2,2,4,4,BestBuy
3121,Mason Amble,41,Motorola,Razr 40,227.94,₹18919.02,INR,83.0,1.0,Negative,India,Hindi,2024-03-28,True,1,1,1,1,1,0,eBay
39203,Penny Hayes,24,Realme,Realme Narzo 70,558.9,,AED,3.67,3.0,Positive,UAE,English,2024-09-11,True,4,3,4,2,3,8,eBay
37448,Raymond Cox,33,Motorola,Moto G Power,318.24,A$486.91,AUD,1.53,1.0,Negative,Australia,English,2023-08-07,True,1,1,1,1,2,3,eBay
4058,Randy Kennedy,31,Realme,Realme Narzo 70,204.98,د.إ752.28,AED,3.67,1.0,Negative,UAE,English,2025-01-21,True,1,1,1,1,1,0,AliExpress
31986,Rosalia Sorgatz,28,Samsung,Galaxy Z Flip,905.38,€844.73,EUR,0.93,3.0,Positive,Germany,German,2025-08-04,True,2,1,1,2,2,1,Amazon
49292,Maria Smith,30,Apple,iPhone SE,1039.61,د.إ3815.37,AED,3.67,4.0,Positive,UAE,English,2025-06-30,True,3,3,5,3,3,3,AliExpress
18870,Robert Shea,39,Apple,iPhone SE,787.41,$787.41 ,USD,1.0,3.0,Positive,USA,English,2024-06-27,True,1,2,3,2,2,8,Flipkart
27740,Ekantika Dayal,38,Xiaomi,Redmi Note 13,381.91,₹31698.53,INR,83.0,4.0,Positive,India,Hindi,2024-03-02,True,3,3,3,4,5,2,Amazon
7071,Greg Burke,23,Realme,Realme Narzo 70,449.37,$449.37 ,USD,1.0,3.0,Neutral,USA,English,2024-05-26,True,1,3,2,3,2,1,Amazon
33875,Dipl.-Ing. Dietlinde Scholl,28,Realme,Realme Narzo 70,383.33,€356.5,EUR,0.93,1.0,Negative,Germany,German,2025-03-04,True,1,3,1,1,1,2,eBay
29559,Charles Cruz,18,OnePlus,OnePlus Nord 3,677.05,A$1035.89,AUD,1.53,3.0,Negative,Australia,English,2025-08-17,True,3,3,1,1,5,2,eBay
17584,Jenna Hancock,18,Google,Pixel 6,636.78,A$974.27,AUD,1.53,4.0,Positive,Australia,English,2025-03-01,True,2,3,3,4,3,7,Flipkart
43157,Debra Smith,18,Samsung,Galaxy Note 20,905.775,£860.71,GBP,0.78,1.0,Negative,UK,English,2025-02-23,True,1,1,1,1,1,0,BestBuy
18584,Brad Casey,28,Apple,iPhone 15 Pro,1029.52,C$1420.74,CAD,1.38,1.0,Negative,Canada,English,2024-03-27,True,1,1,2,1,1,3,eBay
13459,Pamela Lambert,33,Xiaomi,Mi 13 Pro,467.33,C$644.92,CAD,1.38,2.0,Neutral,Canada,English,2024-06-30,False,3,1,2,1,3,1,
17725,Ana Lívia Marques,18,OnePlus,OnePlus 11R,657.78,R$3749.35,BRL,5.7,1.0,Negative,Brazil,Portuguese,2023-05-19,True,1,1,1,1,1,3,Amazon
4570,Mugdha Walia,23,OnePlus,OnePlus 11R,692.17,₹57450.11,INR,83.0,3.0,Neutral,India,Hindi,2025-10-08,True,3,3,3,3,3,3,AliExpress
31514,Heather Wallace,27,Samsung,Galaxy S24,716.66,د.إ2630.14,AED,3.67,2.0,Neutral,UAE,English,2024-03-13,True,3,2,1,3,1,0,eBay
21497,Rishi Ghosh,18,Apple,iPhone 14,751.48,₹62372.84,INR,83.0,3.1857311320754715,Neutral,India,Hindi,2025-05-29,False,3,4,4,2,2,4,eBay
18176,Dr. Lucca Macedo,35,OnePlus,OnePlus 12,777.2,R$4430.04,BRL,5.7,3.0,Positive,Brazil,Portuguese,2022-11-24,False,4,1,3,2,4,3,Amazon
6330,Thomas Fischer,43,Google,Pixel 6,930.32,$930.32 ,USD,1.0,1.0,Negative,USA,English,2024-06-16,True,2,1,1,1,1,1,AliExpress
14875,Mr Jamie Davies,37,Samsung,Galaxy Note 20,1229.62,£959.1,GBP,0.78,4.0,Positive,UK,English,2022-10-25,True,2,4,4,3,5,7,Amazon
40463,Denise Burns,39,Apple,iPhone SE,1278.1,A$1955.49,AUD,1.53,3.101813926272674,Neutral,Australia,English,2025-04-20,False,2,1,3,2,2,3,Flipkart
47442,Sally Howarth,40,OnePlus,OnePlus 11R,408.3,£318.47,GBP,0.78,2.0,Negative,UK,English,2024-09-28,False,1,3,2,1,2,1,eBay
39231,Maria Julia Pereira,29,OnePlus,OnePlus Nord 3,886.74,R$5054.42,BRL,5.7,4.0,Positive,Brazil,Portuguese,2024-05-26,False,4,4,5,3,3,5,AliExpress
30147,Dr. Frederike Birnbaum,18,Xiaomi,Mi 13 Pro,395.51,€367.82,EUR,0.93,3.0,Positive,Germany,German,2023-07-27,True,2,2,2,2,2,3,Amazon
49347,Jean Taylor,18,Apple,iPhone SE,1386.25,£1081.28,GBP,0.78,2.0,Neutral,UK,English,2025-10-15,True,1,1,2,3,2,1,eBay
199,Susan Serrano,22,OnePlus,OnePlus Nord 3,808.55,$808.55 ,USD,1.0,5.0,Positive,USA,English,2023-02-09,True,4,5,4,4,5,3,BestBuy
1449,Joaquim Cavalcante,18,Apple,iPhone SE,856.81,R$4883.82,BRL,5.7,3.101813926272674,Positive,Brazil,Portuguese,2023-02-09,True,3,3,3,3,5,5,BestBuy
17758,Janet Wilcox,18,Google,Pixel 8,1094.59,C$1510.53,CAD,1.38,5.0,Positive,Canada,English,2025-09-11,True,3,3,5,3,5,4,Flipkart
44012,Upadhriti Chopra,33,Samsung,Galaxy Note 20,710.83,₹58998.89,INR,83.0,3.0,Positive,India,Hindi,2024-11-19,True,3,2,2,4,3,5,AliExpress
10269,Nathan Martinez,27,Xiaomi,Poco X6,209.31,د.إ768.17,AED,3.67,4.0,Positive,UAE,English,2022-12-07,True,4,4,5,5,1,6,BestBuy
32009,Jeevika Swaminathan,36,Apple,iPhone 14,1094.51,,INR,83.0,4.0,Positive,India,Hindi,2023-03-12,True,5,1,3,5,4,4,BestBuy
20834,Univ.Prof. Nelly Kramer,30,Samsung,Galaxy Z Flip,1229.42,€1143.36,EUR,0.93,3.0,Neutral,Germany,German,2025-05-05,True,3,4,3,2,3,1,Amazon
34627,Bettina Ackermann B.Eng.,18,Apple,iPhone SE,1277.68,€1188.24,EUR,0.93,2.0,Positive,Germany,German,2023-06-09,True,2,1,1,2,2,8,BestBuy
8660,Heidi Tanner,54,Xiaomi,Redmi Note 13,312.58,C$431.36,CAD,1.38,3.0,Neutral,Canada,English,2024-08-15,True,3,2,4,2,3,1,
10046,Benjamin Edwards,23,Realme,Realme 12 Pro,493.4,$493.40 ,USD,1.0,3.0,Neutral,USA,English,2023-12-02,True,4,2,3,2,2,2,BestBuy
16380,Ekaraj Sarna,18,Samsung,Galaxy A55,1331.2,₹110489.6,INR,83.0,3.0,Positive,India,Hindi,2023-04-12,True,4,3,3,4,3,5,BestBuy
17245,Christina Smith,43,OnePlus,OnePlus 12,351.56,$351.56 ,USD,1.0,3.1356009070294784,Neutral,USA,English,2025-06-11,True,1,1,1,1,2,3,BestBuy
31571,Emily Sanchez,20,Apple,iPhone 14,944.59,د.إ3466.65,AED,3.67,2.0,Neutral,UAE,English,2025-09-14,True,1,2,3,3,2,3,BestBuy
19724,Carolyn Owen,22,Samsung,Galaxy Note 20,404.39,د.إ1484.11,AED,3.67,3.0,Positive,UAE,English,2024-12-29,False,2,2,3,2,1,3,Amazon
40337,Brian Thompson,39,Google,Pixel 6,790.89,د.إ2902.57,AED,3.67,4.0,Positive,UAE,English,2023-04-03,True,5,4,4,4,2,6,eBay
12619,Alexandra Robinson,42,Xiaomi,Mi 13 Pro,255.91,£199.61,GBP,0.78,4.0,Positive,UK,English,2025-06-13,True,4,3,3,5,2,4,Flipkart
5747,Russell Davis,18,OnePlus,OnePlus 11R,644.88,A$986.67,AUD,1.53,3.0,Positive,Australia,English,2025-04-28,False,3,4,3,1,1,4,AliExpress
44071,Sra. Cecília Gonçalves,32,Xiaomi,Poco X6,645.23,R$3677.81,BRL,5.7,3.0,Positive,Brazil,Portuguese,2024-05-09,True,2,4,3,2,3,4,Flipkart
43135,Bryan Pereira,18,Samsung,Galaxy Z Flip,1313.74,R$7488.32,BRL,5.7,1.0,Neutral,Brazil,Portuguese,2023-07-09,True,2,1,1,2,1,2,eBay
23576,Richard Evans,29,Realme,Realme 12 Pro,352.74,A$539.69,AUD,1.53,1.0,Negative,Australia,English,2023-12-17,True,1,1,1,1,1,1,eBay
47224,Richard Kirk,43,Apple,iPhone SE,1327.36,A$2030.86,AUD,1.53,4.0,Positive,Australia,English,2025-07-11,True,3,3,4,4,5,7,AliExpress
25327,Mr Dominic Gregory,36,OnePlus,OnePlus 11R,825.82,£644.14,GBP,0.78,1.0,Negative,UK,English,2024-11-30,True,2,1,1,1,1,1,Amazon
44217,Cristina Ward,32,Samsung,Galaxy Z Flip,915.22,$915.22 ,USD,1.0,4.0,Positive,USA,English,2024-04-02,True,5,5,3,3,3,8,AliExpress
19820,Caleb White,31,OnePlus,OnePlus 11R,434.0,$434.00 ,USD,1.0,3.0,Positive,USA,English,2025-04-18,True,1,2,1,3,2,9,Flipkart
47714,Ekbal Chanda,40,Google,Pixel 6,1079.75,₹89619.25,INR,83.0,3.1190370040124837,Negative,India,Hindi,2024-08-26,True,1,1,1,1,2,2,BestBuy
45674,Kayla Torres,43,Google,Pixel 8,809.37,C$1116.93,CAD,1.38,3.129131776112825,Positive,Canada,English,2023-08-23,True,5,4,5,5,4,9,BestBuy
41828,Kaitlyn Jones,34,Realme,Realme 12 Pro,181.82,د.إ667.28,AED,3.67,4.0,Positive,UAE,English,2025-04-23,False,4,4,2,3,5,5,eBay
3841,Rebeca Lopes,25,Apple,iPhone 13,1360.42,R$7754.39,BRL,5.7,4.0,Positive,Brazil,Portuguese,2025-01-12,True,4,3,4,2,4,1,AliExpress
34966,Dr. Arthur Barros,42,OnePlus,OnePlus 12,969.19,R$5524.38,BRL,5.7,4.0,Positive,Brazil,Portuguese,2024-02-19,True,5,2,4,4,4,5,Flipkart
5646,Kevin Drake,33,Motorola,Moto G Power,715.87,د.إ2627.24,AED,3.67,5.0,Positive,UAE,English,2023-08-08,True,5,3,5,3,4,4,BestBuy
33932,Elisa Oliveira,46,Motorola,Razr 40,497.38,R$2835.07,BRL,5.7,5.0,Positive,Brazil,Portuguese,2023-07-15,True,5,5,5,4,3,8,BestBuy
25316,Eva-Marie Drub,25,Realme,Realme Narzo 70,469.48,€436.62,EUR,0.93,3.0,Positive,Germany,German,2023-01-05,True,2,4,1,2,3,4,Amazon
23047,Ekaja Bhattacharyya,18,OnePlus,OnePlus 11R,376.2,₹31224.6,INR,83.0,1.0,Negative,India,Hindi,2025-05-27,True,1,1,1,2,1,2,BestBuy
9673,Ekantika Shanker,27,Google,Pixel 7a,650.85,₹54020.55,INR,83.0,4.0,Neutral,India,Hindi,2023-10-04,True,4,2,3,1,4,0,AliExpress
45834,Antonio Crawford,48,Motorola,Razr 40,711.99,C$982.55,CAD,1.38,3.0,Neutral,Canada,English,2023-08-07,True,5,3,3,3,3,0,BestBuy
9243,Lori Miller,30,Xiaomi,Redmi Note 13,243.68,د.إ894.31,AED,3.67,4.0,Positive,UAE,English,2023-06-22,True,4,3,4,5,5,4,BestBuy
35275,Srta. Laura Monteiro,35,Apple,iPhone SE,1383.82,R$7887.77,BRL,5.7,1.0,Negative,Brazil,Portuguese,2025-06-20,False,1,1,1,1,1,4,BestBuy
32447,Kim Gibson,18,Realme,Realme Narzo 70,490.9,A$751.08,AUD,1.53,3.0,Negative,Australia,English,2022-10-23,True,3,3,2,3,1,4,Amazon
682,David Wilson,27,Google,Pixel 6,979.21,,USD,1.0,3.0,Positive,USA,English,2024-05-23,True,3,3,3,2,3,4,Flipkart
45180,Dr. Pedro Lucas Moura,40,Samsung,Galaxy Note 20,1186.71,R$6764.25,BRL,5.7,5.0,Positive,Brazil,Portuguese,2024-07-21,True,5,5,5,5,4,5,eBay
46940,David Navarro,24,Samsung,Galaxy A55,948.58,,AED,3.67,4.0,Positive,UAE,English,2025-03-18,False,4,5,2,3,2,5,eBay
41769,Sergio Foley,28,Motorola,Razr 40,347.91,$347.91 ,USD,1.0,1.0,Negative,USA,English,2023-12-22,True,1,1,1,1,2,0,eBay
8813,Nicolas Fonseca,25,OnePlus,OnePlus Nord 3,562.54,R$3206.48,BRL,5.7,5.0,Positive,Brazil,Portuguese,2025-06-08,True,3,5,5,5,4,4,BestBuy
40265,Renato Vollbrecht B.A.,24,Google,Pixel 6,1000.52,€930.48,EUR,0.93,5.0,Positive,Germany,German,2024-03-21,True,4,5,5,5,4,5,BestBuy
25267,Shannon Mendoza,28,Google,Pixel 8,1033.76,د.إ3793.9,AED,3.67,1.0,Neutral,UAE,English,2025-06-12,False,1,1,1,2,1,3,eBay
49380,Amy Goodwin,46,Realme,Realme Narzo 70,568.57,,AUD,1.53,4.0,Positive,Australia,English,2025-09-18,True,5,5,2,3,4,3,BestBuy
28592,Alyssa Robinson,40,Motorola,Moto G Power,537.0,د.إ1970.79,AED,3.67,3.0,Positive,UAE,English,2025-09-20,True,3,2,5,2,3,6,eBay
12759,Praneel Goyal,22,Realme,Realme Narzo 70,499.14,₹41428.62,INR,83.0,1.0,Negative,India,Hindi,2023-06-08,True,1,1,1,1,2,2,BestBuy
8475,Arthur Cox,37,Realme,Realme 12 Pro,396.41,A$346.61,AUD,1.53,4.0,Positive,Australia,English,2024-12-02,True,4,5,3,4,3,10,Flipkart
24803,João Vitor Pastor,27,OnePlus,OnePlus Nord 3,864.09,R$4925.31,BRL,5.7,3.0,Positive,Brazil,Portuguese,2023-12-16,True,3,1,3,2,3,3,Flipkart
13506,Waida Raghavan,25,Samsung,Galaxy Note 20,905.775,₹74148.88,INR,83.0,3.150789012273524,Negative,India,Hindi,2024-11-02,False,1,1,2,1,1,4,BestBuy
18216,Roy Reinhardt,31,OnePlus,OnePlus Nord 3,828.48,€770.49,EUR,0.93,3.0,Neutral,Germany,German,2025-07-03,False,1,1,2,3,1,3,Flipkart
44985,Tiffany Carlson,40,Google,Pixel 6,903.77,C$1247.2,CAD,1.38,2.0,Neutral,Canada,English,2025-07-28,True,2,2,1,2,1,1,BestBuy
6225,Enrico da Conceição,30,OnePlus,OnePlus Nord 3,358.86,R$2045.5,BRL,5.7,3.0,Neutral,Brazil,Portuguese,2023-10-09,True,3,3,2,3,3,2,AliExpress
33323,Alex Hammond,37,OnePlus,OnePlus 12,394.82,£307.96,GBP,0.78,4.0,Positive,UK,English,2023-06-30,True,1,4,4,3,3,6,AliExpress
32157,Austin Castillo,50,Xiaomi,Redmi Note 13,450.8,,AUD,1.53,5.0,Positive,Australia,English,2024-05-12,True,5,5,3,5,3,2,AliExpress
45144,Gustavo Henrique Pereira,32,Apple,iPhone 13,733.19,R$4179.18,BRL,5.7,4.0,Positive,Brazil,Portuguese,2023-01-14,False,4,3,5,1,2,8,BestBuy
10461,Beverley Adams-Evans,30,Apple,iPhone SE,1285.29,£1002.53,GBP,0.78,1.0,Negative,UK,English,2022-12-26,False,1,2,1,1,1,2,
34111,Wakeeta Sundaram,36,Xiaomi,Redmi Note 13,419.86,₹34848.38,INR,83.0,3.0,Positive,India,Hindi,2024-07-27,True,3,2,3,2,2,6,BestBuy
36901,Katy Kelly,31,OnePlus,OnePlus 12,996.61,£777.36,GBP,0.78,4.0,Positive,UK,English,2024-05-11,False,4,2,4,4,5,4,Flipkart
36463,Edda Liebelt,23,Xiaomi,Redmi Note 13,547.81,€509.46,EUR,0.93,4.0,Positive,Germany,German,2024-08-13,True,4,4,2,5,4,4,Amazon
586,Sean Figueroa,21,OnePlus,OnePlus 11R,526.09,$526.09 ,USD,1.0,2.0,Negative,USA,English,2022-11-16,True,1,2,1,1,2,2,eBay
26502,Brian Michael,47,Apple,iPhone SE,1343.13,"$1,343.13 ",USD,1.0,1.0,Negative,USA,English,2023-10-08,True,1,1,1,1,1,2,Flipkart
39110,Brianna Hurst,40,Samsung,Galaxy Z Flip,882.82,C$1218.29,CAD,1.38,1.0,Negative,Canada,English,2024-01-15,True,2,1,1,1,1,0,Amazon
29317,Lonnie Nguyen,31,Realme,Realme 12 Pro,396.41,$363.84 ,USD,1.0,5.0,Positive,USA,English,2023-09-01,True,4,3,4,4,4,1,BestBuy
23209,Katie Hicks,43,Samsung,Galaxy Note 20,1264.79,C$1745.41,CAD,1.38,4.0,Positive,Canada,English,2023-11-01,False,3,5,3,4,5,1,BestBuy
43786,Linda Hawkins,20,Realme,Realme Narzo 70,353.36,$353.36 ,USD,1.0,3.1264233576642337,Positive,USA,English,2024-05-30,True,5,2,3,5,3,3,BestBuy
23585,Timothy Gregory,28,Xiaomi,Mi 13 Pro,508.48,C$701.7,CAD,1.38,4.0,Positive,Canada,English,2023-08-07,True,3,3,2,5,3,5,Amazon
47911,Gina Dixon,43,Realme,Realme Narzo 70,259.74,A$397.4,AUD,1.53,5.0,Positive,Australia,English,2025-01-03,True,3,5,5,5,5,8,Amazon
40065,Joseph Blackburn,26,Google,Pixel 7a,919.35,$919.35 ,USD,1.0,5.0,Positive,USA,English,2025-04-12,False,4,4,4,5,4,6,BestBuy
7651,Udarsh Ganesh,28,Google,Pixel 6,813.86,₹67550.38,INR,83.0,1.0,Negative,India,Hindi,2024-08-14,True,1,1,2,1,1,3,AliExpress
7585,Anthony Finley,20,Realme,Realme 12 Pro,339.19,$339.19 ,USD,1.0,5.0,Positive,USA,English,2024-01-15,True,5,3,5,5,4,8,eBay
40552,Ben Garner,32,Realme,Realme 12 Pro,533.81,£416.37,GBP,0.78,3.0,Neutral,UK,English,2024-11-09,True,1,2,4,1,1,9,BestBuy
36928,Melanie Atkins,33,Samsung,Galaxy A55,492.02,£383.78,GBP,0.78,5.0,Positive,UK,English,2025-09-01,True,3,5,5,5,4,2,eBay
13374,Benedikt Kühnert B.A.,37,Xiaomi,Redmi Note 13,450.8,€355.86,EUR,0.93,4.0,Positive,Germany,German,2023-08-29,False,5,5,3,4,3,8,AliExpress
13485,Daniel Roth,30,Samsung,Galaxy S24,1201.14,"$1,201.14 ",USD,1.0,3.0,Neutral,USA,English,2023-06-10,True,3,3,2,3,3,3,eBay
24493,Edward Gordon,25,Samsung,Galaxy A55,482.9,د.إ1772.24,AED,3.67,5.0,Positive,UAE,English,2025-06-14,True,5,4,5,4,3,4,Flipkart
2464,William Garrett,36,Realme,Realme Narzo 70,185.85,C$256.47,CAD,1.38,4.0,Positive,Canada,English,2022-11-07,False,4,5,3,4,4,5,AliExpress
9830,Terence Bell-Wilkinson,53,OnePlus,OnePlus 12,729.51,£569.02,GBP,0.78,3.0,Positive,UK,English,2024-08-30,True,3,4,3,2,1,7,Amazon
31685,Srta. Isabelly Alves,23,Samsung,Galaxy Z Flip,1193.2,R$6801.24,BRL,5.7,1.0,Negative,Brazil,Portuguese,2023-05-08,True,1,1,1,1,1,0,BestBuy
37429,Warda Shah,19,Realme,Realme Narzo 70,237.67,₹19726.61,INR,83.0,4.0,Positive,India,Hindi,2023-03-18,True,3,4,3,3,4,8,Flipkart
20340,Mr Billy Johnson,18,Motorola,Moto G Power,528.95,£412.58,GBP,0.78,4.0,Positive,UK,English,2023-04-30,True,4,5,3,4,3,4,Flipkart
48860,Travis Baker,38,Motorola,Razr 40,337.06,C$465.14,CAD,1.38,3.108496732026144,Neutral,Canada,English,2024-09-24,False,1,1,2,2,3,2,Amazon
44241,Michael Dey,47,Google,Pixel 8,1053.47,₹87438.01,INR,83.0,1.0,Neutral,India,Hindi,2025-08-13,True,1,1,1,1,3,3,
47408,Wendy Stevens,45,OnePlus,OnePlus 12,510.18,£397.94,GBP,0.78,4.0,Positive,UK,English,2023-12-02,False,3,3,5,5,4,3,Flipkart
27507,Harriet Smart,31,Realme,Realme 12 Pro,549.19,£428.37,GBP,0.78,3.0,Positive,UK,English,2025-01-12,True,2,2,2,3,4,7,Amazon
17553,Trevor O'Brien-Hooper,18,Xiaomi,Mi 13 Pro,653.22,£509.51,GBP,0.78,3.0,Neutral,UK,English,2024-11-08,True,2,3,3,2,3,5,AliExpress
23515,Samesh Narang,32,Google,Pixel 7a,624.67,₹51847.61,INR,83.0,2.0,Neutral,India,Hindi,2024-01-30,True,2,1,3,1,2,1,BestBuy
26007,Mary Robinson,38,Xiaomi,Mi 13 Pro,531.64,C$733.66,CAD,1.38,3.0,Neutral,Canada,English,2024-05-08,False,3,2,2,3,3,1,Flipkart
46860,Marie Harris,24,Apple,iPhone 15 Pro,1004.26,C$1385.88,CAD,1.38,3.0,Neutral,Canada,English,2024-03-28,True,3,4,2,2,2,1,eBay
29597,Alexander Martin,34,Apple,iPhone 15 Pro,1494.64,A$2286.8,AUD,1.53,1.0,Neutral,Australia,English,2023-11-02,True,1,1,1,1,1,0,BestBuy
18047,Jason Ramos,35,Motorola,Moto G Power,324.24,$324.24 ,USD,1.0,1.0,Negative,USA,English,2024-06-03,True,1,1,1,1,1,4,BestBuy
44419,Gayathri Ravi,30,Xiaomi,Poco X6,283.44,₹23525.52,INR,83.0,3.0,Positive,India,Hindi,2023-07-11,True,1,2,2,2,4,6,Flipkart
31563,Gary Martin,20,Samsung,Galaxy A55,1113.62,"$1,113.62 ",USD,1.0,3.0,Neutral,USA,English,2025-08-11,False,4,3,2,2,1,1,Amazon
34963,Paul Walker,18,Samsung,Galaxy Note 20,1370.21,د.إ5028.67,AED,3.67,5.0,Positive,UAE,English,2023-07-03,True,3,2,5,3,4,2,BestBuy
7056,Werner Langern-Losekann,49,Motorola,Razr 40,550.87,€512.31,EUR,0.93,2.0,Negative,Germany,German,2022-12-10,True,3,2,4,2,1,1,BestBuy
7647,Larry Hall,28,Realme,Realme Narzo 70,251.73,A$385.15,AUD,1.53,1.0,Negative,Australia,English,2025-05-24,True,1,1,1,2,1,1,eBay
25771,Joan Ellis,32,Google,Pixel 6,760.01,$760.01 ,USD,1.0,3.1190370040124837,Neutral,USA,English,2023-06-01,False,2,1,2,3,4,2,Amazon
43936,Kathy Mahoney,22,Motorola,Edge 50,724.27,A$1108.13,AUD,1.53,4.0,Positive,Australia,English,2023-05-10,True,2,4,5,2,4,5,eBay
27720,Mark Mays,25,Realme,Realme 12 Pro,588.27,A$900.05,AUD,1.53,5.0,Positive,Australia,English,2023-07-24,True,4,4,3,4,4,5,BestBuy
28449,Kevin Richardson,18,Samsung,Galaxy S24,401.2,A$613.84,AUD,1.53,1.0,Negative,Australia,English,2024-02-22,True,2,3,3,1,1,4,eBay
48431,Clarice Macedo,18,Samsung,Galaxy A55,1039.54,R$5925.38,BRL,5.7,3.0,Neutral,Brazil,Portuguese,2023-09-29,False,4,3,3,3,2,3,eBay
24385,Parker Murphy,31,Realme,Realme Narzo 70,439.66,$439.66 ,USD,1.0,3.0,Positive,USA,English,2025-02-16,True,3,2,4,2,3,5,eBay
38940,Adam May,37,OnePlus,OnePlus Nord 3,679.97,C$938.36,CAD,1.38,4.0,Positive,Canada,English,2023-09-15,True,5,2,5,4,4,3,Flipkart
36466,Kamala Kumer,35,Google,Pixel 6,604.03,,INR,83.0,2.0,Negative,India,Hindi,2024-03-13,True,1,1,3,1,2,1,BestBuy
10928,Viraj Ahuja,28,Xiaomi,Mi 13 Pro,570.42,₹47344.86,INR,83.0,1.0,Neutral,India,Hindi,2023-08-05,True,1,1,1,1,1,1,Flipkart
42424,Holly Rivas,39,OnePlus,OnePlus 12,403.96,$403.96 ,USD,1.0,3.1356009070294784,Neutral,USA,English,2024-06-20,False,2,5,3,2,3,3,
12895,Lori Lee,33,Samsung,Galaxy A55,1231.1,C$1698.92,CAD,1.38,1.0,Negative,Canada,English,2024-01-07,True,1,1,1,1,1,1,Amazon
41068,Joana Farias,42,Xiaomi,Redmi Note 13,670.08,,BRL,5.7,3.0,Positive,Brazil,Portuguese,2024-07-28,True,2,5,3,1,3,4,BestBuy
26107,Manya Sen,28,Samsung,Galaxy Z Flip,408.44,₹33900.52,INR,83.0,2.0,Negative,India,Hindi,2025-01-11,True,1,1,1,1,1,2,eBay
45575,Derrick Perez,43,Samsung,Galaxy S24,893.42,د.إ3278.85,AED,3.67,5.0,Positive,UAE,English,2024-03-22,True,5,5,5,5,4,8,AliExpress
3291,Sai Pant,40,Realme,Realme Narzo 70,283.18,₹23503.94,INR,83.0,1.0,Neutral,India,Hindi,2025-04-05,True,2,1,1,1,1,4,BestBuy
34118,Emanuelly da Rosa,27,OnePlus,OnePlus 11R,769.31,R$4385.07,BRL,5.7,4.0,Positive,Brazil,Portuguese,2024-01-06,True,5,3,4,2,4,6,BestBuy
11428,Irmgard Geisel,29,Motorola,Edge 50,503.07,€467.86,EUR,0.93,3.092575618698442,Positive,Germany,German,2025-05-08,True,2,2,2,2,2,8,Flipkart
15055,Juan Novais,30,Motorola,Moto G Power,799.38,R$4556.47,BRL,5.7,1.0,Negative,Brazil,Portuguese,2024-05-26,True,2,1,1,1,1,2,Amazon
19475,Frau Susana Lehmann,20,Realme,Realme 12 Pro,369.86,€343.97,EUR,0.93,4.0,Positive,Germany,German,2025-10-10,True,4,2,3,4,5,3,eBay
3495,Advaith Rana,34,Google,Pixel 8,547.08,₹45407.64,INR,83.0,4.0,Positive,India,Hindi,2022-12-25,True,4,2,4,3,3,5,eBay
5265,Gauri Pall,31,Motorola,Edge 50,640.3,₹53144.9,INR,83.0,3.0,Neutral,India,Hindi,2023-09-25,True,4,2,4,4,2,2,Amazon
12378,Keith Gibbs,30,Xiaomi,Redmi Note 13,208.06,£162.29,GBP,0.78,1.0,Negative,UK,English,2025-07-20,True,1,1,1,1,1,0,Amazon
20367,Alexander Keith,21,Google,Pixel 6,786.49,C$1085.36,CAD,1.38,3.0,Positive,Canada,English,2023-05-26,True,3,3,1,2,2,3,Amazon
45678,Gopal Bala,19,Apple,iPhone 14,1221.33,₹101370.39,INR,83.0,3.0,Positive,India,Hindi,2025-06-09,True,2,3,2,1,2,10,Amazon
40830,Jason Smith,18,Apple,iPhone SE,1414.45,"$1,414.45 ",USD,1.0,3.0,Positive,USA,English,2023-05-22,False,1,2,2,2,3,3,AliExpress
6917,Ricardo Gordon,38,Realme,Realme Narzo 70,409.29,$409.29 ,USD,1.0,2.0,Neutral,USA,English,2024-04-04,True,2,2,1,1,2,0,Flipkart
18028,Prof. Samuel Staude,40,OnePlus,OnePlus Nord 3,671.14,€624.16,EUR,0.93,2.0,Neutral,Germany,German,2024-11-16,True,1,2,3,2,1,1,BestBuy
37746,Meghana Patla,22,OnePlus,OnePlus 11R,529.37,₹43937.71,INR,83.0,4.0,Positive,India,Hindi,2025-08-21,True,4,4,4,4,3,6,Flipkart
21329,Laura Berry,20,Google,Pixel 6,808.53,A$1594.29,AUD,1.53,4.0,Positive,Australia,English,2024-06-28,True,4,3,4,4,2,3,AliExpress
20280,Kevin Parks,37,Google,Pixel 8,763.45,د.إ2801.86,AED,3.67,1.0,Negative,UAE,English,2024-02-09,True,2,1,1,1,1,4,eBay
41886,Amanda Taylor,45,Samsung,Galaxy Z Flip,509.42,$509.42 ,USD,1.0,2.0,Neutral,USA,English,2023-12-31,True,3,2,2,1,1,1,eBay
16546,Kimberly Russell,18,Realme,Realme Narzo 70,427.39,$427.39 ,USD,1.0,4.0,Positive,USA,English,2024-07-18,True,5,4,3,5,4,9,eBay
14068,Mackenzie Murray,34,Realme,Realme 12 Pro,214.01,A$327.44,AUD,1.53,5.0,Positive,Australia,English,2025-02-06,False,4,4,3,5,3,7,BestBuy
20631,James Watts,22,OnePlus,OnePlus Nord 3,407.52,C$562.38,CAD,1.38,2.0,Negative,Canada,English,2025-07-25,False,2,2,1,1,3,2,BestBuy
21240,Dr Margaret Morrison,31,Xiaomi,Mi 13 Pro,309.85,£241.68,GBP,0.78,4.0,Positive,UK,English,2023-11-03,False,4,3,2,3,5,5,
27153,Tonya Ford,23,Xiaomi,Mi 13 Pro,419.83,C$579.37,CAD,1.38,1.0,Negative,Canada,English,2023-09-02,False,1,1,2,1,1,1,Amazon
26635,Ryan Fields,18,Realme,Realme 12 Pro,478.43,C$660.23,CAD,1.38,4.0,Neutral,Canada,English,2025-01-16,False,3,3,3,5,4,2,Amazon
10822,Bradley Read,29,Google,Pixel 8,778.99,£607.61,GBP,0.78,2.0,Negative,UK,English,2025-05-04,True,1,3,1,2,1,0,AliExpress
19016,Steven Carpenter,35,Samsung,Galaxy A55,908.74,د.إ3948.74,AED,3.67,2.0,Negative,UAE,English,2024-11-10,False,2,1,1,1,1,5,AliExpress
14760,Janine Rust B.Eng.,38,OnePlus,OnePlus 12,452.12,€420.47,EUR,0.93,3.0,Positive,Germany,German,2023-02-19,True,3,2,3,3,3,7,eBay
18120,Troy Ali,40,Samsung,Galaxy Note 20,680.56,A$1041.26,AUD,1.53,2.0,Negative,Australia,English,2023-11-14,True,2,1,3,1,3,1,BestBuy
42882,Ekaraj Shah,26,Apple,iPhone 15 Pro,969.67,₹80482.61,INR,83.0,2.0,Neutral,India,Hindi,2025-08-17,True,2,2,2,1,3,4,AliExpress
36208,John Carter,33,Motorola,Moto G Power,467.63,د.إ1716.2,AED,3.67,4.0,Positive,UAE,English,2022-11-28,False,3,3,2,4,5,11,Amazon
49475,Carolyn Hunt,33,Apple,iPhone SE,1177.54,C$1625.01,CAD,1.38,3.0,Positive,Canada,English,2025-06-29,True,2,4,2,3,1,6,eBay
1825,Sally Allen-Griffiths,32,Apple,iPhone 14,1292.79,£1008.38,GBP,0.78,3.0,Positive,UK,English,2023-11-13,True,3,2,2,3,2,2,eBay
46195,Yug Naidu,32,OnePlus,OnePlus 11R,676.26,₹56129.58,INR,83.0,2.0,Neutral,India,Hindi,2023-05-31,False,3,1,1,1,1,3,
25435,Sarah Swanson,44,Apple,iPhone 13,881.98,$881.98 ,USD,1.0,4.0,Positive,USA,English,2023-01-29,True,2,3,3,4,3,3,AliExpress
40079,Dr. João Gabriel Melo,25,Apple,iPhone 15 Pro,934.26,R$5325.28,BRL,5.7,3.0,Neutral,Brazil,Portuguese,2024-03-17,True,3,2,5,2,4,3,BestBuy
8910,Amy James,23,Xiaomi,Redmi Note 13,680.58,C$939.2,CAD,1.38,2.0,Neutral,Canada,English,2023-11-20,False,2,1,2,1,1,2,AliExpress
20854,Kyle Dixon,34,Motorola,Razr 40,685.03,£534.32,GBP,0.78,4.0,Positive,UK,English,2023-11-09,True,3,4,2,4,3,3,AliExpress
27451,Natasha Wells,38,OnePlus,OnePlus 12,553.14,$553.14 ,USD,1.0,4.0,Positive,USA,English,2024-07-08,False,5,4,4,3,3,7,
31938,Dalaja Hegde,27,Google,Pixel 7a,815.84,₹67714.72,INR,83.0,3.0,Neutral,India,Hindi,2025-03-12,False,4,2,2,2,3,0,
6947,Joshua Banks,30,Google,Pixel 6,692.0,A$1058.76,AUD,1.53,3.1190370040124837,Positive,Australia,English,2024-02-15,True,3,4,2,4,4,5,eBay
9686,Patrick Harrison,32,Apple,iPhone 15 Pro,1246.03,A$1906.43,AUD,1.53,3.0,Neutral,Australia,English,2024-03-02,True,2,1,3,3,1,1,Flipkart
34335,Jerome Fowler,28,Apple,iPhone 15 Pro,1446.7,"$1,446.70 ",USD,1.0,4.0,Positive,USA,English,2025-08-18,True,5,3,4,4,3,3,eBay
46759,Alícia Freitas,26,Samsung,Galaxy Z Flip,1229.04,R$7005.53,BRL,5.7,5.0,Positive,Brazil,Portuguese,2024-10-16,True,4,5,5,3,5,7,AliExpress
28475,Christian Moon,43,Xiaomi,Redmi Note 13,357.6,C$493.49,CAD,1.38,4.0,Positive,Canada,English,2023-10-28,False,4,5,2,4,4,1,BestBuy
18669,Rebekah Morton,55,Samsung,Galaxy Z Flip,1129.78,A$1728.56,AUD,1.53,5.0,Positive,Australia,English,2024-02-02,True,5,3,4,4,5,9,BestBuy
37157,Frau Rahel Rosenow B.Eng.,40,Motorola,Razr 40,557.17,€518.17,EUR,0.93,1.0,Negative,Germany,German,2023-11-15,True,1,1,1,1,1,0,Amazon
3565,Indrajit Hegde,39,Xiaomi,Redmi Note 13,556.53,₹46191.99,INR,83.0,3.0,Neutral,India,Hindi,2025-07-03,True,3,3,3,3,2,1,Amazon
28541,Jeanne Perez DDS,18,Samsung,Galaxy A55,557.72,C$769.65,CAD,1.38,1.0,Negative,Canada,English,2024-11-30,True,1,1,3,1,1,0,Amazon
18050,Bozena Krebs-Benthin,28,Google,Pixel 7a,865.77,€805.17,EUR,0.93,2.0,Negative,Germany,German,2024-03-06,False,2,2,1,1,2,1,Flipkart
28080,Miguel Watson,41,Google,Pixel 6,519.16,C$716.44,CAD,1.38,3.0,Positive,Canada,English,2023-08-21,True,2,5,4,3,3,8,AliExpress
28533,Lipika Baral,26,Xiaomi,Mi 13 Pro,567.82,₹47129.06,INR,83.0,3.0,Positive,India,Hindi,2024-11-10,True,3,3,3,2,2,5,Flipkart
21421,Danielle Rogers,43,Xiaomi,Mi 13 Pro,238.68,د.إ875.96,AED,3.67,2.0,Neutral,UAE,English,2025-02-08,False,3,1,1,1,2,2,Amazon
323,Glen Wood,39,Realme,Realme Narzo 70,371.37,$371.37 ,USD,1.0,3.0,Positive,USA,English,2024-03-08,True,3,2,2,2,3,6,Flipkart
47971,Univ.Prof. Fanny Kraus,18,Realme,Realme Narzo 70,398.89,€370.97,EUR,0.93,3.0,Positive,Germany,German,2024-03-15,False,3,1,4,4,2,2,eBay
19346,Jeet Sampath,30,Xiaomi,Redmi Note 13,231.42,₹19207.86,INR,83.0,5.0,Positive,India,Hindi,2023-05-11,True,5,5,5,4,4,5,Amazon
14805,Anmol Iyer,26,Google,Pixel 7a,1096.91,₹91043.53,INR,83.0,3.0,Neutral,India,Hindi,2024-12-27,False,1,2,3,3,4,1,Flipkart
45992,John Dudley,42,Samsung,Galaxy A55,1136.52,A$1738.88,AUD,1.53,3.092765460910152,Positive,Australia,English,2022-10-25,True,3,1,1,2,4,6,AliExpress
45620,Wendy Williams,28,Apple,iPhone 14,703.22,$703.22 ,USD,1.0,5.0,Positive,USA,English,2023-05-04,True,5,5,4,4,5,2,Flipkart
49166,Amy Gilbert,23,Samsung,Galaxy S24,888.435,"$1,086.37 ",USD,1.0,5.0,Positive,USA,English,2023-02-07,True,5,4,5,5,5,11,Flipkart
28280,Ann Phillips,27,Google,Pixel 7a,993.26,A$1519.69,AUD,1.53,5.0,Positive,Australia,English,2022-12-18,True,5,4,5,5,5,7,AliExpress
38832,Turvi Arya,28,Samsung,Galaxy Note 20,655.04,₹54368.32,INR,83.0,2.0,Negative,India,Hindi,2025-09-11,True,1,3,2,1,1,2,Flipkart
29277,Amanda Anderson,26,Motorola,Razr 40,324.74,$324.74 ,USD,1.0,3.0,Negative,USA,English,2022-11-14,True,1,1,1,3,4,2,Amazon
27489,Adrian Hill-Holmes,21,Apple,iPhone 14,766.37,£597.77,GBP,0.78,3.0,Positive,UK,English,2025-10-05,True,3,4,2,2,2,2,Amazon
43006,Pamela Cordova,25,Google,Pixel 6,993.82,C$1371.47,CAD,1.38,4.0,Positive,Canada,English,2024-06-08,True,4,3,4,4,3,8,Amazon
10497,Tony Miller,36,OnePlus,OnePlus Nord 3,402.67,A$616.09,AUD,1.53,5.0,Positive,Australia,English,2023-11-18,True,3,5,4,3,5,5,BestBuy
42663,Luigi da Cunha,18,Realme,Realme Narzo 70,185.45,R$1057.07,BRL,5.7,2.0,Neutral,Brazil,Portuguese,2023-05-29,True,1,2,3,2,2,0,
5529,Dr. José Pereira,19,Samsung,Galaxy A55,1007.18,R$5740.93,BRL,5.7,2.0,Neutral,Brazil,Portuguese,2024-04-27,True,2,3,2,1,4,1,BestBuy
35388,Chanakya Barad,18,Xiaomi,Redmi Note 13,561.01,,INR,83.0,2.0,Neutral,India,Hindi,2023-02-14,True,1,1,2,1,2,1,Flipkart
31209,Hildburg Rudolph,40,Apple,iPhone SE,989.84,€920.55,EUR,0.93,5.0,Positive,Germany,German,2025-08-31,True,2,4,5,2,5,3,eBay
40988,Samantha Baker,30,Realme,Realme Narzo 70,243.22,د.إ892.62,AED,3.67,4.0,Positive,UAE,English,2023-05-01,True,5,5,5,4,3,8,Flipkart
21333,Larry Guerrero,21,OnePlus,OnePlus Nord 3,752.13,A$1150.76,AUD,1.53,3.0,Positive,Australia,English,2025-06-27,True,3,1,2,4,3,4,AliExpress
3403,Dhriti Tank,37,Google,Pixel 6,877.55,₹72836.65,INR,83.0,3.1190370040124837,Neutral,India,Hindi,2025-07-11,True,3,4,2,5,2,1,eBay
7781,Balvan Dube,33,Google,Pixel 7a,853.82,₹70867.06,INR,83.0,4.0,Neutral,India,Hindi,2025-08-03,True,2,2,3,3,5,0,eBay
27136,Sam Donnelly,22,Realme,Realme 12 Pro,342.4,£267.07,GBP,0.78,3.0,Positive,UK,English,2025-05-30,True,3,3,4,1,3,9,Amazon
45930,Chakrika Sani,47,Samsung,Galaxy S24,888.435,₹46762.2,INR,83.0,2.0,Negative,India,Hindi,2024-06-02,True,2,2,2,2,1,0,Amazon
25716,Megha Palan,18,Xiaomi,Redmi Note 13,448.77,₹37247.91,INR,83.0,4.0,Positive,India,Hindi,2025-01-22,False,5,4,3,3,4,3,AliExpress
22230,Ursel Winkler,40,Realme,Realme 12 Pro,533.28,€495.95,EUR,0.93,1.0,Negative,Germany,German,2024-05-06,True,2,1,1,1,2,4,AliExpress
483,Diane Edwards,37,Xiaomi,Redmi Note 13,237.09,£184.93,GBP,0.78,4.0,Positive,UK,English,2024-10-26,True,4,2,4,2,3,4,Flipkart
28662,Gotthard Schuster-Schleich,35,OnePlus,OnePlus Nord 3,890.64,€828.3,EUR,0.93,5.0,Positive,Germany,German,2025-02-09,False,4,5,4,5,5,3,BestBuy
14182,Diego Siqueira,37,Motorola,Moto G Power,237.5,R$1353.75,BRL,5.7,4.0,Positive,Brazil,Portuguese,2025-01-22,True,5,3,2,4,4,10,Amazon
39685,Justin Collins,38,Samsung,Galaxy Note 20,1016.02,£792.5,GBP,0.78,5.0,Positive,UK,English,2025-03-11,True,5,2,4,5,4,6,
8791,Mandy Mendoza,48,Apple,iPhone 14,1186.72,"$1,186.72 ",USD,1.0,2.0,Negative,USA,English,2024-08-11,True,2,1,2,2,2,0,BestBuy
38979,Julia Leblanc,33,Realme,Realme Narzo 70,433.85,د.إ1592.23,AED,3.67,1.0,Negative,UAE,English,2024-07-03,True,1,1,1,2,1,2,AliExpress
40402,Cody Perkins,18,Google,Pixel 7a,620.35,$620.35 ,USD,1.0,3.0,Negative,USA,English,2025-08-09,True,3,1,3,1,3,1,eBay
2875,Dr. Daniel Brown,33,OnePlus,OnePlus 12,755.78,A$1156.34,AUD,1.53,3.0,Positive,Australia,English,2023-02-22,True,2,2,3,1,4,7,Flipkart
45436,Emilie Otto,22,Realme,Realme 12 Pro,568.82,€529.0,EUR,0.93,4.0,Positive,Germany,German,2023-04-22,True,3,4,4,3,5,4,AliExpress
22604,Krishna Mahajan,33,Realme,Realme 12 Pro,305.69,₹25372.27,INR,83.0,4.0,Positive,India,Hindi,2025-04-26,True,4,4,2,2,4,7,AliExpress
37028,David Walker DVM,28,Xiaomi,Poco X6,294.15,د.إ1079.53,AED,3.67,3.0,Neutral,UAE,English,2024-07-27,True,4,4,3,4,1,1,BestBuy
44394,Darren Hall,32,Samsung,Galaxy Z Flip,1034.13,A$1582.22,AUD,1.53,2.0,Negative,Australia,English,2024-08-02,True,1,1,2,1,1,3,Flipkart
